Date,Location,Latitude,Longitude,Season,RainTomorrow,RainMm,WindGustSpeed,WindGustSpeedGroup,WindGustDir,WindGustDirDegrees,WindSpeed9am,WindDir9amDegrees,WindSpeed3pm,WindDir3pmDegrees,WindSpeedChange
2016-1-1,Sydney (ERA5 grid point),-33.848858,151.19551,summer,0,0.0,34.9,Q2,ENE,69,3.7,61,15.5,78,11.8
2016-1-2,Sydney (ERA5 grid point),-33.848858,151.19551,summer,1,0.0,35.3,Q2,SE,134,3.4,72,13.7,125,10.299999999999999
2016-1-3,Sydney (ERA5 grid point),-33.848858,151.19551,summer,1,1.3,40.7,Q2,SSE,148,15.8,159,15.5,121,-0.3000000000000007
2016-1-4,Sydney (ERA5 grid point),-33.848858,151.19551,summer,1,15.6,34.2,Q2,ESE,116,9.8,107,11.6,106,1.799999999999999
2016-1-5,Sydney (ERA5 grid point),-33.848858,151.19551,summer,1,52.3,40.7,Q2,SE,127,20.0,124,17.3,135,-2.6999999999999993
2016-1-6,Sydney (ERA5 grid point),-33.848858,151.19551,summer,1,41.2,44.6,Q3,S,175,18.9,171,21.0,173,2.1000000000000014
2016-1-7,Sydney (ERA5 grid point),-33.848858,151.19551,summer,0,0.7,56.5,Q4,SSW,199,26.2,198,24.1,190,-2.099999999999998
2016-1-8,Sydney (ERA5 grid point),-33.848858,151.19551,summer,0,0.0,39.6,Q2,ESE,117,2.3,252,12.7,82,10.399999999999999
2016-1-9,Sydney (ERA5 grid point),-33.848858,151.19551,summer,0,0.0,32.0,Q1,ENE,64,5.0,339,13.6,68,8.6
2016-1-10,Sydney (ERA5 grid point),-33.848858,151.19551,summer,1,0.0,39.2,Q2,NE,50,5.2,12,16.8,62,11.600000000000001
2016-1-11,Sydney (ERA5 grid point),-33.848858,151.19551,summer,1,1.3,28.1,Q1,NNE,22,6.9,354,10.9,84,4.0
2016-1-12,Sydney (ERA5 grid point),-33.848858,151.19551,summer,0,0.6,53.6,Q4,S,171,8.4,310,23.5,157,15.1
2016-1-13,Sydney (ERA5 grid point),-33.848858,151.19551,summer,1,0.0,33.5,Q1,ENE,61,5.2,65,14.2,63,9.0
2016-1-14,Sydney (ERA5 grid point),-33.848858,151.19551,summer,1,6.5,56.5,Q4,SSW,209,10.2,321,5.8,266,-4.3999999999999995
2016-1-15,Sydney (ERA5 grid point),-33.848858,151.19551,summer,1,18.0,60.8,Q4,S,179,12.7,223,27.2,165,14.5
2016-1-16,Sydney (ERA5 grid point),-33.848858,151.19551,summer,0,0.7,42.1,Q3,SSE,160,15.2,158,18.5,143,3.3000000000000007
2016-1-17,Sydney (ERA5 grid point),-33.848858,151.19551,summer,0,0.0,28.1,Q1,SSE,155,11.4,167,11.1,119,-0.3000000000000007
2016-1-18,Sydney (ERA5 grid point),-33.848858,151.19551,summer,0,0.0,30.6,Q1,NE,49,1.6,297,10.8,64,9.200000000000001
2016-1-19,Sydney (ERA5 grid point),-33.848858,151.19551,summer,0,0.0,32.4,Q1,NNE,24,6.3,347,9.9,44,3.6000000000000005
2016-1-20,Sydney (ERA5 grid point),-33.848858,151.19551,summer,1,0.0,30.2,Q1,NNW,342,10.3,299,9.4,4,-0.9000000000000004
2016-1-21,Sydney (ERA5 grid point),-33.848858,151.19551,summer,1,14.8,36.0,Q2,NNW,346,4.8,312,13.3,52,8.5
2016-1-22,Sydney (ERA5 grid point),-33.848858,151.19551,summer,1,13.0,34.6,Q2,NNE,21,7.1,165,6.9,81,-0.1999999999999993
2016-1-23,Sydney (ERA5 grid point),-33.848858,151.19551,summer,1,4.9,45.0,Q3,S,186,13.4,194,15.2,166,1.799999999999999
2016-1-24,Sydney (ERA5 grid point),-33.848858,151.19551,summer,1,0.2,28.1,Q1,SE,141,9.4,162,9.4,113,0.0
2016-1-25,Sydney (ERA5 grid point),-33.848858,151.19551,summer,1,1.8,37.1,Q2,E,93,8.0,95,14.8,86,6.800000000000001
2016-1-26,Sydney (ERA5 grid point),-33.848858,151.19551,summer,1,4.7,36.7,Q2,E,85,9.4,58,15.5,87,6.1
2016-1-27,Sydney (ERA5 grid point),-33.848858,151.19551,summer,1,2.3,33.1,Q1,NE,50,12.5,39,13.5,46,1.0
2016-1-28,Sydney (ERA5 grid point),-33.848858,151.19551,summer,1,0.1,24.5,Q1,NE,37,4.8,333,6.9,96,2.1000000000000005
2016-1-29,Sydney (ERA5 grid point),-33.848858,151.19551,summer,1,8.0,41.0,Q2,NE,48,10.9,46,3.8,49,-7.1000000000000005
2016-1-30,Sydney (ERA5 grid point),-33.848858,151.19551,summer,0,10.6,43.9,Q3,ESE,119,6.3,149,17.2,123,10.899999999999999
2016-1-31,Sydney (ERA5 grid point),-33.848858,151.19551,summer,1,0.0,43.2,Q3,WNW,299,7.2,323,19.5,298,12.3
2016-2-1,Sydney (ERA5 grid point),-33.848858,151.19551,summer,0,2.5,34.9,Q2,WSW,242,3.2,360,6.1,270,2.8999999999999995
2016-2-2,Sydney (ERA5 grid point),-33.848858,151.19551,summer,0,0.0,35.3,Q2,S,171,8.5,216,12.6,114,4.1
2016-2-3,Sydney (ERA5 grid point),-33.848858,151.19551,summer,1,0.0,38.2,Q2,ESE,103,5.1,352,13.3,88,8.200000000000001
2016-2-4,Sydney (ERA5 grid point),-33.848858,151.19551,summer,1,1.3,61.2,Q4,S,183,24.1,194,29.6,177,5.5
2016-2-5,Sydney (ERA5 grid point),-33.848858,151.19551,summer,1,0.4,58.7,Q4,SSE,166,26.2,164,25.6,156,-0.5999999999999979
2016-2-6,Sydney (ERA5 grid point),-33.848858,151.19551,summer,1,1.4,43.9,Q3,SE,141,16.5,134,16.9,124,0.3999999999999986
2016-2-7,Sydney (ERA5 grid point),-33.848858,151.19551,summer,0,0.4,30.6,Q1,SE,140,8.9,159,11.8,110,2.9000000000000004
2016-2-8,Sydney (ERA5 grid point),-33.848858,151.19551,summer,1,0.0,31.0,Q1,SSE,165,7.1,195,11.8,117,4.700000000000001
2016-2-9,Sydney (ERA5 grid point),-33.848858,151.19551,summer,0,1.2,40.7,Q2,SSE,155,17.5,166,13.6,127,-3.9000000000000004
2016-2-10,Sydney (ERA5 grid point),-33.848858,151.19551,summer,0,0.0,37.1,Q2,NE,38,8.0,342,14.8,56,6.800000000000001
2016-2-11,Sydney (ERA5 grid point),-33.848858,151.19551,summer,1,0.0,35.3,Q2,ENE,75,5.4,70,14.5,83,9.1
2016-2-12,Sydney (ERA5 grid point),-33.848858,151.19551,summer,0,1.0,36.0,Q2,ENE,65,1.0,45,14.2,74,13.2
2016-2-13,Sydney (ERA5 grid point),-33.848858,151.19551,summer,1,0.0,35.6,Q2,NNE,33,8.2,15,14.0,55,5.800000000000001
2016-2-14,Sydney (ERA5 grid point),-33.848858,151.19551,summer,1,0.9,43.2,Q3,SE,143,5.5,337,4.6,162,-0.9000000000000004
2016-2-15,Sydney (ERA5 grid point),-33.848858,151.19551,summer,1,0.4,31.3,Q1,SSE,149,6.1,183,9.8,114,3.700000000000001
2016-2-16,Sydney (ERA5 grid point),-33.848858,151.19551,summer,1,0.5,54.0,Q4,S,169,14.3,190,22.2,138,7.899999999999999
2016-2-17,Sydney (ERA5 grid point),-33.848858,151.19551,summer,0,0.7,30.6,Q1,SSE,156,12.2,180,5.4,132,-6.799999999999999
2016-2-18,Sydney (ERA5 grid point),-33.848858,151.19551,summer,0,0.0,37.4,Q2,E,83,5.4,176,9.8,84,4.4
2016-2-19,Sydney (ERA5 grid point),-33.848858,151.19551,summer,1,0.0,36.4,Q2,NNE,33,6.8,360,10.5,68,3.7
2016-2-20,Sydney (ERA5 grid point),-33.848858,151.19551,summer,1,1.1,47.9,Q3,S,172,18.7,181,18.5,151,-0.1999999999999993
2016-2-21,Sydney (ERA5 grid point),-33.848858,151.19551,summer,0,1.1,37.8,Q2,SE,131,12.3,159,14.5,96,2.1999999999999993
2016-2-22,Sydney (ERA5 grid point),-33.848858,151.19551,summer,0,0.0,36.7,Q2,NE,48,1.3,326,14.2,63,12.899999999999999
2016-2-23,Sydney (ERA5 grid point),-33.848858,151.19551,summer,0,0.0,35.6,Q2,NE,44,4.6,18,12.7,55,8.1
2016-2-24,Sydney (ERA5 grid point),-33.848858,151.19551,summer,0,0.0,40.7,Q2,NE,41,7.2,37,13.7,60,6.499999999999999
2016-2-25,Sydney (ERA5 grid point),-33.848858,151.19551,summer,0,0.0,29.9,Q1,NNE,23,4.2,340,5.3,28,1.0999999999999996
2016-2-26,Sydney (ERA5 grid point),-33.848858,151.19551,summer,1,0.0,50.0,Q3,SSE,157,24.7,172,18.1,131,-6.599999999999998
2016-2-27,Sydney (ERA5 grid point),-33.848858,151.19551,summer,0,1.9,42.8,Q3,ESE,115,14.2,114,15.6,109,1.4000000000000004
2016-2-28,Sydney (ERA5 grid point),-33.848858,151.19551,summer,1,0.0,37.8,Q2,E,101,1.6,117,14.0,89,12.4
2016-2-29,Sydney (ERA5 grid point),-33.848858,151.19551,summer,1,0.7,34.6,Q2,SE,131,6.1,183,13.1,122,7.0
2016-3-1,Sydney (ERA5 grid point),-33.848858,151.19551,autumn,0,0.7,36.0,Q2,ENE,61,1.5,104,13.9,59,12.4
2016-3-2,Sydney (ERA5 grid point),-33.848858,151.19551,autumn,0,0.0,39.6,Q2,NE,38,7.9,16,16.6,60,8.700000000000001
2016-3-3,Sydney (ERA5 grid point),-33.848858,151.19551,autumn,0,0.0,43.2,Q3,NE,52,8.2,41,18.8,61,10.600000000000001
2016-3-4,Sydney (ERA5 grid point),-33.848858,151.19551,autumn,0,0.0,41.8,Q2,NE,53,7.1,30,18.1,67,11.000000000000002
2016-3-5,Sydney (ERA5 grid point),-33.848858,151.19551,autumn,0,0.0,37.8,Q2,NE,50,7.9,24,15.1,65,7.199999999999999
2016-3-6,Sydney (ERA5 grid point),-33.848858,151.19551,autumn,0,0.0,45.7,Q3,NE,52,7.5,17,20.0,62,12.5
2016-3-7,Sydney (ERA5 grid point),-33.848858,151.19551,autumn,0,0.0,39.6,Q2,ENE,66,3.9,56,14.8,76,10.9
2016-3-8,Sydney (ERA5 grid point),-33.848858,151.19551,autumn,0,0.0,41.0,Q2,ENE,66,6.9,47,18.0,74,11.1
2016-3-9,Sydney (ERA5 grid point),-33.848858,151.19551,autumn,0,0.0,35.3,Q2,NE,40,5.1,8,13.2,64,8.1
2016-3-10,Sydney (ERA5 grid point),-33.848858,151.19551,autumn,1,0.0,34.2,Q2,SE,126,6.8,180,14.5,136,7.7
2016-3-11,Sydney (ERA5 grid point),-33.848858,151.19551,autumn,0,0.4,40.3,Q2,ENE,61,6.4,63,7.9,66,1.5
2016-3-12,Sydney (ERA5 grid point),-33.848858,151.19551,autumn,0,0.0,36.7,Q2,ENE,67,1.9,158,15.6,75,13.7
2016-3-13,Sydney (ERA5 grid point),-33.848858,151.19551,autumn,1,0.0,36.0,Q2,ENE,60,9.0,37,15.6,71,6.6
2016-3-14,Sydney (ERA5 grid point),-33.848858,151.19551,autumn,1,4.2,37.4,Q2,SSE,168,3.5,246,15.2,158,11.7
2016-3-15,Sydney (ERA5 grid point),-33.848858,151.19551,autumn,1,2.7,45.0,Q3,S,173,13.2,169,19.6,174,6.400000000000002
2016-3-16,Sydney (ERA5 grid point),-33.848858,151.19551,autumn,1,3.8,41.0,Q2,SSE,162,14.8,167,15.0,156,0.1999999999999993
2016-3-17,Sydney (ERA5 grid point),-33.848858,151.19551,autumn,1,1.1,31.3,Q1,ENE,77,4.0,117,11.9,65,7.9
2016-3-18,Sydney (ERA5 grid point),-33.848858,151.19551,autumn,0,3.9,64.8,Q4,NW,320,13.0,354,21.4,319,8.399999999999999
2016-3-19,Sydney (ERA5 grid point),-33.848858,151.19551,autumn,1,0.0,40.0,Q2,SSW,201,13.0,222,11.9,145,-1.0999999999999996
2016-3-20,Sydney (ERA5 grid point),-33.848858,151.19551,autumn,1,3.5,42.5,Q3,S,183,15.4,191,18.4,169,2.9999999999999982
2016-3-21,Sydney (ERA5 grid point),-33.848858,151.19551,autumn,1,4.8,42.8,Q3,S,188,13.7,215,16.2,167,2.5
2016-3-22,Sydney (ERA5 grid point),-33.848858,151.19551,autumn,0,0.3,44.3,Q3,SSW,200,17.7,209,20.7,187,3.0
2016-3-23,Sydney (ERA5 grid point),-33.848858,151.19551,autumn,0,0.0,29.5,Q1,SW,215,5.2,245,9.4,90,4.2
2016-3-24,Sydney (ERA5 grid point),-33.848858,151.19551,autumn,0,0.0,36.4,Q2,NE,42,3.8,287,13.0,76,9.2
2016-3-25,Sydney (ERA5 grid point),-33.848858,151.19551,autumn,0,0.0,23.4,Q1,WNW,302,4.2,290,9.3,306,5.1000000000000005
2016-3-26,Sydney (ERA5 grid point),-33.848858,151.19551,autumn,1,0.0,35.3,Q2,ESE,112,4.2,250,12.1,80,7.8999999999999995
2016-3-27,Sydney (ERA5 grid point),-33.848858,151.19551,autumn,1,2.2,32.4,Q1,ESE,121,8.9,159,14.1,94,5.199999999999999
2016-3-28,Sydney (ERA5 grid point),-33.848858,151.19551,autumn,1,1.5,27.4,Q1,SSE,156,11.9,151,9.2,135,-2.700000000000001
2016-3-29,Sydney (ERA5 grid point),-33.848858,151.19551,autumn,1,2.5,32.4,Q1,SSW,196,13.8,171,7.3,191,-6.500000000000001
2016-3-30,Sydney (ERA5 grid point),-33.848858,151.19551,autumn,0,2.6,36.0,Q2,W,273,7.1,285,9.4,288,2.3000000000000007
2016-3-31,Sydney (ERA5 grid point),-33.848858,151.19551,autumn,0,0.0,32.8,Q1,SSW,207,10.9,236,13.5,134,2.5999999999999996
2016-4-1,Sydney (ERA5 grid point),-33.848858,151.19551,autumn,0,0.0,31.3,Q1,NNE,17,6.0,327,10.2,42,4.199999999999999
2016-4-2,Sydney (ERA5 grid point),-33.848858,151.19551,autumn,1,0.0,23.0,Q1,WSW,251,6.5,273,7.9,223,1.4000000000000004
2016-4-3,Sydney (ERA5 grid point),-33.848858,151.19551,autumn,1,3.2,34.9,Q2,SSE,150,10.8,176,12.6,121,1.799999999999999
2016-4-4,Sydney (ERA5 grid point),-33.848858,151.19551,autumn,0,4.5,32.0,Q1,SE,127,5.4,184,10.7,102,5.299999999999999
2016-4-5,Sydney (ERA5 grid point),-33.848858,151.19551,autumn,0,0.0,40.7,Q2,NNE,31,6.8,357,18.4,50,11.599999999999998
2016-4-6,Sydney (ERA5 grid point),-33.848858,151.19551,autumn,0,0.0,37.1,Q2,NNW,348,10.0,330,13.0,341,3.0
2016-4-7,Sydney (ERA5 grid point),-33.848858,151.19551,autumn,1,0.0,42.5,Q3,SSE,160,18.1,157,14.3,146,-3.8000000000000007
2016-4-8,Sydney (ERA5 grid point),-33.848858,151.19551,autumn,0,0.6,23.8,Q1,NNE,19,2.2,279,4.1,15,1.8999999999999995
2016-4-9,Sydney (ERA5 grid point),-33.848858,151.19551,autumn,0,0.0,28.8,Q1,S,184,6.8,205,13.1,122,6.3
2016-4-10,Sydney (ERA5 grid point),-33.848858,151.19551,autumn,0,0.0,18.4,Q1,WNW,297,5.0,270,1.8,323,-3.2
2016-4-11,Sydney (ERA5 grid point),-33.848858,151.19551,autumn,1,0.0,34.9,Q2,S,179,4.7,274,12.2,133,7.499999999999999
2016-4-12,Sydney (ERA5 grid point),-33.848858,151.19551,autumn,1,1.5,32.8,Q1,SSE,164,7.9,180,12.8,140,4.9
2016-4-13,Sydney (ERA5 grid point),-33.848858,151.19551,autumn,1,0.5,27.4,Q1,SSE,150,6.9,189,10.9,124,4.0
2016-4-14,Sydney (ERA5 grid point),-33.848858,151.19551,autumn,0,0.8,29.9,Q1,NE,49,2.2,189,12.6,63,10.399999999999999
2016-4-15,Sydney (ERA5 grid point),-33.848858,151.19551,autumn,0,0.0,34.9,Q2,NNE,17,3.4,342,13.2,55,9.799999999999999
2016-4-16,Sydney (ERA5 grid point),-33.848858,151.19551,autumn,1,0.0,18.4,Q1,ENE,60,3.4,302,8.1,111,4.699999999999999
2016-4-17,Sydney (ERA5 grid point),-33.848858,151.19551,autumn,1,11.3,37.8,Q2,S,179,14.7,191,17.0,163,2.3000000000000007
2016-4-18,Sydney (ERA5 grid point),-33.848858,151.19551,autumn,1,0.9,28.4,Q1,S,188,12.2,194,13.2,154,1.0
2016-4-19,Sydney (ERA5 grid point),-33.848858,151.19551,autumn,0,1.1,22.0,Q1,S,188,7.1,221,7.9,114,0.8000000000000007
2016-4-20,Sydney (ERA5 grid point),-33.848858,151.19551,autumn,0,0.0,22.3,Q1,ENE,63,3.6,264,8.7,85,5.1
2016-4-21,Sydney (ERA5 grid point),-33.848858,151.19551,autumn,1,0.0,24.8,Q1,NNE,14,2.4,297,9.8,54,7.4
2016-4-22,Sydney (ERA5 grid point),-33.848858,151.19551,autumn,1,2.9,38.2,Q2,SSW,206,6.1,225,7.7,191,1.6000000000000005
2016-4-23,Sydney (ERA5 grid point),-33.848858,151.19551,autumn,1,3.4,58.3,Q4,SSW,199,22.4,206,22.7,181,0.3000000000000007
2016-4-24,Sydney (ERA5 grid point),-33.848858,151.19551,autumn,0,1.5,41.8,Q2,SSE,165,8.9,166,14.0,138,5.1
2016-4-25,Sydney (ERA5 grid point),-33.848858,151.19551,autumn,0,0.0,19.8,Q1,SE,139,5.4,222,8.4,97,3.0
2016-4-26,Sydney (ERA5 grid point),-33.848858,151.19551,autumn,0,0.0,26.6,Q1,E,95,5.9,227,10.5,68,4.6
2016-4-27,Sydney (ERA5 grid point),-33.848858,151.19551,autumn,0,0.0,32.0,Q1,NNE,17,5.2,282,14.5,48,9.3
2016-4-28,Sydney (ERA5 grid point),-33.848858,151.19551,autumn,0,0.0,23.8,Q1,NNE,12,3.3,311,8.1,58,4.8
2016-4-29,Sydney (ERA5 grid point),-33.848858,151.19551,autumn,1,0.0,27.7,Q1,NNE,17,2.8,310,10.9,46,8.100000000000001
2016-4-30,Sydney (ERA5 grid point),-33.848858,151.19551,autumn,1,0.9,29.9,Q1,N,350,6.3,336,10.9,8,4.6000000000000005
2016-5-1,Sydney (ERA5 grid point),-33.848858,151.19551,autumn,0,0.9,51.5,Q4,NW,323,13.0,358,20.9,316,7.899999999999999
2016-5-2,Sydney (ERA5 grid point),-33.848858,151.19551,autumn,0,0.0,32.8,Q1,WNW,298,4.7,293,9.2,312,4.499999999999999
2016-5-3,Sydney (ERA5 grid point),-33.848858,151.19551,autumn,0,0.0,37.8,Q2,NW,318,8.4,317,16.9,310,8.499999999999998
2016-5-4,Sydney (ERA5 grid point),-33.848858,151.19551,autumn,0,0.0,25.9,Q1,NW,304,9.1,304,5.4,222,-3.6999999999999993
2016-5-5,Sydney (ERA5 grid point),-33.848858,151.19551,autumn,0,0.0,23.8,Q1,N,351,4.3,275,7.0,35,2.7
2016-5-6,Sydney (ERA5 grid point),-33.848858,151.19551,autumn,0,0.0,18.4,Q1,NNW,333,4.7,274,6.8,72,2.0999999999999996
2016-5-7,Sydney (ERA5 grid point),-33.848858,151.19551,autumn,1,0.0,24.8,Q1,NE,36,3.3,276,10.8,69,7.500000000000001
2016-5-8,Sydney (ERA5 grid point),-33.848858,151.19551,autumn,1,1.2,18.0,Q1,N,4,4.3,355,1.5,14,-2.8
2016-5-9,Sydney (ERA5 grid point),-33.848858,151.19551,autumn,0,5.4,52.9,Q4,N,0,11.0,19,19.5,358,8.5
2016-5-10,Sydney (ERA5 grid point),-33.848858,151.19551,autumn,0,0.0,60.8,Q4,NW,307,19.4,317,27.4,298,8.0
2016-5-11,Sydney (ERA5 grid point),-33.848858,151.19551,autumn,0,0.0,33.5,Q1,WNW,293,8.7,336,16.6,275,7.900000000000002
2016-5-12,Sydney (ERA5 grid point),-33.848858,151.19551,autumn,0,0.0,43.6,Q3,NW,312,11.9,346,19.1,273,7.200000000000001
2016-5-13,Sydney (ERA5 grid point),-33.848858,151.19551,autumn,0,0.0,19.1,Q1,NW,309,5.2,335,4.4,235,-0.7999999999999998
2016-5-14,Sydney (ERA5 grid point),-33.848858,151.19551,autumn,0,0.0,19.4,Q1,NW,322,5.5,293,4.0,10,-1.5
2016-5-15,Sydney (ERA5 grid point),-33.848858,151.19551,autumn,0,0.0,29.2,Q1,NW,315,7.5,305,12.8,302,5.300000000000001
2016-5-16,Sydney (ERA5 grid point),-33.848858,151.19551,autumn,0,0.0,25.2,Q1,N,354,3.1,291,13.2,29,10.1
2016-5-17,Sydney (ERA5 grid point),-33.848858,151.19551,autumn,0,0.0,30.2,Q1,WNW,302,9.2,329,12.8,281,3.6000000000000014
2016-5-18,Sydney (ERA5 grid point),-33.848858,151.19551,autumn,0,0.0,25.9,Q1,W,277,6.5,273,7.2,3,0.7000000000000002
2016-5-19,Sydney (ERA5 grid point),-33.848858,151.19551,autumn,0,0.0,32.8,Q1,WNW,296,9.8,343,16.3,275,6.5
2016-5-20,Sydney (ERA5 grid point),-33.848858,151.19551,autumn,0,0.0,25.2,Q1,SSW,209,5.8,274,7.3,169,1.5
2016-5-21,Sydney (ERA5 grid point),-33.848858,151.19551,autumn,0,0.0,18.0,Q1,NE,41,4.7,247,8.5,62,3.8
2016-5-22,Sydney (ERA5 grid point),-33.848858,151.19551,autumn,0,0.0,21.2,Q1,N,357,2.9,300,6.9,43,4.0
2016-5-23,Sydney (ERA5 grid point),-33.848858,151.19551,autumn,0,0.0,47.2,Q3,WNW,285,12.0,339,19.1,250,7.100000000000001
2016-5-24,Sydney (ERA5 grid point),-33.848858,151.19551,autumn,0,0.0,35.6,Q2,W,265,8.7,275,14.5,243,5.800000000000001
2016-5-25,Sydney (ERA5 grid point),-33.848858,151.19551,autumn,1,0.0,28.1,Q1,WNW,290,5.8,277,6.0,25,0.20000000000000018
2016-5-26,Sydney (ERA5 grid point),-33.848858,151.19551,autumn,0,3.9,45.4,Q3,NNW,327,14.0,360,19.8,299,5.800000000000001
2016-5-27,Sydney (ERA5 grid point),-33.848858,151.19551,autumn,1,0.0,51.8,Q4,W,268,14.8,269,26.1,263,11.3
2016-5-28,Sydney (ERA5 grid point),-33.848858,151.19551,autumn,0,0.2,46.8,Q3,W,279,9.7,318,14.7,253,5.0
2016-5-29,Sydney (ERA5 grid point),-33.848858,151.19551,autumn,0,0.0,30.2,Q1,WSW,255,10.5,266,7.1,240,-3.4000000000000004
2016-5-30,Sydney (ERA5 grid point),-33.848858,151.19551,autumn,1,0.0,22.7,Q1,WSW,239,6.9,276,5.9,169,-1.0
2016-5-31,Sydney (ERA5 grid point),-33.848858,151.19551,autumn,1,5.3,24.1,Q1,SSW,205,9.8,242,8.2,119,-1.6000000000000014
2016-6-1,Sydney (ERA5 grid point),-33.848858,151.19551,winter,1,3.9,23.4,Q1,SSW,210,6.4,243,4.7,148,-1.7000000000000002
2016-6-2,Sydney (ERA5 grid point),-33.848858,151.19551,winter,1,2.0,23.8,Q1,S,191,6.1,220,9.8,152,3.700000000000001
2016-6-3,Sydney (ERA5 grid point),-33.848858,151.19551,winter,1,0.5,19.1,Q1,S,180,7.4,227,8.8,125,1.4000000000000004
2016-6-4,Sydney (ERA5 grid point),-33.848858,151.19551,winter,1,38.8,70.6,Q4,NE,52,12.9,60,30.5,52,17.6
2016-6-5,Sydney (ERA5 grid point),-33.848858,151.19551,winter,1,85.6,92.5,Q4,E,87,25.2,68,20.4,76,-4.800000000000001
2016-6-6,Sydney (ERA5 grid point),-33.848858,151.19551,winter,1,6.9,46.8,Q3,W,278,17.3,275,19.2,264,1.8999999999999986
2016-6-7,Sydney (ERA5 grid point),-33.848858,151.19551,winter,0,0.1,38.2,Q2,WNW,301,11.1,331,15.5,283,4.4
2016-6-8,Sydney (ERA5 grid point),-33.848858,151.19551,winter,1,0.0,31.3,Q1,NW,309,10.1,305,11.3,297,1.200000000000001
2016-6-9,Sydney (ERA5 grid point),-33.848858,151.19551,winter,0,4.3,46.8,Q3,NW,325,20.1,317,18.8,315,-1.3000000000000007
2016-6-10,Sydney (ERA5 grid point),-33.848858,151.19551,winter,0,0.0,34.6,Q2,WNW,295,7.7,298,10.3,282,2.6000000000000005
2016-6-11,Sydney (ERA5 grid point),-33.848858,151.19551,winter,0,0.0,37.1,Q2,W,274,12.1,300,14.5,263,2.4000000000000004
2016-6-12,Sydney (ERA5 grid point),-33.848858,151.19551,winter,0,0.0,27.0,Q1,SW,234,11.8,243,5.4,217,-6.4
2016-6-13,Sydney (ERA5 grid point),-33.848858,151.19551,winter,0,0.0,16.2,Q1,NW,310,7.6,267,5.9,47,-1.6999999999999993
2016-6-14,Sydney (ERA5 grid point),-33.848858,151.19551,winter,0,0.0,17.6,Q1,W,277,5.4,312,3.7,281,-1.7000000000000002
2016-6-15,Sydney (ERA5 grid point),-33.848858,151.19551,winter,0,0.0,18.4,Q1,W,260,7.6,267,5.0,69,-2.5999999999999996
2016-6-16,Sydney (ERA5 grid point),-33.848858,151.19551,winter,1,0.0,24.5,Q1,NNW,329,5.4,307,8.4,10,3.0
2016-6-17,Sydney (ERA5 grid point),-33.848858,151.19551,winter,1,0.2,33.1,Q1,N,350,11.6,353,14.0,359,2.4000000000000004
2016-6-18,Sydney (ERA5 grid point),-33.848858,151.19551,winter,1,8.9,19.4,Q1,WNW,291,3.0,346,7.0,235,4.0
2016-6-19,Sydney (ERA5 grid point),-33.848858,151.19551,winter,1,28.0,41.0,Q2,SE,125,11.1,193,12.4,120,1.3000000000000007
2016-6-20,Sydney (ERA5 grid point),-33.848858,151.19551,winter,0,1.1,49.0,Q3,NW,314,9.2,329,19.2,304,10.0
2016-6-21,Sydney (ERA5 grid point),-33.848858,151.19551,winter,1,0.0,45.4,Q3,NW,311,18.2,322,17.0,302,-1.1999999999999993
2016-6-22,Sydney (ERA5 grid point),-33.848858,151.19551,winter,0,0.1,49.0,Q3,WNW,298,10.0,308,20.4,279,10.399999999999999
2016-6-23,Sydney (ERA5 grid point),-33.848858,151.19551,winter,0,0.0,41.4,Q2,NNW,338,7.8,347,15.0,318,7.2
2016-6-24,Sydney (ERA5 grid point),-33.848858,151.19551,winter,0,0.0,58.7,Q4,WNW,289,13.0,304,25.5,279,12.5
2016-6-25,Sydney (ERA5 grid point),-33.848858,151.19551,winter,0,0.0,48.6,Q3,WSW,248,15.0,253,14.1,230,-0.9000000000000004
2016-6-26,Sydney (ERA5 grid point),-33.848858,151.19551,winter,1,0.0,19.1,Q1,WNW,289,6.6,279,2.2,360,-4.3999999999999995
2016-6-27,Sydney (ERA5 grid point),-33.848858,151.19551,winter,0,5.1,34.9,Q2,W,263,8.8,289,12.3,249,3.5
2016-6-28,Sydney (ERA5 grid point),-33.848858,151.19551,winter,0,0.0,37.4,Q2,WSW,240,16.4,241,11.3,217,-5.099999999999998
2016-6-29,Sydney (ERA5 grid point),-33.848858,151.19551,winter,0,0.0,18.4,Q1,WNW,282,6.6,283,1.6,207,-5.0
2016-6-30,Sydney (ERA5 grid point),-33.848858,151.19551,winter,1,0.0,36.0,Q2,NNW,330,7.9,336,14.4,328,6.5
2016-7-1,Sydney (ERA5 grid point),-33.848858,151.19551,winter,0,0.3,54.0,Q4,W,276,3.8,319,16.4,244,12.599999999999998
2016-7-2,Sydney (ERA5 grid point),-33.848858,151.19551,winter,0,0.0,29.5,Q1,WSW,254,9.5,261,5.7,235,-3.8
2016-7-3,Sydney (ERA5 grid point),-33.848858,151.19551,winter,0,0.0,16.2,Q1,NW,310,6.4,297,4.8,347,-1.6000000000000005
2016-7-4,Sydney (ERA5 grid point),-33.848858,151.19551,winter,1,0.0,20.9,Q1,NNW,331,6.0,295,6.6,9,0.5999999999999996
2016-7-5,Sydney (ERA5 grid point),-33.848858,151.19551,winter,1,8.1,35.6,Q2,NW,305,4.6,309,14.2,324,9.6
2016-7-6,Sydney (ERA5 grid point),-33.848858,151.19551,winter,1,0.9,64.4,Q4,W,274,17.4,294,21.3,268,3.900000000000002
2016-7-7,Sydney (ERA5 grid point),-33.848858,151.19551,winter,1,2.1,54.0,Q4,SSW,211,19.1,202,19.4,202,0.29999999999999716
2016-7-8,Sydney (ERA5 grid point),-33.848858,151.19551,winter,0,19.6,27.0,Q1,SW,220,8.2,221,7.1,195,-1.0999999999999996
2016-7-9,Sydney (ERA5 grid point),-33.848858,151.19551,winter,1,0.0,28.1,Q1,SW,216,10.3,241,8.3,182,-2.0
2016-7-10,Sydney (ERA5 grid point),-33.848858,151.19551,winter,1,0.1,21.6,Q1,N,1,6.4,254,8.7,45,2.299999999999999
2016-7-11,Sydney (ERA5 grid point),-33.848858,151.19551,winter,0,0.1,51.8,Q4,NNW,342,14.4,3,21.3,326,6.9
2016-7-12,Sydney (ERA5 grid point),-33.848858,151.19551,winter,0,0.0,52.6,Q4,NW,316,16.4,308,20.6,316,4.200000000000003
2016-7-13,Sydney (ERA5 grid point),-33.848858,151.19551,winter,0,0.0,66.6,Q4,W,280,24.9,288,23.9,263,-1.0
2016-7-14,Sydney (ERA5 grid point),-33.848858,151.19551,winter,0,0.0,22.3,Q1,W,279,8.3,304,8.2,293,-0.10000000000000142
2016-7-15,Sydney (ERA5 grid point),-33.848858,151.19551,winter,0,0.0,19.1,Q1,WNW,282,6.0,295,3.2,180,-2.8
2016-7-16,Sydney (ERA5 grid point),-33.848858,151.19551,winter,0,0.0,17.3,Q1,SW,225,6.5,276,7.1,131,0.5999999999999996
2016-7-17,Sydney (ERA5 grid point),-33.848858,151.19551,winter,0,0.0,16.9,Q1,NW,304,3.7,281,6.2,21,2.5
2016-7-18,Sydney (ERA5 grid point),-33.848858,151.19551,winter,0,0.0,22.7,Q1,NW,317,6.0,303,10.7,315,4.699999999999999
2016-7-19,Sydney (ERA5 grid point),-33.848858,151.19551,winter,1,0.0,18.4,Q1,NNW,327,5.3,332,5.8,300,0.5
2016-7-20,Sydney (ERA5 grid point),-33.848858,151.19551,winter,0,31.1,24.1,Q1,SW,219,10.1,176,9.8,242,-0.29999999999999893
2016-7-21,Sydney (ERA5 grid point),-33.848858,151.19551,winter,0,0.0,25.9,Q1,WSW,248,7.5,235,4.1,308,-3.4000000000000004
2016-7-22,Sydney (ERA5 grid point),-33.848858,151.19551,winter,0,0.0,52.9,Q4,NNW,332,16.2,347,21.2,328,5.0
2016-7-23,Sydney (ERA5 grid point),-33.848858,151.19551,winter,0,0.0,65.9,Q4,W,280,22.5,282,25.3,276,2.8000000000000007
2016-7-24,Sydney (ERA5 grid point),-33.848858,151.19551,winter,0,0.0,25.9,Q1,WNW,297,8.1,291,11.9,275,3.8000000000000007
2016-7-25,Sydney (ERA5 grid point),-33.848858,151.19551,winter,0,0.0,51.1,Q4,NW,309,13.5,318,18.5,283,5.0
2016-7-26,Sydney (ERA5 grid point),-33.848858,151.19551,winter,0,0.0,26.6,Q1,NNW,332,9.7,2,10.5,297,0.8000000000000007
2016-7-27,Sydney (ERA5 grid point),-33.848858,151.19551,winter,0,0.0,53.6,Q4,WNW,296,15.0,314,21.7,265,6.699999999999999
2016-7-28,Sydney (ERA5 grid point),-33.848858,151.19551,winter,0,0.0,22.3,Q1,W,279,6.2,280,7.4,284,1.2000000000000002
2016-7-29,Sydney (ERA5 grid point),-33.848858,151.19551,winter,0,0.0,18.0,Q1,W,266,6.3,283,8.5,258,2.2
2016-7-30,Sydney (ERA5 grid point),-33.848858,151.19551,winter,0,0.0,17.3,Q1,WNW,289,5.8,277,4.4,81,-1.3999999999999995
2016-7-31,Sydney (ERA5 grid point),-33.848858,151.19551,winter,1,0.0,19.8,Q1,WNW,291,6.9,279,7.8,248,0.8999999999999995
2016-8-1,Sydney (ERA5 grid point),-33.848858,151.19551,winter,1,0.3,25.9,Q1,NW,320,3.9,304,3.4,58,-0.5
2016-8-2,Sydney (ERA5 grid point),-33.848858,151.19551,winter,1,11.7,43.6,Q3,SSW,205,7.1,225,19.6,197,12.500000000000002
2016-8-3,Sydney (ERA5 grid point),-33.848858,151.19551,winter,1,6.7,58.0,Q4,S,187,18.1,186,21.3,184,3.1999999999999993
2016-8-4,Sydney (ERA5 grid point),-33.848858,151.19551,winter,1,3.1,49.0,Q3,S,190,15.6,195,19.9,176,4.299999999999999
2016-8-5,Sydney (ERA5 grid point),-33.848858,151.19551,winter,1,0.8,39.6,Q2,SSW,211,14.3,231,12.2,204,-2.1000000000000014
2016-8-6,Sydney (ERA5 grid point),-33.848858,151.19551,winter,1,0.1,24.8,Q1,SSW,206,5.7,252,7.2,153,1.5
2016-8-7,Sydney (ERA5 grid point),-33.848858,151.19551,winter,0,0.2,18.7,Q1,SW,228,2.7,247,4.7,113,2.0
2016-8-8,Sydney (ERA5 grid point),-33.848858,151.19551,winter,0,0.0,18.7,Q1,W,279,5.1,274,1.9,112,-3.1999999999999997
2016-8-9,Sydney (ERA5 grid point),-33.848858,151.19551,winter,1,0.0,24.8,Q1,NNW,347,4.2,301,10.2,18,5.999999999999999
2016-8-10,Sydney (ERA5 grid point),-33.848858,151.19551,winter,0,0.1,45.0,Q3,NNW,340,11.0,349,12.2,332,1.1999999999999993
2016-8-11,Sydney (ERA5 grid point),-33.848858,151.19551,winter,0,0.0,41.0,Q2,W,270,9.5,299,14.8,257,5.300000000000001
2016-8-12,Sydney (ERA5 grid point),-33.848858,151.19551,winter,0,0.0,25.2,Q1,NW,314,6.0,287,8.4,10,2.4000000000000004
2016-8-13,Sydney (ERA5 grid point),-33.848858,151.19551,winter,0,0.0,28.8,Q1,W,275,8.6,272,11.3,248,2.700000000000001
2016-8-14,Sydney (ERA5 grid point),-33.848858,151.19551,winter,0,0.0,25.9,Q1,WSW,242,5.5,259,6.7,126,1.2000000000000002
2016-8-15,Sydney (ERA5 grid point),-33.848858,151.19551,winter,0,0.0,23.4,Q1,N,6,3.6,276,9.2,42,5.6
2016-8-16,Sydney (ERA5 grid point),-33.848858,151.19551,winter,0,0.0,21.2,Q1,N,1,2.8,310,9.4,43,6.6000000000000005
2016-8-17,Sydney (ERA5 grid point),-33.848858,151.19551,winter,0,0.0,25.9,Q1,NW,309,8.2,311,2.1,329,-6.1
2016-8-18,Sydney (ERA5 grid point),-33.848858,151.19551,winter,0,0.0,24.5,Q1,N,360,4.1,285,9.9,44,5.800000000000001
2016-8-19,Sydney (ERA5 grid point),-33.848858,151.19551,winter,1,0.0,53.3,Q4,NNW,347,7.3,351,20.4,343,13.099999999999998
2016-8-20,Sydney (ERA5 grid point),-33.848858,151.19551,winter,0,0.4,49.7,Q3,WNW,283,16.4,279,22.2,278,5.800000000000001
2016-8-21,Sydney (ERA5 grid point),-33.848858,151.19551,winter,1,0.0,20.5,Q1,NW,305,7.2,267,3.9,304,-3.3000000000000003
2016-8-22,Sydney (ERA5 grid point),-33.848858,151.19551,winter,0,3.0,12.6,Q1,W,279,5.1,278,6.5,304,1.4000000000000004
2016-8-23,Sydney (ERA5 grid point),-33.848858,151.19551,winter,1,0.0,40.3,Q2,SSW,210,10.8,255,12.6,177,1.799999999999999
2016-8-24,Sydney (ERA5 grid point),-33.848858,151.19551,winter,1,31.4,48.6,Q3,S,185,6.2,187,8.2,165,1.9999999999999991
2016-8-25,Sydney (ERA5 grid point),-33.848858,151.19551,winter,0,6.8,45.4,Q3,WSW,239,14.5,247,9.8,216,-4.699999999999999
2016-8-26,Sydney (ERA5 grid point),-33.848858,151.19551,winter,0,0.0,34.9,Q2,SW,216,12.5,237,12.4,172,-0.09999999999999964
2016-8-27,Sydney (ERA5 grid point),-33.848858,151.19551,winter,0,0.0,21.2,Q1,WNW,289,6.9,261,6.2,10,-0.7000000000000002
2016-8-28,Sydney (ERA5 grid point),-33.848858,151.19551,winter,0,0.0,23.0,Q1,W,277,5.6,315,5.3,208,-0.2999999999999998
2016-8-29,Sydney (ERA5 grid point),-33.848858,151.19551,winter,0,0.0,18.0,Q1,NNW,331,4.4,279,4.5,61,0.09999999999999964
2016-8-30,Sydney (ERA5 grid point),-33.848858,151.19551,winter,1,0.0,28.4,Q1,NNE,25,2.5,270,11.0,49,8.5
2016-8-31,Sydney (ERA5 grid point),-33.848858,151.19551,winter,1,5.5,44.6,Q3,NNW,345,16.2,4,14.5,333,-1.6999999999999993
2016-9-1,Sydney (ERA5 grid point),-33.848858,151.19551,spring,1,1.5,29.5,Q1,N,3,2.2,279,9.9,71,7.7
2016-9-2,Sydney (ERA5 grid point),-33.848858,151.19551,spring,1,22.0,17.3,Q1,N,351,8.1,201,4.3,132,-3.8
2016-9-3,Sydney (ERA5 grid point),-33.848858,151.19551,spring,0,1.8,76.3,Q4,WNW,302,23.0,305,26.3,268,3.3000000000000007
2016-9-4,Sydney (ERA5 grid point),-33.848858,151.19551,spring,0,0.0,32.8,Q1,W,268,8.2,285,4.8,193,-3.3999999999999995
2016-9-5,Sydney (ERA5 grid point),-33.848858,151.19551,spring,0,0.0,21.6,Q1,NNW,346,5.5,293,7.4,67,1.9000000000000004
2016-9-6,Sydney (ERA5 grid point),-33.848858,151.19551,spring,0,0.0,24.8,Q1,NNE,27,2.6,304,9.3,54,6.700000000000001
2016-9-7,Sydney (ERA5 grid point),-33.848858,151.19551,spring,0,0.0,27.7,Q1,SE,125,8.7,210,12.4,82,3.700000000000001
2016-9-8,Sydney (ERA5 grid point),-33.848858,151.19551,spring,0,0.0,34.6,Q2,NNE,33,4.2,20,14.6,50,10.399999999999999
2016-9-9,Sydney (ERA5 grid point),-33.848858,151.19551,spring,1,0.0,42.5,Q3,NNE,28,8.4,20,17.7,38,9.299999999999999
2016-9-10,Sydney (ERA5 grid point),-33.848858,151.19551,spring,0,4.1,61.9,Q4,NW,315,19.9,328,20.5,281,0.6000000000000014
2016-9-11,Sydney (ERA5 grid point),-33.848858,151.19551,spring,0,0.0,27.0,Q1,SW,228,5.2,245,7.4,104,2.2
2016-9-12,Sydney (ERA5 grid point),-33.848858,151.19551,spring,1,0.0,33.1,Q1,SSE,148,6.0,237,15.1,91,9.1
2016-9-13,Sydney (ERA5 grid point),-33.848858,151.19551,spring,1,1.2,23.4,Q1,S,179,12.2,178,7.6,188,-4.6
2016-9-14,Sydney (ERA5 grid point),-33.848858,151.19551,spring,0,6.1,40.3,Q2,NNW,344,9.4,356,17.8,324,8.4
2016-9-15,Sydney (ERA5 grid point),-33.848858,151.19551,spring,1,0.0,59.0,Q4,NW,305,23.6,309,26.4,298,2.799999999999997
2016-9-16,Sydney (ERA5 grid point),-33.848858,151.19551,spring,0,0.2,38.9,Q2,W,273,13.4,264,17.4,257,3.9999999999999982
2016-9-17,Sydney (ERA5 grid point),-33.848858,151.19551,spring,1,0.0,34.6,Q2,NNE,19,2.4,297,14.1,58,11.7
2016-9-18,Sydney (ERA5 grid point),-33.848858,151.19551,spring,0,11.1,35.3,Q2,NW,323,3.7,299,6.5,56,2.8
2016-9-19,Sydney (ERA5 grid point),-33.848858,151.19551,spring,0,0.0,46.1,Q3,WSW,255,20.3,258,13.8,231,-6.5
2016-9-20,Sydney (ERA5 grid point),-33.848858,151.19551,spring,1,0.0,29.2,Q1,NNE,27,4.6,252,9.5,61,4.9
2016-9-21,Sydney (ERA5 grid point),-33.848858,151.19551,spring,1,7.2,34.2,Q2,N,350,9.0,337,10.3,12,1.3000000000000007
2016-9-22,Sydney (ERA5 grid point),-33.848858,151.19551,spring,0,0.1,47.9,Q3,W,261,13.8,264,21.3,246,7.5
2016-9-23,Sydney (ERA5 grid point),-33.848858,151.19551,spring,0,0.0,55.8,Q4,SSW,213,18.8,227,19.6,186,0.8000000000000007
2016-9-24,Sydney (ERA5 grid point),-33.848858,151.19551,spring,1,0.0,28.4,Q1,E,87,3.5,246,11.7,81,8.2
2016-9-25,Sydney (ERA5 grid point),-33.848858,151.19551,spring,0,3.9,40.3,Q2,WSW,240,10.2,293,14.2,187,4.0
2016-9-26,Sydney (ERA5 grid point),-33.848858,151.19551,spring,1,0.0,23.8,Q1,WSW,239,8.9,249,4.1,142,-4.800000000000001
2016-9-27,Sydney (ERA5 grid point),-33.848858,151.19551,spring,0,0.5,54.4,Q4,W,275,11.8,340,27.1,245,15.3
2016-9-28,Sydney (ERA5 grid point),-33.848858,151.19551,spring,1,0.0,32.0,Q1,ENE,72,7.4,227,9.1,83,1.6999999999999993
2016-9-29,Sydney (ERA5 grid point),-33.848858,151.19551,spring,1,4.9,46.1,Q3,NNW,347,13.0,19,15.9,327,2.9000000000000004
2016-9-30,Sydney (ERA5 grid point),-33.848858,151.19551,spring,0,1.0,60.5,Q4,NW,322,17.9,332,26.0,312,8.100000000000001
2016-10-1,Sydney (ERA5 grid point),-33.848858,151.19551,spring,0,0.0,60.8,Q4,WNW,296,23.2,294,26.8,275,3.6000000000000014
2016-10-2,Sydney (ERA5 grid point),-33.848858,151.19551,spring,1,0.0,31.3,Q1,N,359,10.5,352,11.2,21,0.6999999999999993
2016-10-3,Sydney (ERA5 grid point),-33.848858,151.19551,spring,0,1.2,56.2,Q4,NW,315,23.1,337,27.4,280,4.299999999999997
2016-10-4,Sydney (ERA5 grid point),-33.848858,151.19551,spring,0,0.0,60.5,Q4,WNW,297,18.5,297,27.5,292,9.0
2016-10-5,Sydney (ERA5 grid point),-33.848858,151.19551,spring,0,0.0,52.2,Q4,W,269,16.9,269,22.3,268,5.400000000000002
2016-10-6,Sydney (ERA5 grid point),-33.848858,151.19551,spring,0,0.0,37.1,Q2,WNW,286,7.7,298,13.7,252,5.999999999999999
2016-10-7,Sydney (ERA5 grid point),-33.848858,151.19551,spring,1,0.0,45.4,Q3,WNW,301,12.2,304,15.5,282,3.3000000000000007
2016-10-8,Sydney (ERA5 grid point),-33.848858,151.19551,spring,0,0.2,50.4,Q3,S,177,18.8,183,24.6,155,5.800000000000001
2016-10-9,Sydney (ERA5 grid point),-33.848858,151.19551,spring,0,0.0,40.3,Q2,NE,42,3.6,37,17.5,37,13.9
2016-10-10,Sydney (ERA5 grid point),-33.848858,151.19551,spring,1,0.0,54.7,Q4,WNW,303,17.4,333,23.8,270,6.400000000000002
2016-10-11,Sydney (ERA5 grid point),-33.848858,151.19551,spring,0,0.5,52.2,Q4,WSW,250,20.5,260,17.9,240,-2.6000000000000014
2016-10-12,Sydney (ERA5 grid point),-33.848858,151.19551,spring,0,0.0,25.2,Q1,WSW,253,8.7,265,5.6,220,-3.0999999999999996
2016-10-13,Sydney (ERA5 grid point),-33.848858,151.19551,spring,0,0.0,54.4,Q4,S,184,22.4,191,21.5,171,-0.8999999999999986
2016-10-14,Sydney (ERA5 grid point),-33.848858,151.19551,spring,0,0.0,35.6,Q2,SSE,152,7.6,185,10.1,90,2.5
2016-10-15,Sydney (ERA5 grid point),-33.848858,151.19551,spring,0,0.0,33.1,Q1,N,356,5.7,305,12.6,13,6.8999999999999995
2016-10-16,Sydney (ERA5 grid point),-33.848858,151.19551,spring,1,0.0,48.6,Q3,N,352,15.2,355,20.3,343,5.100000000000001
2016-10-17,Sydney (ERA5 grid point),-33.848858,151.19551,spring,0,2.8,54.0,Q4,WNW,302,8.8,235,11.7,326,2.8999999999999986
2016-10-18,Sydney (ERA5 grid point),-33.848858,151.19551,spring,0,0.0,55.4,Q4,NW,310,10.3,306,25.1,283,14.8
2016-10-19,Sydney (ERA5 grid point),-33.848858,151.19551,spring,1,0.0,41.4,Q2,SW,219,9.2,249,9.7,207,0.5
2016-10-20,Sydney (ERA5 grid point),-33.848858,151.19551,spring,1,0.5,46.8,Q3,NE,50,13.1,53,22.4,53,9.299999999999999
2016-10-21,Sydney (ERA5 grid point),-33.848858,151.19551,spring,1,2.8,38.5,Q2,N,0,7.9,357,14.4,359,6.5
2016-10-22,Sydney (ERA5 grid point),-33.848858,151.19551,spring,0,7.2,40.3,Q2,SW,231,6.8,183,15.8,197,9.0
2016-10-23,Sydney (ERA5 grid point),-33.848858,151.19551,spring,0,0.0,51.5,Q4,SSW,207,19.7,211,19.6,166,-0.09999999999999787
2016-10-24,Sydney (ERA5 grid point),-33.848858,151.19551,spring,0,0.0,40.7,Q2,S,176,4.2,211,17.5,122,13.3
2016-10-25,Sydney (ERA5 grid point),-33.848858,151.19551,spring,0,0.0,23.8,Q1,NNW,333,5.0,339,8.0,27,3.0
2016-10-26,Sydney (ERA5 grid point),-33.848858,151.19551,spring,1,0.0,31.3,Q1,NW,323,5.1,321,7.9,336,2.8000000000000007
2016-10-27,Sydney (ERA5 grid point),-33.848858,151.19551,spring,1,1.0,48.6,Q3,SSE,154,16.7,155,20.7,140,4.0
2016-10-28,Sydney (ERA5 grid point),-33.848858,151.19551,spring,1,1.5,25.6,Q1,SE,140,5.1,225,8.3,85,3.200000000000001
2016-10-29,Sydney (ERA5 grid point),-33.848858,151.19551,spring,1,1.9,45.0,Q3,ENE,57,6.1,3,19.5,62,13.4
2016-10-30,Sydney (ERA5 grid point),-33.848858,151.19551,spring,0,5.0,58.0,Q4,N,356,12.0,16,18.1,347,6.100000000000001
2016-10-31,Sydney (ERA5 grid point),-33.848858,151.19551,spring,0,0.0,33.5,Q1,SW,230,13.4,207,11.2,225,-2.200000000000001
2016-11-1,Sydney (ERA5 grid point),-33.848858,151.19551,spring,0,0.0,37.4,Q2,SW,218,8.6,237,7.2,87,-1.3999999999999995
2016-11-2,Sydney (ERA5 grid point),-33.848858,151.19551,spring,0,0.0,34.2,Q2,NE,52,9.7,243,9.0,90,-0.6999999999999993
2016-11-3,Sydney (ERA5 grid point),-33.848858,151.19551,spring,0,0.0,38.2,Q2,ENE,77,1.8,259,9.4,67,7.6000000000000005
2016-11-4,Sydney (ERA5 grid point),-33.848858,151.19551,spring,0,0.0,29.5,Q1,WNW,293,11.5,290,11.0,281,-0.5
2016-11-5,Sydney (ERA5 grid point),-33.848858,151.19551,spring,0,0.0,56.5,Q4,W,275,23.5,245,22.8,254,-0.6999999999999993
2016-11-6,Sydney (ERA5 grid point),-33.848858,151.19551,spring,0,0.0,39.6,Q2,WNW,290,16.0,261,6.9,174,-9.1
2016-11-7,Sydney (ERA5 grid point),-33.848858,151.19551,spring,0,0.0,41.4,Q2,NNW,332,7.9,313,10.7,340,2.799999999999999
2016-11-8,Sydney (ERA5 grid point),-33.848858,151.19551,spring,1,0.0,38.9,Q2,SE,143,3.8,287,18.1,157,14.3
2016-11-9,Sydney (ERA5 grid point),-33.848858,151.19551,spring,1,6.6,36.4,Q2,SSE,152,8.5,168,12.9,126,4.4
2016-11-10,Sydney (ERA5 grid point),-33.848858,151.19551,spring,0,0.6,33.8,Q1,ESE,104,1.8,191,9.8,84,8.0
2016-11-11,Sydney (ERA5 grid point),-33.848858,151.19551,spring,1,0.0,41.8,Q2,E,97,4.5,151,16.8,81,12.3
2016-11-12,Sydney (ERA5 grid point),-33.848858,151.19551,spring,0,11.5,49.3,Q3,NNW,331,15.8,330,19.2,287,3.3999999999999986
2016-11-13,Sydney (ERA5 grid point),-33.848858,151.19551,spring,1,0.0,60.1,Q4,WNW,291,9.2,301,29.4,289,20.2
2016-11-14,Sydney (ERA5 grid point),-33.848858,151.19551,spring,0,2.2,48.2,Q3,SW,226,17.3,234,18.7,157,1.3999999999999986
2016-11-15,Sydney (ERA5 grid point),-33.848858,151.19551,spring,0,0.0,38.2,Q2,SSE,149,7.6,183,15.4,101,7.800000000000001
2016-11-16,Sydney (ERA5 grid point),-33.848858,151.19551,spring,0,0.0,38.5,Q2,SE,141,8.8,161,16.8,133,8.0
2016-11-17,Sydney (ERA5 grid point),-33.848858,151.19551,spring,0,0.0,39.6,Q2,ENE,57,3.8,41,15.8,66,12.0
2016-11-18,Sydney (ERA5 grid point),-33.848858,151.19551,spring,0,0.0,33.5,Q1,NNE,20,8.7,308,11.5,70,2.8000000000000007
2016-11-19,Sydney (ERA5 grid point),-33.848858,151.19551,spring,0,0.0,37.1,Q2,SE,144,15.6,154,13.2,137,-2.4000000000000004
2016-11-20,Sydney (ERA5 grid point),-33.848858,151.19551,spring,1,0.0,38.9,Q2,ENE,73,8.4,40,15.0,73,6.6
2016-11-21,Sydney (ERA5 grid point),-33.848858,151.19551,spring,0,0.5,36.7,Q2,NE,39,6.0,25,13.8,62,7.800000000000001
2016-11-22,Sydney (ERA5 grid point),-33.848858,151.19551,spring,1,0.0,39.6,Q2,NE,39,6.8,342,16.9,66,10.099999999999998
2016-11-23,Sydney (ERA5 grid point),-33.848858,151.19551,spring,0,0.9,54.0,Q4,SSE,163,3.7,11,20.2,179,16.5
2016-11-24,Sydney (ERA5 grid point),-33.848858,151.19551,spring,0,0.0,43.2,Q3,S,184,14.2,210,17.3,126,3.1000000000000014
2016-11-25,Sydney (ERA5 grid point),-33.848858,151.19551,spring,0,0.0,49.3,Q3,ESE,114,7.6,245,18.1,107,10.500000000000002
2016-11-26,Sydney (ERA5 grid point),-33.848858,151.19551,spring,1,0.0,43.9,Q3,E,79,7.4,29,18.2,65,10.799999999999999
2016-11-27,Sydney (ERA5 grid point),-33.848858,151.19551,spring,0,2.5,43.2,Q3,ESE,108,13.5,115,18.0,92,4.5
2016-11-28,Sydney (ERA5 grid point),-33.848858,151.19551,spring,1,0.0,38.9,Q2,NE,49,4.6,39,14.1,75,9.5
2016-11-29,Sydney (ERA5 grid point),-33.848858,151.19551,spring,0,0.2,46.8,Q3,SSE,154,7.6,180,18.7,142,11.1
2016-11-30,Sydney (ERA5 grid point),-33.848858,151.19551,spring,0,0.0,38.9,Q2,ENE,66,7.2,53,14.9,70,7.7
2016-12-1,Sydney (ERA5 grid point),-33.848858,151.19551,summer,0,0.0,38.5,Q2,NNE,33,5.8,270,14.6,70,8.8
2016-12-2,Sydney (ERA5 grid point),-33.848858,151.19551,summer,0,0.0,46.8,Q3,WSW,249,7.3,259,11.3,261,4.000000000000001
2016-12-3,Sydney (ERA5 grid point),-33.848858,151.19551,summer,0,0.0,40.3,Q2,SE,130,9.0,151,16.6,94,7.600000000000001
2016-12-4,Sydney (ERA5 grid point),-33.848858,151.19551,summer,1,0.0,41.0,Q2,ENE,70,6.9,28,17.4,72,10.499999999999998
2016-12-5,Sydney (ERA5 grid point),-33.848858,151.19551,summer,1,0.8,33.8,Q1,S,172,6.2,339,9.7,231,3.499999999999999
2016-12-6,Sydney (ERA5 grid point),-33.848858,151.19551,summer,1,8.8,35.6,Q2,SSE,166,4.5,166,4.2,149,-0.2999999999999998
2016-12-7,Sydney (ERA5 grid point),-33.848858,151.19551,summer,1,3.0,41.0,Q2,E,92,10.2,129,16.3,68,6.100000000000001
2016-12-8,Sydney (ERA5 grid point),-33.848858,151.19551,summer,0,0.1,45.0,Q3,N,10,7.6,25,16.7,33,9.1
2016-12-9,Sydney (ERA5 grid point),-33.848858,151.19551,summer,1,0.0,56.2,Q4,WSW,237,23.4,260,12.8,230,-10.599999999999998
2016-12-10,Sydney (ERA5 grid point),-33.848858,151.19551,summer,1,0.9,45.7,Q3,ENE,77,7.1,66,18.2,76,11.1
2016-12-11,Sydney (ERA5 grid point),-33.848858,151.19551,summer,1,0.1,41.0,Q2,E,79,6.4,47,17.0,94,10.6
2016-12-12,Sydney (ERA5 grid point),-33.848858,151.19551,summer,0,0.2,41.8,Q2,NE,56,5.5,11,19.1,74,13.600000000000001
2016-12-13,Sydney (ERA5 grid point),-33.848858,151.19551,summer,1,0.0,47.9,Q3,NW,318,16.5,302,13.0,298,-3.5
2016-12-14,Sydney (ERA5 grid point),-33.848858,151.19551,summer,1,2.1,58.3,Q4,WNW,291,23.3,321,14.6,254,-8.700000000000001
2016-12-15,Sydney (ERA5 grid point),-33.848858,151.19551,summer,1,7.7,36.0,Q2,SE,144,12.4,154,15.3,137,2.9000000000000004
2016-12-16,Sydney (ERA5 grid point),-33.848858,151.19551,summer,0,23.4,38.9,Q2,SSE,166,6.6,193,2.7,337,-3.8999999999999995
2016-12-17,Sydney (ERA5 grid point),-33.848858,151.19551,summer,1,0.0,57.2,Q4,W,277,12.5,288,16.9,281,4.399999999999999
2016-12-18,Sydney (ERA5 grid point),-33.848858,151.19551,summer,1,1.8,58.7,Q4,SSE,149,14.2,144,17.1,139,2.900000000000002
2016-12-19,Sydney (ERA5 grid point),-33.848858,151.19551,summer,0,0.7,42.8,Q3,NE,56,12.0,44,17.2,57,5.199999999999999
2016-12-20,Sydney (ERA5 grid point),-33.848858,151.19551,summer,1,0.0,41.8,Q2,N,349,9.4,356,9.7,358,0.29999999999999893
2016-12-21,Sydney (ERA5 grid point),-33.848858,151.19551,summer,1,0.1,53.6,Q4,SE,137,5.9,142,21.5,125,15.6
2016-12-22,Sydney (ERA5 grid point),-33.848858,151.19551,summer,0,0.3,31.7,Q1,E,83,7.9,74,13.1,74,5.199999999999999
2016-12-23,Sydney (ERA5 grid point),-33.848858,151.19551,summer,1,0.0,43.9,Q3,NE,49,13.5,42,16.9,61,3.3999999999999986
2016-12-24,Sydney (ERA5 grid point),-33.848858,151.19551,summer,1,0.1,32.0,Q1,ENE,64,2.8,130,13.0,95,10.2
2016-12-25,Sydney (ERA5 grid point),-33.848858,151.19551,summer,0,0.6,45.7,Q3,NE,53,9.4,47,17.7,66,8.299999999999999
2016-12-26,Sydney (ERA5 grid point),-33.848858,151.19551,summer,0,0.0,43.9,Q3,NE,39,5.4,4,18.5,53,13.1
2016-12-27,Sydney (ERA5 grid point),-33.848858,151.19551,summer,0,0.0,33.5,Q1,E,97,11.3,153,12.8,112,1.5
2016-12-28,Sydney (ERA5 grid point),-33.848858,151.19551,summer,0,0.0,47.2,Q3,NE,51,4.1,52,17.7,61,13.6
2016-12-29,Sydney (ERA5 grid point),-33.848858,151.19551,summer,1,0.0,33.8,Q1,N,355,14.6,280,5.1,86,-9.5
2016-12-30,Sydney (ERA5 grid point),-33.848858,151.19551,summer,1,0.1,46.1,Q3,NNW,328,3.3,311,14.9,307,11.600000000000001
2016-12-31,Sydney (ERA5 grid point),-33.848858,151.19551,summer,1,0.1,47.2,Q3,SE,136,12.7,165,19.0,127,6.300000000000001
2017-1-1,Sydney (ERA5 grid point),-33.848858,151.19551,summer,1,1.0,32.8,Q1,ENE,72,4.9,73,14.9,58,10.0
2017-1-2,Sydney (ERA5 grid point),-33.848858,151.19551,summer,1,2.2,59.0,Q4,S,171,27.7,171,24.0,154,-3.6999999999999993
2017-1-3,Sydney (ERA5 grid point),-33.848858,151.19551,summer,1,3.9,61.6,Q4,S,171,28.5,183,25.9,164,-2.6000000000000014
2017-1-4,Sydney (ERA5 grid point),-33.848858,151.19551,summer,1,2.2,39.6,Q2,ESE,118,16.9,117,17.3,126,0.40000000000000213
2017-1-5,Sydney (ERA5 grid point),-33.848858,151.19551,summer,1,1.7,34.2,Q2,ENE,72,9.7,45,14.5,83,4.800000000000001
2017-1-6,Sydney (ERA5 grid point),-33.848858,151.19551,summer,1,0.4,41.4,Q2,ENE,73,10.5,84,18.6,81,8.100000000000001
2017-1-7,Sydney (ERA5 grid point),-33.848858,151.19551,summer,0,1.2,48.2,Q3,NE,56,14.5,71,21.2,55,6.699999999999999
2017-1-8,Sydney (ERA5 grid point),-33.848858,151.19551,summer,0,0.0,55.4,Q4,NNE,33,11.8,27,25.2,46,13.399999999999999
2017-1-9,Sydney (ERA5 grid point),-33.848858,151.19551,summer,1,0.0,38.5,Q2,ENE,68,7.9,129,17.4,52,9.499999999999998
2017-1-10,Sydney (ERA5 grid point),-33.848858,151.19551,summer,0,0.1,33.5,Q1,NE,42,7.6,19,9.4,58,1.8000000000000007
2017-1-11,Sydney (ERA5 grid point),-33.848858,151.19551,summer,1,0.0,76.0,Q4,SSW,196,8.7,287,10.0,69,1.3000000000000007
2017-1-12,Sydney (ERA5 grid point),-33.848858,151.19551,summer,0,0.8,42.1,Q3,ESE,116,10.1,125,18.4,96,8.299999999999999
2017-1-13,Sydney (ERA5 grid point),-33.848858,151.19551,summer,1,0.0,59.0,Q4,NNE,33,15.0,21,24.5,50,9.5
2017-1-14,Sydney (ERA5 grid point),-33.848858,151.19551,summer,1,0.4,46.4,Q3,SE,146,16.5,290,15.5,126,-1.0
2017-1-15,Sydney (ERA5 grid point),-33.848858,151.19551,summer,0,2.2,43.6,Q3,E,100,16.4,116,17.2,101,0.8000000000000007
2017-1-16,Sydney (ERA5 grid point),-33.848858,151.19551,summer,0,0.0,56.9,Q4,NE,37,16.0,31,26.8,49,10.8
2017-1-17,Sydney (ERA5 grid point),-33.848858,151.19551,summer,0,0.0,43.2,Q3,NNE,20,7.2,360,15.5,25,8.3
2017-1-18,Sydney (ERA5 grid point),-33.848858,151.19551,summer,1,0.0,68.8,Q4,S,181,25.0,293,31.7,151,6.699999999999999
2017-1-19,Sydney (ERA5 grid point),-33.848858,151.19551,summer,1,0.9,41.0,Q2,E,85,15.5,102,18.5,63,3.0
2017-1-20,Sydney (ERA5 grid point),-33.848858,151.19551,summer,1,19.3,62.6,Q4,N,353,20.9,19,26.8,345,5.900000000000002
2017-1-21,Sydney (ERA5 grid point),-33.848858,151.19551,summer,0,0.2,58.3,Q4,S,174,18.1,187,19.1,158,1.0
2017-1-22,Sydney (ERA5 grid point),-33.848858,151.19551,summer,0,0.0,50.4,Q3,ENE,67,5.7,108,19.7,59,14.0
2017-1-23,Sydney (ERA5 grid point),-33.848858,151.19551,summer,1,0.0,58.0,Q4,NNE,32,17.1,25,25.7,44,8.599999999999998
2017-1-24,Sydney (ERA5 grid point),-33.848858,151.19551,summer,1,1.4,69.1,Q4,WSW,253,24.9,301,12.9,234,-11.999999999999998
2017-1-25,Sydney (ERA5 grid point),-33.848858,151.19551,summer,0,6.8,37.8,Q2,SSE,148,14.1,177,7.6,115,-6.5
2017-1-26,Sydney (ERA5 grid point),-33.848858,151.19551,summer,1,0.0,37.8,Q2,S,170,13.7,175,15.7,160,2.0
2017-1-27,Sydney (ERA5 grid point),-33.848858,151.19551,summer,0,0.1,37.4,Q2,SE,136,15.7,160,13.6,112,-2.0999999999999996
2017-1-28,Sydney (ERA5 grid point),-33.848858,151.19551,summer,0,0.0,45.0,Q3,NNE,29,12.3,32,20.4,41,8.099999999999998
2017-1-29,Sydney (ERA5 grid point),-33.848858,151.19551,summer,0,0.0,44.3,Q3,SSE,148,15.5,168,15.5,136,0.0
2017-1-30,Sydney (ERA5 grid point),-33.848858,151.19551,summer,0,0.0,45.0,Q3,NNE,25,12.1,17,20.9,49,8.799999999999999
2017-1-31,Sydney (ERA5 grid point),-33.848858,151.19551,summer,1,0.0,66.2,Q4,S,189,11.9,284,29.9,165,18.0
2017-2-1,Sydney (ERA5 grid point),-33.848858,151.19551,summer,1,1.3,37.1,Q2,SSE,154,10.9,163,9.4,133,-1.5
2017-2-2,Sydney (ERA5 grid point),-33.848858,151.19551,summer,1,3.4,56.5,Q4,SSE,158,24.8,189,18.4,141,-6.400000000000002
2017-2-3,Sydney (ERA5 grid point),-33.848858,151.19551,summer,1,0.5,36.0,Q2,ENE,61,11.2,50,15.3,66,4.100000000000001
2017-2-4,Sydney (ERA5 grid point),-33.848858,151.19551,summer,1,0.5,36.0,Q2,NE,55,12.7,47,14.9,75,2.200000000000001
2017-2-5,Sydney (ERA5 grid point),-33.848858,151.19551,summer,1,0.1,41.4,Q2,N,5,7.2,342,20.9,49,13.7
2017-2-6,Sydney (ERA5 grid point),-33.848858,151.19551,summer,1,0.5,55.4,Q4,S,174,15.5,176,22.5,153,7.0
2017-2-7,Sydney (ERA5 grid point),-33.848858,151.19551,summer,1,14.3,64.1,Q4,S,180,27.8,193,16.4,189,-11.400000000000002
2017-2-8,Sydney (ERA5 grid point),-33.848858,151.19551,summer,0,3.7,51.5,Q4,E,86,18.4,93,25.0,78,6.600000000000001
2017-2-9,Sydney (ERA5 grid point),-33.848858,151.19551,summer,0,0.0,52.9,Q4,NNE,30,14.5,6,24.5,41,10.0
2017-2-10,Sydney (ERA5 grid point),-33.848858,151.19551,summer,0,0.0,43.2,Q3,ENE,64,5.4,290,13.2,29,7.799999999999999
2017-2-11,Sydney (ERA5 grid point),-33.848858,151.19551,summer,1,0.0,60.5,Q4,SE,128,9.6,340,15.3,39,5.700000000000001
2017-2-12,Sydney (ERA5 grid point),-33.848858,151.19551,summer,1,0.6,70.9,Q4,S,175,6.8,360,33.3,167,26.499999999999996
2017-2-13,Sydney (ERA5 grid point),-33.848858,151.19551,summer,1,0.3,42.8,Q3,SSE,159,12.5,219,19.2,128,6.699999999999999
2017-2-14,Sydney (ERA5 grid point),-33.848858,151.19551,summer,1,13.2,53.6,Q4,SE,138,17.3,138,25.7,149,8.399999999999999
2017-2-15,Sydney (ERA5 grid point),-33.848858,151.19551,summer,0,1.0,43.9,Q3,NE,56,6.7,164,19.8,61,13.100000000000001
2017-2-16,Sydney (ERA5 grid point),-33.848858,151.19551,summer,1,0.0,46.4,Q3,NNE,32,3.7,11,18.6,46,14.900000000000002
2017-2-17,Sydney (ERA5 grid point),-33.848858,151.19551,summer,1,4.9,56.9,Q4,NNE,14,8.6,358,17.8,21,9.200000000000001
2017-2-18,Sydney (ERA5 grid point),-33.848858,151.19551,summer,1,29.6,48.2,Q3,SSE,164,15.6,157,12.9,157,-2.6999999999999993
2017-2-19,Sydney (ERA5 grid point),-33.848858,151.19551,summer,0,6.7,43.2,Q3,SSW,196,15.8,204,14.8,91,-1.0
2017-2-20,Sydney (ERA5 grid point),-33.848858,151.19551,summer,1,0.0,45.0,Q3,W,273,21.3,264,12.3,249,-9.0
2017-2-21,Sydney (ERA5 grid point),-33.848858,151.19551,summer,0,0.2,45.0,Q3,ENE,64,3.8,221,19.2,82,15.399999999999999
2017-2-22,Sydney (ERA5 grid point),-33.848858,151.19551,summer,0,0.0,56.2,Q4,NE,36,17.6,26,24.8,57,7.199999999999999
2017-2-23,Sydney (ERA5 grid point),-33.848858,151.19551,summer,1,0.0,47.5,Q3,NNE,30,11.5,20,21.4,45,9.899999999999999
2017-2-24,Sydney (ERA5 grid point),-33.848858,151.19551,summer,1,0.7,37.8,Q2,SSE,151,17.1,172,15.3,137,-1.8000000000000007
2017-2-25,Sydney (ERA5 grid point),-33.848858,151.19551,summer,1,9.7,55.4,Q4,SSE,167,27.8,161,23.9,175,-3.900000000000002
2017-2-26,Sydney (ERA5 grid point),-33.848858,151.19551,summer,1,16.9,51.1,Q4,SSE,157,22.8,159,23.2,168,0.3999999999999986
2017-2-27,Sydney (ERA5 grid point),-33.848858,151.19551,summer,1,4.6,47.9,Q3,SE,140,19.7,128,21.3,152,1.6000000000000014
2017-2-28,Sydney (ERA5 grid point),-33.848858,151.19551,summer,1,6.7,40.0,Q2,E,100,9.6,77,16.7,96,7.1
2017-3-1,Sydney (ERA5 grid point),-33.848858,151.19551,autumn,1,10.6,33.8,Q1,SE,132,6.1,118,12.1,157,6.0
2017-3-2,Sydney (ERA5 grid point),-33.848858,151.19551,autumn,1,5.5,29.5,Q1,ESE,114,5.8,176,13.1,69,7.3
2017-3-3,Sydney (ERA5 grid point),-33.848858,151.19551,autumn,1,15.1,44.6,Q3,SSE,151,15.7,169,21.8,142,6.100000000000001
2017-3-4,Sydney (ERA5 grid point),-33.848858,151.19551,autumn,1,8.0,65.9,Q4,S,178,25.8,153,24.9,178,-0.9000000000000021
2017-3-5,Sydney (ERA5 grid point),-33.848858,151.19551,autumn,1,6.8,54.7,Q4,SW,226,15.9,257,25.4,198,9.499999999999998
2017-3-6,Sydney (ERA5 grid point),-33.848858,151.19551,autumn,1,0.4,77.0,Q4,SSW,203,30.7,202,36.2,190,5.5000000000000036
2017-3-7,Sydney (ERA5 grid point),-33.848858,151.19551,autumn,1,4.1,64.1,Q4,S,188,28.9,197,28.5,183,-0.3999999999999986
2017-3-8,Sydney (ERA5 grid point),-33.848858,151.19551,autumn,1,3.7,45.7,Q3,SSE,156,18.3,148,20.6,153,2.3000000000000007
2017-3-9,Sydney (ERA5 grid point),-33.848858,151.19551,autumn,0,1.1,45.7,Q3,SSE,168,19.7,162,20.5,170,0.8000000000000007
2017-3-10,Sydney (ERA5 grid point),-33.848858,151.19551,autumn,0,0.0,53.3,Q4,SSW,195,15.7,217,26.0,170,10.3
2017-3-11,Sydney (ERA5 grid point),-33.848858,151.19551,autumn,0,0.0,34.9,Q2,SSW,193,9.7,211,12.8,130,3.1000000000000014
2017-3-12,Sydney (ERA5 grid point),-33.848858,151.19551,autumn,1,0.0,49.7,Q3,NNE,32,11.6,26,21.7,50,10.1
2017-3-13,Sydney (ERA5 grid point),-33.848858,151.19551,autumn,1,20.4,45.0,Q3,ENE,76,11.1,324,22.0,69,10.9
2017-3-14,Sydney (ERA5 grid point),-33.848858,151.19551,autumn,1,50.8,43.9,Q3,E,83,14.5,97,17.9,81,3.3999999999999986
2017-3-15,Sydney (ERA5 grid point),-33.848858,151.19551,autumn,1,10.4,55.1,Q4,ENE,65,15.9,77,23.1,67,7.200000000000001
2017-3-16,Sydney (ERA5 grid point),-33.848858,151.19551,autumn,1,21.6,68.0,Q4,ENE,60,20.4,21,15.0,69,-5.399999999999999
2017-3-17,Sydney (ERA5 grid point),-33.848858,151.19551,autumn,1,9.7,87.1,Q4,SSW,192,39.9,195,43.3,189,3.3999999999999986
2017-3-18,Sydney (ERA5 grid point),-33.848858,151.19551,autumn,1,19.9,61.6,Q4,SE,129,23.3,128,23.8,129,0.5
2017-3-19,Sydney (ERA5 grid point),-33.848858,151.19551,autumn,1,9.3,54.7,Q4,ENE,67,17.7,33,24.9,53,7.199999999999999
2017-3-20,Sydney (ERA5 grid point),-33.848858,151.19551,autumn,1,0.5,42.1,Q3,NE,34,12.7,25,20.0,39,7.300000000000001
2017-3-21,Sydney (ERA5 grid point),-33.848858,151.19551,autumn,1,2.0,36.7,Q2,NNE,27,12.1,12,8.0,36,-4.1
2017-3-22,Sydney (ERA5 grid point),-33.848858,151.19551,autumn,1,7.0,42.1,Q3,SSW,210,7.9,317,17.3,176,9.4
2017-3-23,Sydney (ERA5 grid point),-33.848858,151.19551,autumn,1,6.1,48.2,Q3,S,188,20.5,204,12.1,170,-8.4
2017-3-24,Sydney (ERA5 grid point),-33.848858,151.19551,autumn,0,3.5,42.8,Q3,SSE,155,15.8,159,18.3,135,2.5
2017-3-25,Sydney (ERA5 grid point),-33.848858,151.19551,autumn,1,0.0,36.4,Q2,NNE,32,5.9,14,17.6,43,11.700000000000001
2017-3-26,Sydney (ERA5 grid point),-33.848858,151.19551,autumn,0,0.1,32.8,Q1,NE,43,5.8,263,15.0,73,9.2
2017-3-27,Sydney (ERA5 grid point),-33.848858,151.19551,autumn,0,0.0,45.0,Q3,NNE,24,8.7,5,20.6,44,11.900000000000002
2017-3-28,Sydney (ERA5 grid point),-33.848858,151.19551,autumn,0,0.0,51.8,Q4,S,182,16.6,193,12.9,157,-3.700000000000001
2017-3-29,Sydney (ERA5 grid point),-33.848858,151.19551,autumn,1,0.0,38.5,Q2,N,11,11.2,4,16.6,56,5.400000000000002
2017-3-30,Sydney (ERA5 grid point),-33.848858,151.19551,autumn,1,25.3,79.2,Q4,S,191,17.6,165,30.6,182,13.0
2017-3-31,Sydney (ERA5 grid point),-33.848858,151.19551,autumn,1,0.5,63.0,Q4,SSW,193,24.8,206,29.2,181,4.399999999999999
2017-4-1,Sydney (ERA5 grid point),-33.848858,151.19551,autumn,1,0.2,36.7,Q2,SSW,192,8.8,258,13.0,95,4.199999999999999
2017-4-2,Sydney (ERA5 grid point),-33.848858,151.19551,autumn,1,3.1,54.4,Q4,S,179,19.6,186,25.9,166,6.299999999999997
2017-4-3,Sydney (ERA5 grid point),-33.848858,151.19551,autumn,1,26.3,47.2,Q3,S,182,19.2,150,23.9,173,4.699999999999999
2017-4-4,Sydney (ERA5 grid point),-33.848858,151.19551,autumn,1,21.3,43.9,Q3,SSE,160,15.8,180,18.7,150,2.8999999999999986
2017-4-5,Sydney (ERA5 grid point),-33.848858,151.19551,autumn,1,0.2,36.0,Q2,SE,139,13.4,149,16.4,123,2.9999999999999982
2017-4-6,Sydney (ERA5 grid point),-33.848858,151.19551,autumn,0,0.5,22.3,Q1,E,84,1.1,252,9.2,135,8.1
2017-4-7,Sydney (ERA5 grid point),-33.848858,151.19551,autumn,1,0.0,30.6,Q1,ENE,67,4.7,238,14.1,94,9.399999999999999
2017-4-8,Sydney (ERA5 grid point),-33.848858,151.19551,autumn,1,0.1,37.1,Q2,N,11,5.8,277,17.7,52,11.899999999999999
2017-4-9,Sydney (ERA5 grid point),-33.848858,151.19551,autumn,1,3.2,59.0,Q4,NW,325,9.0,344,13.4,6,4.4
2017-4-10,Sydney (ERA5 grid point),-33.848858,151.19551,autumn,1,1.1,60.8,Q4,WNW,284,25.4,302,20.9,267,-4.5
2017-4-11,Sydney (ERA5 grid point),-33.848858,151.19551,autumn,1,2.6,55.1,Q4,SW,218,17.6,244,27.5,191,9.899999999999999
2017-4-12,Sydney (ERA5 grid point),-33.848858,151.19551,autumn,1,5.0,49.3,Q3,SSW,195,21.9,194,22.7,176,0.8000000000000007
2017-4-13,Sydney (ERA5 grid point),-33.848858,151.19551,autumn,0,1.2,42.1,Q3,SSW,202,14.0,209,19.6,173,5.600000000000001
2017-4-14,Sydney (ERA5 grid point),-33.848858,151.19551,autumn,1,0.0,30.2,Q1,WSW,243,9.7,268,14.0,151,4.300000000000001
2017-4-15,Sydney (ERA5 grid point),-33.848858,151.19551,autumn,0,0.8,34.6,Q2,SSE,157,9.4,187,13.5,119,4.1
2017-4-16,Sydney (ERA5 grid point),-33.848858,151.19551,autumn,1,0.0,29.9,Q1,WSW,248,6.6,292,3.9,34,-2.6999999999999997
2017-4-17,Sydney (ERA5 grid point),-33.848858,151.19551,autumn,1,0.7,26.6,Q1,S,187,6.6,221,12.4,126,5.800000000000001
2017-4-18,Sydney (ERA5 grid point),-33.848858,151.19551,autumn,1,0.4,28.8,Q1,SE,131,4.3,265,13.1,111,8.8
2017-4-19,Sydney (ERA5 grid point),-33.848858,151.19551,autumn,1,5.2,33.5,Q1,SSE,148,12.4,158,12.3,130,-0.09999999999999964
2017-4-20,Sydney (ERA5 grid point),-33.848858,151.19551,autumn,1,1.1,34.2,Q2,NNE,28,2.8,320,16.6,60,13.8
2017-4-21,Sydney (ERA5 grid point),-33.848858,151.19551,autumn,0,0.5,27.7,Q1,N,10,5.4,270,11.6,68,6.199999999999999
2017-4-22,Sydney (ERA5 grid point),-33.848858,151.19551,autumn,1,0.0,29.5,Q1,N,11,6.9,28,7.6,82,0.6999999999999993
2017-4-23,Sydney (ERA5 grid point),-33.848858,151.19551,autumn,1,0.9,24.1,Q1,WSW,239,4.7,293,6.9,141,2.2
2017-4-24,Sydney (ERA5 grid point),-33.848858,151.19551,autumn,1,0.7,28.1,Q1,N,350,5.3,298,11.1,65,5.8
2017-4-25,Sydney (ERA5 grid point),-33.848858,151.19551,autumn,1,1.5,52.2,Q4,NNW,346,12.2,2,15.0,336,2.8000000000000007
2017-4-26,Sydney (ERA5 grid point),-33.848858,151.19551,autumn,1,0.1,55.8,Q4,W,281,15.0,287,24.1,270,9.100000000000001
2017-4-27,Sydney (ERA5 grid point),-33.848858,151.19551,autumn,0,0.4,46.8,Q3,SW,225,17.3,253,21.0,192,3.6999999999999993
2017-4-28,Sydney (ERA5 grid point),-33.848858,151.19551,autumn,0,0.0,44.3,Q3,SW,225,12.7,245,12.1,168,-0.5999999999999996
2017-4-29,Sydney (ERA5 grid point),-33.848858,151.19551,autumn,0,0.0,36.4,Q2,WSW,250,17.3,270,8.7,142,-8.600000000000001
2017-4-30,Sydney (ERA5 grid point),-33.848858,151.19551,autumn,0,0.0,31.0,Q1,SW,215,8.8,235,10.7,147,1.8999999999999986
2017-5-1,Sydney (ERA5 grid point),-33.848858,151.19551,autumn,0,0.0,31.7,Q1,NW,326,7.1,311,11.9,3,4.800000000000001
2017-5-2,Sydney (ERA5 grid point),-33.848858,151.19551,autumn,1,0.0,40.3,Q2,WSW,246,9.1,252,12.1,233,3.0
2017-5-3,Sydney (ERA5 grid point),-33.848858,151.19551,autumn,1,2.6,47.5,Q3,S,179,23.6,173,19.1,169,-4.5
2017-5-4,Sydney (ERA5 grid point),-33.848858,151.19551,autumn,1,0.1,24.8,Q1,ESE,120,5.6,225,10.0,120,4.4
2017-5-5,Sydney (ERA5 grid point),-33.848858,151.19551,autumn,0,0.2,31.7,Q1,N,350,6.3,283,15.3,63,9.0
2017-5-6,Sydney (ERA5 grid point),-33.848858,151.19551,autumn,0,0.0,29.9,Q1,NNW,334,6.4,313,14.2,30,7.799999999999999
2017-5-7,Sydney (ERA5 grid point),-33.848858,151.19551,autumn,1,0.0,53.3,Q4,WSW,250,26.9,247,14.3,133,-12.599999999999998
2017-5-8,Sydney (ERA5 grid point),-33.848858,151.19551,autumn,1,0.2,38.5,Q2,SW,221,8.3,268,15.6,173,7.299999999999999
2017-5-9,Sydney (ERA5 grid point),-33.848858,151.19551,autumn,0,0.2,40.7,Q2,SSW,204,8.4,245,18.8,173,10.4
2017-5-10,Sydney (ERA5 grid point),-33.848858,151.19551,autumn,0,0.0,28.1,Q1,WSW,242,12.3,275,13.0,146,0.6999999999999993
2017-5-11,Sydney (ERA5 grid point),-33.848858,151.19551,autumn,1,0.0,39.2,Q2,SW,233,12.4,280,17.5,172,5.1
2017-5-12,Sydney (ERA5 grid point),-33.848858,151.19551,autumn,1,0.7,27.4,Q1,SW,214,5.7,235,10.2,162,4.499999999999999
2017-5-13,Sydney (ERA5 grid point),-33.848858,151.19551,autumn,1,0.9,28.8,Q1,N,353,5.2,282,13.1,37,7.8999999999999995
2017-5-14,Sydney (ERA5 grid point),-33.848858,151.19551,autumn,1,4.4,29.9,Q1,SSW,193,8.9,212,13.1,148,4.199999999999999
2017-5-15,Sydney (ERA5 grid point),-33.848858,151.19551,autumn,0,0.5,49.3,Q3,SW,216,18.5,213,19.7,195,1.1999999999999993
2017-5-16,Sydney (ERA5 grid point),-33.848858,151.19551,autumn,0,0.0,37.4,Q2,WSW,245,13.8,263,17.9,155,4.099999999999998
2017-5-17,Sydney (ERA5 grid point),-33.848858,151.19551,autumn,1,0.0,25.9,Q1,NW,324,9.3,286,12.0,99,2.6999999999999993
2017-5-18,Sydney (ERA5 grid point),-33.848858,151.19551,autumn,1,1.4,29.2,Q1,NE,38,6.0,295,13.1,69,7.1
2017-5-19,Sydney (ERA5 grid point),-33.848858,151.19551,autumn,1,10.5,40.7,Q2,NE,41,19.6,46,17.6,41,-2.0
2017-5-20,Sydney (ERA5 grid point),-33.848858,151.19551,autumn,0,7.2,39.2,Q2,NNW,348,10.4,340,7.4,284,-3.0
2017-5-21,Sydney (ERA5 grid point),-33.848858,151.19551,autumn,1,0.0,27.7,Q1,SW,234,12.6,268,12.9,153,0.3000000000000007
2017-5-22,Sydney (ERA5 grid point),-33.848858,151.19551,autumn,0,0.6,20.5,Q1,NW,311,7.8,283,7.6,95,-0.20000000000000018
2017-5-23,Sydney (ERA5 grid point),-33.848858,151.19551,autumn,1,0.0,26.6,Q1,N,3,4.7,274,13.0,56,8.3
2017-5-24,Sydney (ERA5 grid point),-33.848858,151.19551,autumn,0,1.1,38.5,Q2,W,268,10.3,282,19.6,250,9.3
2017-5-25,Sydney (ERA5 grid point),-33.848858,151.19551,autumn,0,0.0,28.1,Q1,W,274,13.4,265,1.9,112,-11.5
2017-5-26,Sydney (ERA5 grid point),-33.848858,151.19551,autumn,1,0.0,30.6,Q1,SW,230,13.3,257,11.6,158,-1.700000000000001
2017-5-27,Sydney (ERA5 grid point),-33.848858,151.19551,autumn,0,0.1,23.4,Q1,NW,326,9.3,283,4.3,66,-5.000000000000001
2017-5-28,Sydney (ERA5 grid point),-33.848858,151.19551,autumn,0,0.0,39.2,Q2,NW,320,13.3,327,14.0,325,0.6999999999999993
2017-5-29,Sydney (ERA5 grid point),-33.848858,151.19551,autumn,0,0.0,51.1,Q4,W,269,25.4,263,13.4,243,-11.999999999999998
2017-5-30,Sydney (ERA5 grid point),-33.848858,151.19551,autumn,0,0.0,37.8,Q2,W,275,14.5,277,11.7,281,-2.8000000000000007
2017-5-31,Sydney (ERA5 grid point),-33.848858,151.19551,autumn,0,0.0,52.2,Q4,SW,219,12.8,232,24.5,200,11.7
2017-6-1,Sydney (ERA5 grid point),-33.848858,151.19551,winter,0,0.0,43.9,Q3,SW,233,13.7,267,21.3,191,7.600000000000001
2017-6-2,Sydney (ERA5 grid point),-33.848858,151.19551,winter,1,0.0,48.6,Q3,SW,223,11.5,250,24.7,193,13.2
2017-6-3,Sydney (ERA5 grid point),-33.848858,151.19551,winter,1,1.0,47.5,Q3,SSW,210,12.2,236,22.9,187,10.7
2017-6-4,Sydney (ERA5 grid point),-33.848858,151.19551,winter,0,0.7,27.7,Q1,SW,227,11.3,279,10.9,174,-0.40000000000000036
2017-6-5,Sydney (ERA5 grid point),-33.848858,151.19551,winter,1,0.0,27.0,Q1,WNW,284,11.3,279,5.1,278,-6.200000000000001
2017-6-6,Sydney (ERA5 grid point),-33.848858,151.19551,winter,1,4.4,54.0,Q4,WSW,253,11.9,273,13.1,201,1.1999999999999993
2017-6-7,Sydney (ERA5 grid point),-33.848858,151.19551,winter,1,23.9,68.0,Q4,SSW,201,29.1,211,24.9,194,-4.200000000000003
2017-6-8,Sydney (ERA5 grid point),-33.848858,151.19551,winter,1,7.3,46.8,Q3,S,186,15.0,170,21.3,192,6.300000000000001
2017-6-9,Sydney (ERA5 grid point),-33.848858,151.19551,winter,1,7.2,43.9,Q3,S,183,18.9,201,22.0,181,3.1000000000000014
2017-6-10,Sydney (ERA5 grid point),-33.848858,151.19551,winter,1,15.1,36.0,Q2,SSE,156,16.3,166,12.3,165,-4.0
2017-6-11,Sydney (ERA5 grid point),-33.848858,151.19551,winter,0,1.9,26.6,Q1,W,264,6.9,261,4.1,45,-2.8000000000000007
2017-6-12,Sydney (ERA5 grid point),-33.848858,151.19551,winter,1,0.0,28.8,Q1,WSW,243,10.9,279,12.8,170,1.9000000000000004
2017-6-13,Sydney (ERA5 grid point),-33.848858,151.19551,winter,1,0.1,46.1,Q3,SSW,193,10.2,190,20.9,178,10.7
2017-6-14,Sydney (ERA5 grid point),-33.848858,151.19551,winter,1,0.7,23.4,Q1,SW,228,10.0,257,7.1,135,-2.9000000000000004
2017-6-15,Sydney (ERA5 grid point),-33.848858,151.19551,winter,1,0.4,23.8,Q1,NW,310,10.7,284,5.0,21,-5.699999999999999
2017-6-16,Sydney (ERA5 grid point),-33.848858,151.19551,winter,1,0.2,23.4,Q1,SW,225,7.4,223,11.2,174,3.799999999999999
2017-6-17,Sydney (ERA5 grid point),-33.848858,151.19551,winter,1,3.2,28.4,Q1,SSW,204,7.5,197,14.3,190,6.800000000000001
2017-6-18,Sydney (ERA5 grid point),-33.848858,151.19551,winter,1,1.3,61.2,Q4,SSW,203,17.0,216,27.0,190,10.0
2017-6-19,Sydney (ERA5 grid point),-33.848858,151.19551,winter,1,0.6,42.8,Q3,SSW,194,14.7,211,19.5,184,4.800000000000001
2017-6-20,Sydney (ERA5 grid point),-33.848858,151.19551,winter,1,2.7,23.0,Q1,SW,215,7.7,233,9.2,154,1.4999999999999991
2017-6-21,Sydney (ERA5 grid point),-33.848858,151.19551,winter,0,0.6,44.6,Q3,SW,230,11.3,277,19.9,175,8.599999999999998
2017-6-22,Sydney (ERA5 grid point),-33.848858,151.19551,winter,0,0.0,23.8,Q1,WSW,258,9.5,259,7.4,166,-2.0999999999999996
2017-6-23,Sydney (ERA5 grid point),-33.848858,151.19551,winter,0,0.0,24.8,Q1,WNW,292,9.9,280,10.2,312,0.29999999999999893
2017-6-24,Sydney (ERA5 grid point),-33.848858,151.19551,winter,0,0.0,36.7,Q2,W,270,10.4,270,10.0,255,-0.40000000000000036
2017-6-25,Sydney (ERA5 grid point),-33.848858,151.19551,winter,0,0.0,31.0,Q1,W,271,11.1,283,9.3,242,-1.799999999999999
2017-6-26,Sydney (ERA5 grid point),-33.848858,151.19551,winter,0,0.0,33.5,Q1,W,271,14.8,276,2.5,172,-12.3
2017-6-27,Sydney (ERA5 grid point),-33.848858,151.19551,winter,1,0.0,27.7,Q1,W,281,10.6,288,4.0,153,-6.6
2017-6-28,Sydney (ERA5 grid point),-33.848858,151.19551,winter,0,1.3,22.0,Q1,WNW,285,6.0,287,8.4,277,2.4000000000000004
2017-6-29,Sydney (ERA5 grid point),-33.848858,151.19551,winter,0,0.0,36.4,Q2,W,272,11.9,273,5.4,278,-6.5
2017-6-30,Sydney (ERA5 grid point),-33.848858,151.19551,winter,0,0.0,41.4,Q2,WSW,238,19.1,250,18.8,175,-0.3000000000000007
2017-7-1,Sydney (ERA5 grid point),-33.848858,151.19551,winter,0,0.0,37.4,Q2,WSW,245,13.8,277,17.6,180,3.8000000000000007
2017-7-2,Sydney (ERA5 grid point),-33.848858,151.19551,winter,1,0.0,25.6,Q1,WNW,302,11.3,287,6.3,66,-5.000000000000001
2017-7-3,Sydney (ERA5 grid point),-33.848858,151.19551,winter,0,0.7,40.7,Q2,NNW,332,9.6,290,6.4,16,-3.1999999999999993
2017-7-4,Sydney (ERA5 grid point),-33.848858,151.19551,winter,0,0.0,39.2,Q2,NNW,334,11.3,353,12.2,304,0.8999999999999986
2017-7-5,Sydney (ERA5 grid point),-33.848858,151.19551,winter,0,0.0,40.3,Q2,NW,308,16.1,326,15.5,292,-0.6000000000000014
2017-7-6,Sydney (ERA5 grid point),-33.848858,151.19551,winter,0,0.0,33.1,Q1,WNW,285,14.1,274,8.2,285,-5.9
2017-7-7,Sydney (ERA5 grid point),-33.848858,151.19551,winter,0,0.0,27.7,Q1,WNW,293,10.4,314,13.3,289,2.9000000000000004
2017-7-8,Sydney (ERA5 grid point),-33.848858,151.19551,winter,0,0.0,26.6,Q1,WNW,284,10.5,297,6.2,306,-4.3
2017-7-9,Sydney (ERA5 grid point),-33.848858,151.19551,winter,0,0.0,30.2,Q1,WNW,293,11.8,297,8.3,272,-3.5
2017-7-10,Sydney (ERA5 grid point),-33.848858,151.19551,winter,1,0.0,32.8,Q1,W,268,8.1,283,14.4,248,6.300000000000001
2017-7-11,Sydney (ERA5 grid point),-33.848858,151.19551,winter,1,0.3,41.0,Q2,SW,220,14.8,267,19.8,181,5.0
2017-7-12,Sydney (ERA5 grid point),-33.848858,151.19551,winter,1,7.0,41.4,Q2,SSW,205,11.4,235,19.9,184,8.499999999999998
2017-7-13,Sydney (ERA5 grid point),-33.848858,151.19551,winter,1,0.9,32.8,Q1,NNW,335,9.4,293,10.8,360,1.4000000000000004
2017-7-14,Sydney (ERA5 grid point),-33.848858,151.19551,winter,1,0.1,29.9,Q1,NW,324,10.2,328,10.8,330,0.6000000000000014
2017-7-15,Sydney (ERA5 grid point),-33.848858,151.19551,winter,0,1.8,24.8,Q1,WNW,283,10.6,260,5.0,300,-5.6
2017-7-16,Sydney (ERA5 grid point),-33.848858,151.19551,winter,0,0.0,26.3,Q1,WNW,301,11.3,279,4.9,73,-6.4
2017-7-17,Sydney (ERA5 grid point),-33.848858,151.19551,winter,0,0.0,24.8,Q1,NW,313,9.3,298,7.2,297,-2.1000000000000005
2017-7-18,Sydney (ERA5 grid point),-33.848858,151.19551,winter,1,0.0,50.8,Q3,NW,315,15.3,326,22.7,318,7.399999999999999
2017-7-19,Sydney (ERA5 grid point),-33.848858,151.19551,winter,0,0.1,58.7,Q4,W,267,19.6,296,28.7,248,9.099999999999998
2017-7-20,Sydney (ERA5 grid point),-33.848858,151.19551,winter,0,0.0,60.5,Q4,WSW,257,22.0,255,30.1,253,8.100000000000001
2017-7-21,Sydney (ERA5 grid point),-33.848858,151.19551,winter,0,0.0,43.6,Q3,WSW,239,18.6,260,18.1,193,-0.5
2017-7-22,Sydney (ERA5 grid point),-33.848858,151.19551,winter,0,0.0,27.4,Q1,WNW,293,11.0,281,6.4,308,-4.6
2017-7-23,Sydney (ERA5 grid point),-33.848858,151.19551,winter,0,0.0,40.0,Q2,NW,308,15.3,297,17.6,301,2.3000000000000007
2017-7-24,Sydney (ERA5 grid point),-33.848858,151.19551,winter,0,0.0,43.2,Q3,W,267,17.7,268,18.2,236,0.5
2017-7-25,Sydney (ERA5 grid point),-33.848858,151.19551,winter,0,0.0,33.8,Q1,WNW,302,12.4,292,9.1,304,-3.3000000000000007
2017-7-26,Sydney (ERA5 grid point),-33.848858,151.19551,winter,0,0.0,58.7,Q4,W,277,21.3,296,24.1,253,2.8000000000000007
2017-7-27,Sydney (ERA5 grid point),-33.848858,151.19551,winter,1,0.0,37.1,Q2,NW,309,10.4,284,8.2,75,-2.200000000000001
2017-7-28,Sydney (ERA5 grid point),-33.848858,151.19551,winter,0,2.0,60.5,Q4,W,280,9.1,288,26.7,249,17.6
2017-7-29,Sydney (ERA5 grid point),-33.848858,151.19551,winter,1,0.0,27.7,Q1,NW,305,11.8,282,9.0,5,-2.8000000000000007
2017-7-30,Sydney (ERA5 grid point),-33.848858,151.19551,winter,1,0.1,49.0,Q3,NNW,331,21.7,348,11.7,304,-10.0
2017-7-31,Sydney (ERA5 grid point),-33.848858,151.19551,winter,0,14.2,42.8,Q3,WSW,247,8.8,251,22.7,234,13.899999999999999
2017-8-1,Sydney (ERA5 grid point),-33.848858,151.19551,winter,0,0.0,50.0,Q3,SW,226,16.2,257,23.1,169,6.900000000000002
2017-8-2,Sydney (ERA5 grid point),-33.848858,151.19551,winter,1,0.0,43.6,Q3,SW,221,10.9,264,21.6,177,10.700000000000001
2017-8-3,Sydney (ERA5 grid point),-33.848858,151.19551,winter,0,9.9,37.8,Q2,N,1,9.0,286,10.8,86,1.8000000000000007
2017-8-4,Sydney (ERA5 grid point),-33.848858,151.19551,winter,0,0.0,55.1,Q4,NW,307,21.1,317,24.5,287,3.3999999999999986
2017-8-5,Sydney (ERA5 grid point),-33.848858,151.19551,winter,0,0.0,45.7,Q3,NW,312,19.8,323,17.1,292,-2.6999999999999993
2017-8-6,Sydney (ERA5 grid point),-33.848858,151.19551,winter,0,0.0,52.2,Q4,NNW,341,18.9,352,23.6,326,4.700000000000003
2017-8-7,Sydney (ERA5 grid point),-33.848858,151.19551,winter,0,0.0,62.3,Q4,NW,308,17.6,319,29.0,287,11.399999999999999
2017-8-8,Sydney (ERA5 grid point),-33.848858,151.19551,winter,0,0.0,50.0,Q3,W,263,23.5,265,15.6,247,-7.9
2017-8-9,Sydney (ERA5 grid point),-33.848858,151.19551,winter,0,0.0,43.6,Q3,W,270,20.2,266,9.3,126,-10.899999999999999
2017-8-10,Sydney (ERA5 grid point),-33.848858,151.19551,winter,0,0.0,35.3,Q2,NW,317,8.2,299,12.0,314,3.8000000000000007
2017-8-11,Sydney (ERA5 grid point),-33.848858,151.19551,winter,0,0.0,37.8,Q2,WNW,298,7.8,326,19.4,260,11.599999999999998
2017-8-12,Sydney (ERA5 grid point),-33.848858,151.19551,winter,0,0.0,41.4,Q2,WNW,282,15.0,297,8.2,299,-6.800000000000001
2017-8-13,Sydney (ERA5 grid point),-33.848858,151.19551,winter,0,0.0,43.9,Q3,W,262,17.3,258,13.7,117,-3.6000000000000014
2017-8-14,Sydney (ERA5 grid point),-33.848858,151.19551,winter,1,0.0,27.0,Q1,WNW,296,11.2,276,6.7,306,-4.499999999999999
2017-8-15,Sydney (ERA5 grid point),-33.848858,151.19551,winter,0,1.0,43.9,Q3,NNW,344,10.9,326,15.5,5,4.6
2017-8-16,Sydney (ERA5 grid point),-33.848858,151.19551,winter,0,0.0,63.0,Q4,WNW,303,22.0,271,30.2,282,8.2
2017-8-17,Sydney (ERA5 grid point),-33.848858,151.19551,winter,0,0.0,50.8,Q3,NW,311,13.4,346,25.5,283,12.1
2017-8-18,Sydney (ERA5 grid point),-33.848858,151.19551,winter,0,0.0,94.0,Q4,W,270,39.2,271,46.7,264,7.5
2017-8-19,Sydney (ERA5 grid point),-33.848858,151.19551,winter,1,0.0,63.7,Q4,SW,222,28.4,248,30.9,187,2.5
2017-8-20,Sydney (ERA5 grid point),-33.848858,151.19551,winter,1,0.2,48.2,Q3,SSW,211,13.7,235,20.2,182,6.5
2017-8-21,Sydney (ERA5 grid point),-33.848858,151.19551,winter,0,2.1,26.3,Q1,NW,314,5.1,309,10.1,2,5.0
2017-8-22,Sydney (ERA5 grid point),-33.848858,151.19551,winter,1,0.0,32.8,Q1,W,275,9.0,272,14.1,128,5.1
2017-8-23,Sydney (ERA5 grid point),-33.848858,151.19551,winter,1,0.7,31.0,Q1,N,358,4.7,293,14.2,63,9.5
2017-8-24,Sydney (ERA5 grid point),-33.848858,151.19551,winter,1,0.5,64.8,Q4,SSW,202,13.6,248,31.0,179,17.4
2017-8-25,Sydney (ERA5 grid point),-33.848858,151.19551,winter,0,0.5,56.5,Q4,SSW,197,20.8,206,25.9,180,5.099999999999998
2017-8-26,Sydney (ERA5 grid point),-33.848858,151.19551,winter,1,0.0,33.1,Q1,NW,304,10.9,279,14.1,87,3.1999999999999993
2017-8-27,Sydney (ERA5 grid point),-33.848858,151.19551,winter,0,1.3,61.6,Q4,WSW,241,20.6,245,22.7,179,2.099999999999998
2017-8-28,Sydney (ERA5 grid point),-33.848858,151.19551,winter,1,0.0,64.4,Q4,SSW,209,22.7,216,31.7,182,9.0
2017-8-29,Sydney (ERA5 grid point),-33.848858,151.19551,winter,0,0.3,32.0,Q1,WNW,283,8.4,263,12.8,112,4.4
2017-8-30,Sydney (ERA5 grid point),-33.848858,151.19551,winter,0,0.0,46.4,Q3,SSW,211,14.1,255,17.0,167,2.9000000000000004
2017-8-31,Sydney (ERA5 grid point),-33.848858,151.19551,winter,0,0.0,63.4,Q4,SSW,204,19.0,209,31.1,186,12.100000000000001
2017-9-1,Sydney (ERA5 grid point),-33.848858,151.19551,spring,0,0.0,40.3,Q2,SW,216,9.8,253,13.2,154,3.3999999999999986
2017-9-2,Sydney (ERA5 grid point),-33.848858,151.19551,spring,0,0.0,32.4,Q1,N,352,6.4,286,14.5,63,8.1
2017-9-3,Sydney (ERA5 grid point),-33.848858,151.19551,spring,0,0.0,47.2,Q3,NNW,332,10.6,342,22.7,349,12.1
2017-9-4,Sydney (ERA5 grid point),-33.848858,151.19551,spring,0,0.0,56.9,Q4,WNW,289,17.3,312,26.8,276,9.5
2017-9-5,Sydney (ERA5 grid point),-33.848858,151.19551,spring,0,0.0,56.2,Q4,WNW,302,18.7,286,27.0,280,8.3
2017-9-6,Sydney (ERA5 grid point),-33.848858,151.19551,spring,0,0.0,51.8,Q4,WNW,283,14.9,263,22.9,251,7.999999999999998
2017-9-7,Sydney (ERA5 grid point),-33.848858,151.19551,spring,0,0.0,59.4,Q4,W,271,29.3,264,23.0,253,-6.300000000000001
2017-9-8,Sydney (ERA5 grid point),-33.848858,151.19551,spring,0,0.0,61.6,Q4,W,263,30.2,262,29.9,252,-0.3000000000000007
2017-9-9,Sydney (ERA5 grid point),-33.848858,151.19551,spring,0,0.0,48.6,Q3,SW,222,18.3,248,22.1,134,3.8000000000000007
2017-9-10,Sydney (ERA5 grid point),-33.848858,151.19551,spring,0,0.0,38.9,Q2,SSW,197,8.4,245,16.0,113,7.6
2017-9-11,Sydney (ERA5 grid point),-33.848858,151.19551,spring,0,0.0,32.8,Q1,NNW,336,6.8,288,12.1,60,5.3
2017-9-12,Sydney (ERA5 grid point),-33.848858,151.19551,spring,0,0.0,28.4,Q1,NW,325,9.4,313,11.1,25,1.6999999999999993
2017-9-13,Sydney (ERA5 grid point),-33.848858,151.19551,spring,1,0.0,56.2,Q4,NW,310,26.7,333,24.9,288,-1.8000000000000007
2017-9-14,Sydney (ERA5 grid point),-33.848858,151.19551,spring,0,5.3,69.8,Q4,WSW,253,26.0,253,31.7,251,5.699999999999999
2017-9-15,Sydney (ERA5 grid point),-33.848858,151.19551,spring,1,0.0,59.4,Q4,W,271,29.6,267,21.4,257,-8.200000000000003
2017-9-16,Sydney (ERA5 grid point),-33.848858,151.19551,spring,0,0.2,60.5,Q4,WSW,258,15.2,338,20.5,236,5.300000000000001
2017-9-17,Sydney (ERA5 grid point),-33.848858,151.19551,spring,0,0.0,37.1,Q2,SW,230,9.0,254,12.1,117,3.0999999999999996
2017-9-18,Sydney (ERA5 grid point),-33.848858,151.19551,spring,0,0.0,43.6,Q3,N,9,6.9,351,21.0,55,14.1
2017-9-19,Sydney (ERA5 grid point),-33.848858,151.19551,spring,1,0.0,60.8,Q4,W,265,18.4,242,26.8,248,8.400000000000002
2017-9-20,Sydney (ERA5 grid point),-33.848858,151.19551,spring,0,0.1,36.0,Q2,NNW,337,6.9,264,15.6,83,8.7
2017-9-21,Sydney (ERA5 grid point),-33.848858,151.19551,spring,0,0.0,41.0,Q2,NNE,20,2.7,337,18.2,52,15.5
2017-9-22,Sydney (ERA5 grid point),-33.848858,151.19551,spring,0,0.0,40.7,Q2,N,5,6.9,309,16.1,56,9.200000000000001
2017-9-23,Sydney (ERA5 grid point),-33.848858,151.19551,spring,0,0.0,49.0,Q3,N,355,11.4,336,23.1,21,11.700000000000001
2017-9-24,Sydney (ERA5 grid point),-33.848858,151.19551,spring,0,0.0,59.0,Q4,WNW,292,14.8,264,25.3,259,10.5
2017-9-25,Sydney (ERA5 grid point),-33.848858,151.19551,spring,0,0.0,60.1,Q4,WNW,283,11.6,286,30.0,284,18.4
2017-9-26,Sydney (ERA5 grid point),-33.848858,151.19551,spring,0,0.0,45.4,Q3,S,169,14.7,248,20.5,124,5.800000000000001
2017-9-27,Sydney (ERA5 grid point),-33.848858,151.19551,spring,0,0.0,57.2,Q4,NE,37,17.6,26,28.3,41,10.7
2017-9-28,Sydney (ERA5 grid point),-33.848858,151.19551,spring,0,0.0,53.3,Q4,WNW,284,13.1,262,26.1,288,13.000000000000002
2017-9-29,Sydney (ERA5 grid point),-33.848858,151.19551,spring,0,0.0,41.0,Q2,W,276,15.1,273,16.8,279,1.700000000000001
2017-9-30,Sydney (ERA5 grid point),-33.848858,151.19551,spring,0,0.0,53.6,Q4,WSW,255,21.6,266,24.0,246,2.3999999999999986
2017-10-1,Sydney (ERA5 grid point),-33.848858,151.19551,spring,1,0.0,43.2,Q3,NNE,32,7.6,265,20.1,69,12.500000000000002
2017-10-2,Sydney (ERA5 grid point),-33.848858,151.19551,spring,1,0.5,47.5,Q3,ENE,58,17.9,60,20.0,62,2.1000000000000014
2017-10-3,Sydney (ERA5 grid point),-33.848858,151.19551,spring,0,0.7,47.5,Q3,NNE,26,4.2,340,22.8,55,18.6
2017-10-4,Sydney (ERA5 grid point),-33.848858,151.19551,spring,0,0.0,40.0,Q2,S,169,17.7,174,13.3,142,-4.399999999999999
2017-10-5,Sydney (ERA5 grid point),-33.848858,151.19551,spring,1,0.0,43.2,Q3,NE,35,11.2,6,18.8,58,7.600000000000001
2017-10-6,Sydney (ERA5 grid point),-33.848858,151.19551,spring,0,0.1,49.3,Q3,S,187,15.7,189,18.1,163,2.400000000000002
2017-10-7,Sydney (ERA5 grid point),-33.848858,151.19551,spring,1,0.0,46.1,Q3,S,178,18.0,179,20.1,153,2.1000000000000014
2017-10-8,Sydney (ERA5 grid point),-33.848858,151.19551,spring,1,1.0,35.3,Q2,NNE,16,5.4,356,16.0,36,10.6
2017-10-9,Sydney (ERA5 grid point),-33.848858,151.19551,spring,1,0.2,61.9,Q4,WSW,238,7.3,281,9.8,264,2.500000000000001
2017-10-10,Sydney (ERA5 grid point),-33.848858,151.19551,spring,1,0.6,47.2,Q3,ESE,102,12.4,126,16.6,77,4.200000000000001
2017-10-11,Sydney (ERA5 grid point),-33.848858,151.19551,spring,1,1.5,47.2,Q3,NE,39,22.2,42,11.7,47,-10.5
2017-10-12,Sydney (ERA5 grid point),-33.848858,151.19551,spring,1,0.9,51.8,Q4,WSW,247,14.1,267,21.6,154,7.500000000000002
2017-10-13,Sydney (ERA5 grid point),-33.848858,151.19551,spring,1,0.2,47.9,Q3,NE,52,4.7,238,22.4,60,17.7
2017-10-14,Sydney (ERA5 grid point),-33.848858,151.19551,spring,1,1.6,59.4,Q4,SSE,150,29.0,157,24.6,141,-4.399999999999999
2017-10-15,Sydney (ERA5 grid point),-33.848858,151.19551,spring,1,0.1,37.1,Q2,E,101,13.1,127,15.0,100,1.9000000000000004
2017-10-16,Sydney (ERA5 grid point),-33.848858,151.19551,spring,0,0.1,37.1,Q2,ENE,74,12.6,88,16.0,98,3.4000000000000004
2017-10-17,Sydney (ERA5 grid point),-33.848858,151.19551,spring,1,0.0,49.7,Q3,NE,43,16.9,50,23.6,59,6.700000000000003
2017-10-18,Sydney (ERA5 grid point),-33.848858,151.19551,spring,0,0.2,59.8,Q4,NE,41,22.9,45,27.6,49,4.700000000000003
2017-10-19,Sydney (ERA5 grid point),-33.848858,151.19551,spring,1,0.0,55.8,Q4,NNE,28,12.7,25,27.3,41,14.600000000000001
2017-10-20,Sydney (ERA5 grid point),-33.848858,151.19551,spring,1,15.6,57.6,Q4,S,177,20.9,183,23.4,177,2.5
2017-10-21,Sydney (ERA5 grid point),-33.848858,151.19551,spring,1,0.5,51.8,Q4,S,177,22.4,186,17.3,163,-5.099999999999998
2017-10-22,Sydney (ERA5 grid point),-33.848858,151.19551,spring,1,6.9,33.8,Q1,SSE,168,1.8,233,11.8,121,10.0
2017-10-23,Sydney (ERA5 grid point),-33.848858,151.19551,spring,0,0.8,37.8,Q2,SSE,160,15.2,176,15.8,135,0.6000000000000014
2017-10-24,Sydney (ERA5 grid point),-33.848858,151.19551,spring,1,0.0,46.1,Q3,NNE,21,6.6,351,22.0,40,15.4
2017-10-25,Sydney (ERA5 grid point),-33.848858,151.19551,spring,1,1.0,41.8,Q2,W,272,7.1,330,10.0,38,2.9000000000000004
2017-10-26,Sydney (ERA5 grid point),-33.848858,151.19551,spring,1,4.7,43.9,Q3,S,173,13.0,175,18.8,154,5.800000000000001
2017-10-27,Sydney (ERA5 grid point),-33.848858,151.19551,spring,0,1.9,56.9,Q4,SSW,200,28.2,184,18.0,178,-10.2
2017-10-28,Sydney (ERA5 grid point),-33.848858,151.19551,spring,1,0.0,38.2,Q2,NNE,19,7.1,15,17.7,39,10.6
2017-10-29,Sydney (ERA5 grid point),-33.848858,151.19551,spring,1,0.1,44.6,Q3,N,8,13.3,327,21.6,53,8.3
2017-10-30,Sydney (ERA5 grid point),-33.848858,151.19551,spring,1,1.4,56.5,Q4,W,265,17.3,339,21.6,266,4.300000000000001
2017-10-31,Sydney (ERA5 grid point),-33.848858,151.19551,spring,0,2.3,60.1,Q4,SSW,200,19.8,237,26.3,183,6.5
2017-11-1,Sydney (ERA5 grid point),-33.848858,151.19551,spring,1,0.0,45.7,Q3,SSW,195,17.3,222,11.9,151,-5.4
2017-11-2,Sydney (ERA5 grid point),-33.848858,151.19551,spring,1,0.4,41.8,Q2,SE,124,5.5,169,18.4,121,12.899999999999999
2017-11-3,Sydney (ERA5 grid point),-33.848858,151.19551,spring,1,0.1,57.2,Q4,WSW,243,10.0,311,10.1,276,0.09999999999999964
2017-11-4,Sydney (ERA5 grid point),-33.848858,151.19551,spring,1,12.2,50.4,Q3,SSE,150,18.7,146,19.7,149,1.0
2017-11-5,Sydney (ERA5 grid point),-33.848858,151.19551,spring,1,10.3,36.0,Q2,ESE,102,11.6,126,14.3,100,2.700000000000001
2017-11-6,Sydney (ERA5 grid point),-33.848858,151.19551,spring,1,33.7,64.4,Q4,N,11,29.1,34,19.1,254,-10.0
2017-11-7,Sydney (ERA5 grid point),-33.848858,151.19551,spring,1,0.2,62.3,Q4,S,180,24.5,183,29.7,157,5.199999999999999
2017-11-8,Sydney (ERA5 grid point),-33.848858,151.19551,spring,0,1.6,45.7,Q3,SSE,164,18.8,192,19.8,147,1.0
2017-11-9,Sydney (ERA5 grid point),-33.848858,151.19551,spring,0,0.0,41.4,Q2,ENE,59,4.0,243,17.5,76,13.5
2017-11-10,Sydney (ERA5 grid point),-33.848858,151.19551,spring,0,0.0,39.6,Q2,ENE,63,3.3,131,16.6,88,13.3
2017-11-11,Sydney (ERA5 grid point),-33.848858,151.19551,spring,0,0.0,41.4,Q2,ENE,71,3.2,153,19.2,67,16.0
2017-11-12,Sydney (ERA5 grid point),-33.848858,151.19551,spring,1,0.0,40.3,Q2,E,81,9.8,98,18.0,91,8.2
2017-11-13,Sydney (ERA5 grid point),-33.848858,151.19551,spring,0,0.1,40.3,Q2,E,79,11.0,101,15.8,78,4.800000000000001
2017-11-14,Sydney (ERA5 grid point),-33.848858,151.19551,spring,1,0.0,45.4,Q3,ENE,69,8.3,92,19.9,70,11.599999999999998
2017-11-15,Sydney (ERA5 grid point),-33.848858,151.19551,spring,1,0.2,56.2,Q4,NE,43,15.1,50,27.3,54,12.200000000000001
2017-11-16,Sydney (ERA5 grid point),-33.848858,151.19551,spring,1,1.1,55.8,Q4,NE,34,23.7,41,20.8,37,-2.8999999999999986
2017-11-17,Sydney (ERA5 grid point),-33.848858,151.19551,spring,1,2.2,67.3,Q4,NE,46,24.7,44,25.6,52,0.9000000000000021
2017-11-18,Sydney (ERA5 grid point),-33.848858,151.19551,spring,1,3.1,55.4,Q4,ENE,59,25.8,60,23.0,63,-2.8000000000000007
2017-11-19,Sydney (ERA5 grid point),-33.848858,151.19551,spring,1,1.2,43.9,Q3,E,99,14.8,104,18.3,106,3.5
2017-11-20,Sydney (ERA5 grid point),-33.848858,151.19551,spring,1,1.1,39.6,Q2,ESE,109,14.3,124,18.6,100,4.300000000000001
2017-11-21,Sydney (ERA5 grid point),-33.848858,151.19551,spring,1,0.2,35.6,Q2,ESE,103,13.8,96,15.5,115,1.6999999999999993
2017-11-22,Sydney (ERA5 grid point),-33.848858,151.19551,spring,1,2.3,37.1,Q2,ENE,72,12.6,93,15.7,81,3.0999999999999996
2017-11-23,Sydney (ERA5 grid point),-33.848858,151.19551,spring,0,0.2,46.1,Q3,NE,42,9.4,50,21.8,51,12.4
2017-11-24,Sydney (ERA5 grid point),-33.848858,151.19551,spring,0,0.0,45.4,Q3,NE,41,4.8,77,15.8,35,11.0
2017-11-25,Sydney (ERA5 grid point),-33.848858,151.19551,spring,0,0.0,45.7,Q3,NE,54,13.7,60,21.3,68,7.600000000000001
2017-11-26,Sydney (ERA5 grid point),-33.848858,151.19551,spring,1,0.0,55.8,Q4,NE,48,14.1,52,26.4,51,12.299999999999999
2017-11-27,Sydney (ERA5 grid point),-33.848858,151.19551,spring,1,3.8,34.2,Q2,NE,36,14.0,29,14.0,55,0.0
2017-11-28,Sydney (ERA5 grid point),-33.848858,151.19551,spring,1,7.1,43.2,Q3,ESE,113,10.4,136,19.0,127,8.6
2017-11-29,Sydney (ERA5 grid point),-33.848858,151.19551,spring,1,1.9,36.0,Q2,E,99,9.9,100,14.0,108,4.1
2017-11-30,Sydney (ERA5 grid point),-33.848858,151.19551,spring,0,1.5,48.2,Q3,NE,44,15.0,48,22.7,54,7.699999999999999
2017-12-1,Sydney (ERA5 grid point),-33.848858,151.19551,summer,1,0.0,61.6,Q4,NE,36,15.0,35,30.3,43,15.3
2017-12-2,Sydney (ERA5 grid point),-33.848858,151.19551,summer,1,14.7,47.5,Q3,NNE,13,20.8,14,9.7,4,-11.100000000000001
2017-12-3,Sydney (ERA5 grid point),-33.848858,151.19551,summer,1,0.2,39.2,Q2,WNW,296,18.0,254,12.9,54,-5.1
2017-12-4,Sydney (ERA5 grid point),-33.848858,151.19551,summer,1,19.7,58.3,Q4,SSW,194,24.2,177,20.3,200,-3.8999999999999986
2017-12-5,Sydney (ERA5 grid point),-33.848858,151.19551,summer,1,1.0,69.1,Q4,SSW,205,18.4,183,29.4,191,11.0
2017-12-6,Sydney (ERA5 grid point),-33.848858,151.19551,summer,0,1.7,42.5,Q3,W,274,13.8,279,4.8,283,-9.0
2017-12-7,Sydney (ERA5 grid point),-33.848858,151.19551,summer,1,0.0,43.2,Q3,N,7,8.9,284,19.9,55,10.999999999999998
2017-12-8,Sydney (ERA5 grid point),-33.848858,151.19551,summer,1,2.6,57.2,Q4,SSE,164,5.9,256,25.1,153,19.200000000000003
2017-12-9,Sydney (ERA5 grid point),-33.848858,151.19551,summer,0,0.8,45.0,Q3,ESE,105,13.2,154,19.4,72,6.199999999999999
2017-12-10,Sydney (ERA5 grid point),-33.848858,151.19551,summer,0,0.0,47.5,Q3,NE,50,5.4,90,22.2,63,16.799999999999997
2017-12-11,Sydney (ERA5 grid point),-33.848858,151.19551,summer,0,0.0,47.2,Q3,NE,48,9.4,47,21.9,60,12.499999999999998
2017-12-12,Sydney (ERA5 grid point),-33.848858,151.19551,summer,0,0.0,52.6,Q4,NE,47,10.7,50,25.1,51,14.400000000000002
2017-12-13,Sydney (ERA5 grid point),-33.848858,151.19551,summer,0,0.0,58.7,Q4,NE,39,6.2,54,26.5,34,20.3
2017-12-14,Sydney (ERA5 grid point),-33.848858,151.19551,summer,1,0.0,39.2,Q2,NE,39,10.1,358,9.1,72,-1.0
2017-12-15,Sydney (ERA5 grid point),-33.848858,151.19551,summer,0,1.8,56.9,Q4,S,173,27.0,179,5.2,146,-21.8
2017-12-16,Sydney (ERA5 grid point),-33.848858,151.19551,summer,1,0.0,45.7,Q3,NE,54,10.1,86,20.6,46,10.500000000000002
2017-12-17,Sydney (ERA5 grid point),-33.848858,151.19551,summer,0,0.2,45.0,Q3,SE,145,19.1,177,17.1,152,-2.0
2017-12-18,Sydney (ERA5 grid point),-33.848858,151.19551,summer,0,0.0,41.8,Q2,NE,50,5.3,28,16.0,54,10.7
2017-12-19,Sydney (ERA5 grid point),-33.848858,151.19551,summer,1,0.0,60.5,Q4,NE,38,6.7,54,29.5,44,22.8
2017-12-20,Sydney (ERA5 grid point),-33.848858,151.19551,summer,1,1.0,63.7,Q4,S,185,5.9,281,27.7,178,21.799999999999997
2017-12-21,Sydney (ERA5 grid point),-33.848858,151.19551,summer,1,6.4,42.5,Q3,ESE,115,18.7,120,18.6,112,-0.09999999999999787
2017-12-22,Sydney (ERA5 grid point),-33.848858,151.19551,summer,0,2.2,40.3,Q2,E,80,13.5,134,18.8,64,5.300000000000001
2017-12-23,Sydney (ERA5 grid point),-33.848858,151.19551,summer,1,0.0,48.6,Q3,NE,36,7.3,33,20.5,51,13.2
2017-12-24,Sydney (ERA5 grid point),-33.848858,151.19551,summer,1,3.7,63.0,Q4,SSE,164,1.5,256,6.7,164,5.2
2017-12-25,Sydney (ERA5 grid point),-33.848858,151.19551,summer,1,1.9,52.6,Q4,SSE,157,23.7,166,24.8,156,1.1000000000000014
2017-12-26,Sydney (ERA5 grid point),-33.848858,151.19551,summer,1,0.2,40.0,Q2,E,98,19.4,101,10.3,102,-9.099999999999998
2017-12-27,Sydney (ERA5 grid point),-33.848858,151.19551,summer,0,0.7,44.3,Q3,NE,55,19.5,62,20.5,62,1.0
2017-12-28,Sydney (ERA5 grid point),-33.848858,151.19551,summer,0,0.0,46.1,Q3,NE,37,12.3,32,21.9,49,9.599999999999998
2017-12-29,Sydney (ERA5 grid point),-33.848858,151.19551,summer,1,0.0,47.9,Q3,NE,45,5.0,60,20.7,50,15.7
2017-12-30,Sydney (ERA5 grid point),-33.848858,151.19551,summer,1,2.9,47.9,Q3,SW,225,16.0,314,23.8,153,7.800000000000001
2017-12-31,Sydney (ERA5 grid point),-33.848858,151.19551,summer,0,1.0,60.8,Q4,ENE,69,12.3,93,25.5,54,13.2
2018-1-1,Sydney (ERA5 grid point),-33.848858,151.19551,summer,1,0.0,54.4,Q4,SE,145,9.5,189,18.8,133,9.3
2018-1-2,Sydney (ERA5 grid point),-33.848858,151.19551,summer,1,0.8,47.2,Q3,E,86,12.9,144,19.8,61,6.9
2018-1-3,Sydney (ERA5 grid point),-33.848858,151.19551,summer,1,1.6,64.1,Q4,S,173,32.1,178,28.6,161,-3.5
2018-1-4,Sydney (ERA5 grid point),-33.848858,151.19551,summer,0,1.2,40.7,Q2,SSE,150,14.3,168,9.4,113,-4.9
2018-1-5,Sydney (ERA5 grid point),-33.848858,151.19551,summer,0,0.0,47.2,Q3,NE,41,8.2,41,21.7,63,13.5
2018-1-6,Sydney (ERA5 grid point),-33.848858,151.19551,summer,0,0.0,57.6,Q4,NE,42,10.5,41,27.2,44,16.7
2018-1-7,Sydney (ERA5 grid point),-33.848858,151.19551,summer,1,0.0,61.9,Q4,SE,137,5.1,356,13.8,62,8.700000000000001
2018-1-8,Sydney (ERA5 grid point),-33.848858,151.19551,summer,1,0.1,44.6,Q3,E,90,11.8,12,15.9,51,4.1
2018-1-9,Sydney (ERA5 grid point),-33.848858,151.19551,summer,1,8.1,51.8,Q4,NNW,336,8.6,248,15.3,24,6.700000000000001
2018-1-10,Sydney (ERA5 grid point),-33.848858,151.19551,summer,1,0.9,50.0,Q3,SSE,159,19.4,165,15.8,159,-3.599999999999998
2018-1-11,Sydney (ERA5 grid point),-33.848858,151.19551,summer,0,2.5,40.7,Q2,NE,52,4.3,66,14.2,69,9.899999999999999
2018-1-12,Sydney (ERA5 grid point),-33.848858,151.19551,summer,1,0.0,51.5,Q4,NE,37,14.0,26,22.4,53,8.399999999999999
2018-1-13,Sydney (ERA5 grid point),-33.848858,151.19551,summer,1,0.2,68.8,Q4,SW,235,10.5,311,17.7,197,7.199999999999999
2018-1-14,Sydney (ERA5 grid point),-33.848858,151.19551,summer,1,7.9,89.3,Q4,SSW,200,30.8,207,40.1,192,9.3
2018-1-15,Sydney (ERA5 grid point),-33.848858,151.19551,summer,1,0.6,70.6,Q4,S,191,22.7,195,30.6,178,7.900000000000002
2018-1-16,Sydney (ERA5 grid point),-33.848858,151.19551,summer,0,0.7,74.5,Q4,S,190,29.7,199,35.8,185,6.099999999999998
2018-1-17,Sydney (ERA5 grid point),-33.848858,151.19551,summer,0,0.0,55.8,Q4,S,188,23.7,189,22.7,162,-1.0
2018-1-18,Sydney (ERA5 grid point),-33.848858,151.19551,summer,0,0.0,40.7,Q2,NE,44,2.3,198,18.2,72,15.899999999999999
2018-1-19,Sydney (ERA5 grid point),-33.848858,151.19551,summer,0,0.0,41.0,Q2,NE,42,2.9,30,18.4,64,15.499999999999998
2018-1-20,Sydney (ERA5 grid point),-33.848858,151.19551,summer,0,0.0,47.5,Q3,NE,41,5.4,4,22.3,67,16.9
2018-1-21,Sydney (ERA5 grid point),-33.848858,151.19551,summer,0,0.0,56.9,Q4,NNE,32,9.9,33,25.7,48,15.799999999999999
2018-1-22,Sydney (ERA5 grid point),-33.848858,151.19551,summer,0,0.0,46.8,Q3,NE,36,8.7,5,20.4,44,11.7
2018-1-23,Sydney (ERA5 grid point),-33.848858,151.19551,summer,0,0.0,41.4,Q2,NE,52,5.7,35,19.4,59,13.7
2018-1-24,Sydney (ERA5 grid point),-33.848858,151.19551,summer,1,0.0,47.5,Q3,NE,50,1.1,90,20.8,60,19.7
2018-1-25,Sydney (ERA5 grid point),-33.848858,151.19551,summer,1,0.1,47.2,Q3,NE,47,16.8,47,19.7,50,2.8999999999999986
2018-1-26,Sydney (ERA5 grid point),-33.848858,151.19551,summer,1,0.1,47.5,Q3,ENE,58,15.3,51,20.0,64,4.699999999999999
2018-1-27,Sydney (ERA5 grid point),-33.848858,151.19551,summer,1,0.3,47.5,Q3,ENE,59,16.8,48,21.5,69,4.699999999999999
2018-1-28,Sydney (ERA5 grid point),-33.848858,151.19551,summer,1,3.7,54.7,Q4,NE,53,21.7,48,26.5,59,4.800000000000001
2018-1-29,Sydney (ERA5 grid point),-33.848858,151.19551,summer,1,0.1,46.8,Q3,NE,53,14.4,53,20.7,59,6.299999999999999
2018-1-30,Sydney (ERA5 grid point),-33.848858,151.19551,summer,1,0.7,53.6,Q4,NE,52,12.1,23,24.0,50,11.9
2018-1-31,Sydney (ERA5 grid point),-33.848858,151.19551,summer,1,1.4,64.8,Q4,S,184,27.0,196,29.9,177,2.8999999999999986
2018-2-1,Sydney (ERA5 grid point),-33.848858,151.19551,summer,1,0.1,62.3,Q4,S,183,19.8,190,18.6,171,-1.1999999999999993
2018-2-2,Sydney (ERA5 grid point),-33.848858,151.19551,summer,1,1.9,40.3,Q2,S,180,17.4,186,17.9,155,0.5
2018-2-3,Sydney (ERA5 grid point),-33.848858,151.19551,summer,1,13.6,53.3,Q4,S,170,18.0,181,23.5,151,5.5
2018-2-4,Sydney (ERA5 grid point),-33.848858,151.19551,summer,0,0.5,42.8,Q3,SSE,167,16.3,172,16.4,154,0.09999999999999787
2018-2-5,Sydney (ERA5 grid point),-33.848858,151.19551,summer,0,0.0,43.6,Q3,ENE,62,2.9,210,18.6,75,15.700000000000001
2018-2-6,Sydney (ERA5 grid point),-33.848858,151.19551,summer,0,0.0,41.0,Q2,ENE,65,4.6,72,18.3,75,13.700000000000001
2018-2-7,Sydney (ERA5 grid point),-33.848858,151.19551,summer,0,0.0,50.8,Q3,NE,56,6.2,69,23.5,65,17.3
2018-2-8,Sydney (ERA5 grid point),-33.848858,151.19551,summer,0,0.0,55.8,Q4,NNE,29,16.2,21,25.7,44,9.5
2018-2-9,Sydney (ERA5 grid point),-33.848858,151.19551,summer,1,0.0,56.9,Q4,SE,144,3.9,202,21.0,149,17.1
2018-2-10,Sydney (ERA5 grid point),-33.848858,151.19551,summer,0,0.4,39.2,Q2,ESE,110,7.7,169,17.4,66,9.7
2018-2-11,Sydney (ERA5 grid point),-33.848858,151.19551,summer,1,0.0,66.6,Q4,S,169,14.5,277,26.3,155,11.8
2018-2-12,Sydney (ERA5 grid point),-33.848858,151.19551,summer,1,0.4,51.8,Q4,E,79,7.9,3,22.0,80,14.1
2018-2-13,Sydney (ERA5 grid point),-33.848858,151.19551,summer,1,2.5,42.8,Q3,E,94,12.6,85,19.4,100,6.799999999999999
2018-2-14,Sydney (ERA5 grid point),-33.848858,151.19551,summer,1,0.5,74.5,Q4,WSW,248,10.6,336,5.6,15,-5.0
2018-2-15,Sydney (ERA5 grid point),-33.848858,151.19551,summer,0,0.1,63.4,Q4,E,87,2.5,90,25.6,61,23.1
2018-2-16,Sydney (ERA5 grid point),-33.848858,151.19551,summer,1,0.0,51.5,Q4,SSE,168,14.6,237,23.7,139,9.1
2018-2-17,Sydney (ERA5 grid point),-33.848858,151.19551,summer,0,0.6,62.3,Q4,ENE,61,13.7,72,25.5,61,11.8
2018-2-18,Sydney (ERA5 grid point),-33.848858,151.19551,summer,1,0.0,53.6,Q4,NE,43,13.8,39,25.7,56,11.899999999999999
2018-2-19,Sydney (ERA5 grid point),-33.848858,151.19551,summer,1,2.4,62.3,Q4,SE,133,11.2,105,30.2,168,19.0
2018-2-20,Sydney (ERA5 grid point),-33.848858,151.19551,summer,1,7.2,68.0,Q4,SSE,157,30.9,165,26.1,160,-4.799999999999997
2018-2-21,Sydney (ERA5 grid point),-33.848858,151.19551,summer,0,0.4,38.2,Q2,ESE,102,12.0,123,14.8,96,2.8000000000000007
2018-2-22,Sydney (ERA5 grid point),-33.848858,151.19551,summer,1,0.0,38.5,Q2,NE,37,4.0,260,16.9,50,12.899999999999999
2018-2-23,Sydney (ERA5 grid point),-33.848858,151.19551,summer,1,0.1,54.0,Q4,NE,36,18.1,35,26.0,49,7.899999999999999
2018-2-24,Sydney (ERA5 grid point),-33.848858,151.19551,summer,1,0.7,43.9,Q3,NNE,23,11.2,354,15.9,33,4.700000000000001
2018-2-25,Sydney (ERA5 grid point),-33.848858,151.19551,summer,1,21.9,57.6,Q4,S,169,23.5,176,27.9,174,4.399999999999999
2018-2-26,Sydney (ERA5 grid point),-33.848858,151.19551,summer,1,15.8,56.5,Q4,SSE,163,24.1,166,25.6,184,1.5
2018-2-27,Sydney (ERA5 grid point),-33.848858,151.19551,summer,0,0.2,38.5,Q2,SSE,161,16.2,159,12.8,148,-3.3999999999999986
2018-2-28,Sydney (ERA5 grid point),-33.848858,151.19551,summer,1,0.0,42.5,Q3,NNE,16,13.7,358,18.9,55,5.199999999999999
2018-3-1,Sydney (ERA5 grid point),-33.848858,151.19551,autumn,1,0.1,55.1,Q4,S,176,20.6,168,26.4,160,5.799999999999997
2018-3-2,Sydney (ERA5 grid point),-33.848858,151.19551,autumn,0,0.3,38.9,Q2,S,176,16.4,189,11.9,151,-4.499999999999998
2018-3-3,Sydney (ERA5 grid point),-33.848858,151.19551,autumn,0,0.0,43.2,Q3,NE,34,10.0,15,19.8,65,9.8
2018-3-4,Sydney (ERA5 grid point),-33.848858,151.19551,autumn,1,0.0,68.8,Q4,S,187,28.4,189,26.7,176,-1.6999999999999993
2018-3-5,Sydney (ERA5 grid point),-33.848858,151.19551,autumn,1,8.4,44.3,Q3,SSE,167,20.2,179,19.0,143,-1.1999999999999993
2018-3-6,Sydney (ERA5 grid point),-33.848858,151.19551,autumn,0,3.0,63.0,Q4,SSE,162,29.5,162,24.3,159,-5.199999999999999
2018-3-7,Sydney (ERA5 grid point),-33.848858,151.19551,autumn,1,0.0,44.6,Q3,ESE,121,21.8,106,16.7,127,-5.100000000000001
2018-3-8,Sydney (ERA5 grid point),-33.848858,151.19551,autumn,1,0.1,36.7,Q2,SE,135,16.8,132,16.6,139,-0.1999999999999993
2018-3-9,Sydney (ERA5 grid point),-33.848858,151.19551,autumn,1,2.1,41.4,Q2,SE,140,19.4,140,17.5,127,-1.8999999999999986
2018-3-10,Sydney (ERA5 grid point),-33.848858,151.19551,autumn,0,0.1,36.4,Q2,E,99,14.0,108,15.3,99,1.3000000000000007
2018-3-11,Sydney (ERA5 grid point),-33.848858,151.19551,autumn,1,0.0,38.2,Q2,NNE,14,7.3,279,17.4,60,10.099999999999998
2018-3-12,Sydney (ERA5 grid point),-33.848858,151.19551,autumn,1,5.1,33.1,Q1,SE,137,4.8,222,12.0,139,7.2
2018-3-13,Sydney (ERA5 grid point),-33.848858,151.19551,autumn,1,14.1,41.0,Q2,SE,132,15.7,148,16.3,145,0.6000000000000014
2018-3-14,Sydney (ERA5 grid point),-33.848858,151.19551,autumn,1,1.1,37.1,Q2,NE,42,9.7,22,15.0,48,5.300000000000001
2018-3-15,Sydney (ERA5 grid point),-33.848858,151.19551,autumn,1,0.1,57.6,Q4,ESE,116,6.8,357,13.1,53,6.3
2018-3-16,Sydney (ERA5 grid point),-33.848858,151.19551,autumn,0,0.7,39.2,Q2,SE,146,15.5,155,13.3,123,-2.1999999999999993
2018-3-17,Sydney (ERA5 grid point),-33.848858,151.19551,autumn,0,0.0,37.1,Q2,NNE,28,5.7,288,17.2,64,11.5
2018-3-18,Sydney (ERA5 grid point),-33.848858,151.19551,autumn,0,0.0,53.3,Q4,NW,315,11.5,358,25.5,318,14.0
2018-3-19,Sydney (ERA5 grid point),-33.848858,151.19551,autumn,1,0.0,54.0,Q4,S,170,7.7,242,18.1,73,10.400000000000002
2018-3-20,Sydney (ERA5 grid point),-33.848858,151.19551,autumn,1,6.7,62.3,Q4,S,175,18.8,200,23.1,141,4.300000000000001
2018-3-21,Sydney (ERA5 grid point),-33.848858,151.19551,autumn,1,22.8,65.2,Q4,SSE,147,30.5,145,30.6,146,0.10000000000000142
2018-3-22,Sydney (ERA5 grid point),-33.848858,151.19551,autumn,1,1.3,50.8,Q3,ESE,123,21.8,128,21.5,113,-0.3000000000000007
2018-3-23,Sydney (ERA5 grid point),-33.848858,151.19551,autumn,0,0.8,40.3,Q2,E,79,17.1,83,16.3,85,-0.8000000000000007
2018-3-24,Sydney (ERA5 grid point),-33.848858,151.19551,autumn,1,0.0,44.3,Q3,NNE,24,13.8,9,17.9,40,4.099999999999998
2018-3-25,Sydney (ERA5 grid point),-33.848858,151.19551,autumn,0,0.6,54.4,Q4,NNW,330,21.7,341,23.3,328,1.6000000000000014
2018-3-26,Sydney (ERA5 grid point),-33.848858,151.19551,autumn,0,0.0,55.1,Q4,W,278,24.4,278,13.4,265,-10.999999999999998
2018-3-27,Sydney (ERA5 grid point),-33.848858,151.19551,autumn,0,0.0,35.3,Q2,SW,214,7.6,265,12.9,120,5.300000000000001
2018-3-28,Sydney (ERA5 grid point),-33.848858,151.19551,autumn,0,0.0,37.1,Q2,NNE,29,4.3,336,17.4,63,13.099999999999998
2018-3-29,Sydney (ERA5 grid point),-33.848858,151.19551,autumn,0,0.0,40.3,Q2,NNE,29,3.8,343,19.5,51,15.7
2018-3-30,Sydney (ERA5 grid point),-33.848858,151.19551,autumn,1,0.0,43.6,Q3,E,101,3.3,319,19.6,49,16.3
2018-3-31,Sydney (ERA5 grid point),-33.848858,151.19551,autumn,0,0.3,37.4,Q2,SE,145,14.7,155,12.8,130,-1.8999999999999986
2018-4-1,Sydney (ERA5 grid point),-33.848858,151.19551,autumn,1,0.0,42.5,Q3,NNE,24,6.9,9,20.7,49,13.799999999999999
2018-4-2,Sydney (ERA5 grid point),-33.848858,151.19551,autumn,0,0.2,55.4,Q4,S,169,3.1,324,2.0,135,-1.1
2018-4-3,Sydney (ERA5 grid point),-33.848858,151.19551,autumn,1,0.0,48.2,Q3,SSE,147,15.8,156,14.0,136,-1.8000000000000007
2018-4-4,Sydney (ERA5 grid point),-33.848858,151.19551,autumn,1,0.4,32.4,Q1,ESE,123,12.6,117,13.0,129,0.40000000000000036
2018-4-5,Sydney (ERA5 grid point),-33.848858,151.19551,autumn,0,0.2,38.9,Q2,NNE,23,4.0,355,18.1,49,14.100000000000001
2018-4-6,Sydney (ERA5 grid point),-33.848858,151.19551,autumn,0,0.0,31.7,Q1,SE,145,14.2,171,13.3,103,-0.8999999999999986
2018-4-7,Sydney (ERA5 grid point),-33.848858,151.19551,autumn,0,0.0,37.4,Q2,NE,45,5.1,356,17.2,57,12.1
2018-4-8,Sydney (ERA5 grid point),-33.848858,151.19551,autumn,0,0.0,35.3,Q2,ENE,76,3.0,194,16.0,59,13.0
2018-4-9,Sydney (ERA5 grid point),-33.848858,151.19551,autumn,1,0.0,62.3,Q4,SW,224,14.2,277,7.3,259,-6.8999999999999995
2018-4-10,Sydney (ERA5 grid point),-33.848858,151.19551,autumn,0,0.1,37.1,Q2,ENE,75,3.0,194,12.5,72,9.5
2018-4-11,Sydney (ERA5 grid point),-33.848858,151.19551,autumn,0,0.0,44.3,Q3,NNE,20,14.1,4,21.4,49,7.299999999999999
2018-4-12,Sydney (ERA5 grid point),-33.848858,151.19551,autumn,0,0.0,33.8,Q1,NNW,332,7.0,325,16.8,318,9.8
2018-4-13,Sydney (ERA5 grid point),-33.848858,151.19551,autumn,0,0.0,35.3,Q2,NW,324,16.6,304,9.5,307,-7.100000000000001
2018-4-14,Sydney (ERA5 grid point),-33.848858,151.19551,autumn,0,0.0,69.8,Q4,NW,319,23.6,321,29.6,319,6.0
2018-4-15,Sydney (ERA5 grid point),-33.848858,151.19551,autumn,0,0.0,82.8,Q4,WNW,291,22.7,266,35.6,290,12.900000000000002
2018-4-16,Sydney (ERA5 grid point),-33.848858,151.19551,autumn,1,0.0,44.6,Q3,WNW,282,12.2,313,16.6,257,4.400000000000002
2018-4-17,Sydney (ERA5 grid point),-33.848858,151.19551,autumn,0,0.7,47.9,Q3,SSE,168,16.4,165,21.3,154,4.900000000000002
2018-4-18,Sydney (ERA5 grid point),-33.848858,151.19551,autumn,1,0.0,37.4,Q2,E,79,5.1,94,16.6,72,11.500000000000002
2018-4-19,Sydney (ERA5 grid point),-33.848858,151.19551,autumn,0,0.2,33.1,Q1,N,360,9.1,9,10.1,63,1.0
2018-4-20,Sydney (ERA5 grid point),-33.848858,151.19551,autumn,1,0.0,36.0,Q2,S,190,10.9,207,15.8,163,4.9
2018-4-21,Sydney (ERA5 grid point),-33.848858,151.19551,autumn,1,0.4,35.6,Q2,S,170,16.6,162,13.3,142,-3.3000000000000007
2018-4-22,Sydney (ERA5 grid point),-33.848858,151.19551,autumn,1,0.4,30.2,Q1,SSE,163,9.4,223,13.4,121,4.0
2018-4-23,Sydney (ERA5 grid point),-33.848858,151.19551,autumn,0,0.3,32.0,Q1,SSE,156,5.8,263,12.6,121,6.8
2018-4-24,Sydney (ERA5 grid point),-33.848858,151.19551,autumn,1,0.0,32.8,Q1,SSW,192,7.6,245,13.5,115,5.9
2018-4-25,Sydney (ERA5 grid point),-33.848858,151.19551,autumn,0,1.9,41.8,Q2,SSW,210,8.7,197,15.0,150,6.300000000000001
2018-4-26,Sydney (ERA5 grid point),-33.848858,151.19551,autumn,1,0.0,59.4,Q4,S,191,14.6,261,29.8,165,15.200000000000001
2018-4-27,Sydney (ERA5 grid point),-33.848858,151.19551,autumn,1,3.7,57.6,Q4,S,183,26.3,177,28.5,182,2.1999999999999993
2018-4-28,Sydney (ERA5 grid point),-33.848858,151.19551,autumn,1,5.9,42.8,Q3,S,191,14.9,200,18.1,185,3.200000000000001
2018-4-29,Sydney (ERA5 grid point),-33.848858,151.19551,autumn,1,2.8,36.4,Q2,S,190,13.7,203,16.7,161,3.0
2018-4-30,Sydney (ERA5 grid point),-33.848858,151.19551,autumn,0,3.7,45.0,Q3,SSW,201,12.7,227,21.7,175,9.0
2018-5-1,Sydney (ERA5 grid point),-33.848858,151.19551,autumn,0,0.0,23.8,Q1,NW,311,8.7,277,9.7,94,1.0
2018-5-2,Sydney (ERA5 grid point),-33.848858,151.19551,autumn,0,0.0,28.1,Q1,N,3,3.9,326,10.0,52,6.1
2018-5-3,Sydney (ERA5 grid point),-33.848858,151.19551,autumn,1,0.0,33.8,Q1,N,11,6.7,286,15.9,51,9.2
2018-5-4,Sydney (ERA5 grid point),-33.848858,151.19551,autumn,0,0.1,63.7,Q4,WNW,302,15.6,331,28.2,280,12.6
2018-5-5,Sydney (ERA5 grid point),-33.848858,151.19551,autumn,0,0.0,32.8,Q1,WNW,284,15.5,265,7.3,81,-8.2
2018-5-6,Sydney (ERA5 grid point),-33.848858,151.19551,autumn,0,0.0,25.2,Q1,WNW,299,10.8,270,10.6,114,-0.20000000000000107
2018-5-7,Sydney (ERA5 grid point),-33.848858,151.19551,autumn,0,0.0,37.4,Q2,N,1,8.0,352,13.6,32,5.6
2018-5-8,Sydney (ERA5 grid point),-33.848858,151.19551,autumn,1,0.0,21.2,Q1,NW,323,9.0,272,9.8,82,0.8000000000000007
2018-5-9,Sydney (ERA5 grid point),-33.848858,151.19551,autumn,0,0.2,31.3,Q1,NNW,346,7.7,281,14.0,67,6.3
2018-5-10,Sydney (ERA5 grid point),-33.848858,151.19551,autumn,1,0.0,62.3,Q4,WNW,297,9.5,323,23.6,291,14.100000000000001
2018-5-11,Sydney (ERA5 grid point),-33.848858,151.19551,autumn,1,0.2,61.6,Q4,WNW,298,22.4,294,26.3,272,3.900000000000002
2018-5-12,Sydney (ERA5 grid point),-33.848858,151.19551,autumn,1,4.1,74.9,Q4,WSW,251,30.7,261,31.7,231,1.0
2018-5-13,Sydney (ERA5 grid point),-33.848858,151.19551,autumn,1,3.6,75.6,Q4,SSW,207,33.9,195,34.1,196,0.20000000000000284
2018-5-14,Sydney (ERA5 grid point),-33.848858,151.19551,autumn,0,0.6,62.3,Q4,SSW,208,22.4,210,25.1,192,2.700000000000003
2018-5-15,Sydney (ERA5 grid point),-33.848858,151.19551,autumn,1,0.0,34.9,Q2,SW,216,11.9,273,16.1,146,4.200000000000001
2018-5-16,Sydney (ERA5 grid point),-33.848858,151.19551,autumn,0,0.1,47.9,Q3,SSW,201,16.4,206,21.1,171,4.700000000000003
2018-5-17,Sydney (ERA5 grid point),-33.848858,151.19551,autumn,0,0.0,28.8,Q1,NW,320,8.2,285,13.0,88,4.800000000000001
2018-5-18,Sydney (ERA5 grid point),-33.848858,151.19551,autumn,1,0.0,36.7,Q2,WSW,257,16.8,260,10.2,138,-6.600000000000001
2018-5-19,Sydney (ERA5 grid point),-33.848858,151.19551,autumn,0,0.1,30.6,Q1,WSW,246,8.3,268,13.3,123,5.0
2018-5-20,Sydney (ERA5 grid point),-33.848858,151.19551,autumn,0,0.0,41.8,Q2,W,262,19.9,266,3.7,241,-16.2
2018-5-21,Sydney (ERA5 grid point),-33.848858,151.19551,autumn,0,0.0,51.1,Q4,W,270,22.4,276,22.8,258,0.40000000000000213
2018-5-22,Sydney (ERA5 grid point),-33.848858,151.19551,autumn,0,0.0,43.6,Q3,W,265,19.0,260,20.7,250,1.6999999999999993
2018-5-23,Sydney (ERA5 grid point),-33.848858,151.19551,autumn,1,0.0,27.4,Q1,WNW,298,6.9,279,12.3,95,5.4
2018-5-24,Sydney (ERA5 grid point),-33.848858,151.19551,autumn,0,0.2,36.0,Q2,SSW,196,9.2,239,17.9,165,8.7
2018-5-25,Sydney (ERA5 grid point),-33.848858,151.19551,autumn,0,0.0,35.3,Q2,S,183,15.2,184,16.9,164,1.6999999999999993
2018-5-26,Sydney (ERA5 grid point),-33.848858,151.19551,autumn,0,0.0,31.3,Q1,NNW,343,9.3,283,14.9,70,5.6
2018-5-27,Sydney (ERA5 grid point),-33.848858,151.19551,autumn,0,0.0,29.9,Q1,N,353,6.7,286,13.1,53,6.3999999999999995
2018-5-28,Sydney (ERA5 grid point),-33.848858,151.19551,autumn,1,0.0,23.4,Q1,N,351,5.4,274,9.5,61,4.1
2018-5-29,Sydney (ERA5 grid point),-33.848858,151.19551,autumn,1,0.7,30.2,Q1,NNW,331,9.9,289,10.4,44,0.5
2018-5-30,Sydney (ERA5 grid point),-33.848858,151.19551,autumn,0,3.1,49.0,Q3,WSW,240,20.6,258,19.2,186,-1.4000000000000021
2018-5-31,Sydney (ERA5 grid point),-33.848858,151.19551,autumn,1,0.0,63.0,Q4,SW,226,20.4,256,31.7,183,11.3
2018-6-1,Sydney (ERA5 grid point),-33.848858,151.19551,winter,1,0.5,64.1,Q4,SSW,211,23.7,208,21.9,207,-1.8000000000000007
2018-6-2,Sydney (ERA5 grid point),-33.848858,151.19551,winter,1,2.6,71.6,Q4,SSW,212,22.4,222,33.2,201,10.800000000000004
2018-6-3,Sydney (ERA5 grid point),-33.848858,151.19551,winter,1,0.3,49.3,Q3,SSW,203,21.5,198,23.7,197,2.1999999999999993
2018-6-4,Sydney (ERA5 grid point),-33.848858,151.19551,winter,1,5.4,45.4,Q3,SSW,200,21.4,193,22.1,187,0.7000000000000028
2018-6-5,Sydney (ERA5 grid point),-33.848858,151.19551,winter,1,16.7,43.6,Q3,SSW,192,14.6,189,14.8,179,0.20000000000000107
2018-6-6,Sydney (ERA5 grid point),-33.848858,151.19551,winter,1,11.3,31.3,Q1,SE,132,4.8,222,11.5,110,6.7
2018-6-7,Sydney (ERA5 grid point),-33.848858,151.19551,winter,1,0.2,31.0,Q1,NNE,12,8.3,275,15.3,30,7.0
2018-6-8,Sydney (ERA5 grid point),-33.848858,151.19551,winter,1,3.0,24.1,Q1,NNW,336,11.4,336,7.1,319,-4.300000000000001
2018-6-9,Sydney (ERA5 grid point),-33.848858,151.19551,winter,1,3.0,27.0,Q1,WNW,289,8.0,262,8.4,245,0.40000000000000036
2018-6-10,Sydney (ERA5 grid point),-33.848858,151.19551,winter,1,5.1,53.6,Q4,SSW,200,17.9,205,23.8,190,5.900000000000002
2018-6-11,Sydney (ERA5 grid point),-33.848858,151.19551,winter,1,0.5,38.9,Q2,SSW,212,12.6,243,19.1,182,6.500000000000002
2018-6-12,Sydney (ERA5 grid point),-33.848858,151.19551,winter,0,0.6,32.0,Q1,NNW,337,7.4,313,15.6,29,8.2
2018-6-13,Sydney (ERA5 grid point),-33.848858,151.19551,winter,0,0.0,28.1,Q1,WNW,292,10.5,301,9.0,254,-1.5
2018-6-14,Sydney (ERA5 grid point),-33.848858,151.19551,winter,0,0.0,35.6,Q2,NW,309,16.6,318,17.0,291,0.3999999999999986
2018-6-15,Sydney (ERA5 grid point),-33.848858,151.19551,winter,0,0.0,55.8,Q4,NW,313,22.7,337,21.7,285,-1.0
2018-6-16,Sydney (ERA5 grid point),-33.848858,151.19551,winter,1,0.0,42.5,Q3,NW,320,14.2,339,21.1,297,6.900000000000002
2018-6-17,Sydney (ERA5 grid point),-33.848858,151.19551,winter,1,0.3,66.2,Q4,WNW,292,20.3,300,29.9,271,9.599999999999998
2018-6-18,Sydney (ERA5 grid point),-33.848858,151.19551,winter,1,0.5,58.0,Q4,SW,226,20.4,226,27.0,196,6.600000000000001
2018-6-19,Sydney (ERA5 grid point),-33.848858,151.19551,winter,1,7.1,69.1,Q4,SSW,205,25.6,208,30.5,194,4.899999999999999
2018-6-20,Sydney (ERA5 grid point),-33.848858,151.19551,winter,1,2.0,45.4,Q3,SSW,201,15.0,159,19.8,192,4.800000000000001
2018-6-21,Sydney (ERA5 grid point),-33.848858,151.19551,winter,0,1.5,22.3,Q1,W,271,10.3,282,2.2,270,-8.100000000000001
2018-6-22,Sydney (ERA5 grid point),-33.848858,151.19551,winter,0,0.0,25.9,Q1,NW,317,9.3,283,5.8,97,-3.500000000000001
2018-6-23,Sydney (ERA5 grid point),-33.848858,151.19551,winter,0,0.0,28.1,Q1,W,269,13.4,278,5.0,270,-8.4
2018-6-24,Sydney (ERA5 grid point),-33.848858,151.19551,winter,0,0.0,38.5,Q2,SW,234,10.8,291,16.6,176,5.800000000000001
2018-6-25,Sydney (ERA5 grid point),-33.848858,151.19551,winter,1,0.0,25.9,Q1,WSW,253,9.7,292,11.8,160,2.1000000000000014
2018-6-26,Sydney (ERA5 grid point),-33.848858,151.19551,winter,1,0.4,27.4,Q1,W,260,10.3,295,10.5,164,0.1999999999999993
2018-6-27,Sydney (ERA5 grid point),-33.848858,151.19551,winter,1,5.2,28.4,Q1,N,360,6.3,301,7.3,101,1.0
2018-6-28,Sydney (ERA5 grid point),-33.848858,151.19551,winter,0,16.3,27.0,Q1,N,8,7.8,338,6.9,6,-0.8999999999999995
2018-6-29,Sydney (ERA5 grid point),-33.848858,151.19551,winter,0,0.0,32.4,Q1,WNW,296,12.3,308,10.0,285,-2.3000000000000007
2018-6-30,Sydney (ERA5 grid point),-33.848858,151.19551,winter,1,0.0,33.8,Q1,WNW,299,9.8,343,15.4,291,5.6
2018-7-1,Sydney (ERA5 grid point),-33.848858,151.19551,winter,1,0.3,30.6,Q1,SW,233,10.9,278,14.6,160,3.6999999999999993
2018-7-2,Sydney (ERA5 grid point),-33.848858,151.19551,winter,1,2.2,26.6,Q1,SE,132,3.6,143,7.2,117,3.6
2018-7-3,Sydney (ERA5 grid point),-33.848858,151.19551,winter,0,0.2,24.8,Q1,W,276,8.4,290,3.9,124,-4.5
2018-7-4,Sydney (ERA5 grid point),-33.848858,151.19551,winter,0,0.0,25.6,Q1,NNW,333,6.7,286,11.4,24,4.7
2018-7-5,Sydney (ERA5 grid point),-33.848858,151.19551,winter,0,0.0,28.1,Q1,NNW,338,8.8,305,12.7,8,3.8999999999999986
2018-7-6,Sydney (ERA5 grid point),-33.848858,151.19551,winter,0,0.0,55.8,Q4,NW,318,24.3,336,27.7,269,3.3999999999999986
2018-7-7,Sydney (ERA5 grid point),-33.848858,151.19551,winter,0,0.0,60.1,Q4,WNW,295,15.6,331,27.8,291,12.200000000000001
2018-7-8,Sydney (ERA5 grid point),-33.848858,151.19551,winter,0,0.0,60.1,Q4,W,270,19.0,260,29.2,260,10.2
2018-7-9,Sydney (ERA5 grid point),-33.848858,151.19551,winter,0,0.0,47.2,Q3,SW,226,16.6,243,23.0,180,6.399999999999999
2018-7-10,Sydney (ERA5 grid point),-33.848858,151.19551,winter,1,0.0,28.1,Q1,W,272,10.0,291,10.2,141,0.1999999999999993
2018-7-11,Sydney (ERA5 grid point),-33.848858,151.19551,winter,0,0.2,25.6,Q1,NNW,339,8.4,280,12.1,67,3.6999999999999993
2018-7-12,Sydney (ERA5 grid point),-33.848858,151.19551,winter,0,0.0,27.4,Q1,WNW,285,7.8,292,9.4,342,1.6000000000000005
2018-7-13,Sydney (ERA5 grid point),-33.848858,151.19551,winter,0,0.0,42.8,Q3,W,263,17.3,272,17.1,245,-0.1999999999999993
2018-7-14,Sydney (ERA5 grid point),-33.848858,151.19551,winter,0,0.0,37.1,Q2,WSW,252,15.5,270,5.9,169,-9.6
2018-7-15,Sydney (ERA5 grid point),-33.848858,151.19551,winter,0,0.0,28.8,Q1,WNW,282,13.0,276,7.6,262,-5.4
2018-7-16,Sydney (ERA5 grid point),-33.848858,151.19551,winter,0,0.0,36.0,Q2,WNW,290,11.8,297,9.9,280,-1.9000000000000004
2018-7-17,Sydney (ERA5 grid point),-33.848858,151.19551,winter,0,0.0,47.9,Q3,NNW,328,17.4,338,22.4,300,5.0
2018-7-18,Sydney (ERA5 grid point),-33.848858,151.19551,winter,0,0.0,42.1,Q3,WNW,287,10.4,268,4.7,266,-5.7
2018-7-19,Sydney (ERA5 grid point),-33.848858,151.19551,winter,0,0.0,25.2,Q1,NNW,328,10.7,346,10.7,320,0.0
2018-7-20,Sydney (ERA5 grid point),-33.848858,151.19551,winter,0,0.0,77.4,Q4,WNW,297,18.5,323,37.8,271,19.299999999999997
2018-7-21,Sydney (ERA5 grid point),-33.848858,151.19551,winter,0,0.0,51.8,Q4,W,262,21.9,261,3.9,214,-18.0
2018-7-22,Sydney (ERA5 grid point),-33.848858,151.19551,winter,0,0.0,33.8,Q1,NNW,337,10.7,284,14.4,53,3.700000000000001
2018-7-23,Sydney (ERA5 grid point),-33.848858,151.19551,winter,0,0.0,32.8,Q1,NNW,345,8.7,287,15.0,48,6.300000000000001
2018-7-24,Sydney (ERA5 grid point),-33.848858,151.19551,winter,0,0.0,40.0,Q2,NW,325,18.2,351,13.2,325,-5.0
2018-7-25,Sydney (ERA5 grid point),-33.848858,151.19551,winter,0,0.0,30.6,Q1,WNW,296,8.0,297,13.5,136,5.5
2018-7-26,Sydney (ERA5 grid point),-33.848858,151.19551,winter,0,0.0,31.0,Q1,W,281,10.2,280,14.3,118,4.100000000000001
2018-7-27,Sydney (ERA5 grid point),-33.848858,151.19551,winter,1,0.0,25.6,Q1,WNW,298,9.9,289,4.1,255,-5.800000000000001
2018-7-28,Sydney (ERA5 grid point),-33.848858,151.19551,winter,0,0.5,29.9,Q1,NNW,338,6.0,287,9.5,53,3.5
2018-7-29,Sydney (ERA5 grid point),-33.848858,151.19551,winter,0,0.0,55.8,Q4,NW,315,19.2,352,26.4,290,7.199999999999999
2018-7-30,Sydney (ERA5 grid point),-33.848858,151.19551,winter,0,0.0,40.3,Q2,W,275,18.9,261,12.9,247,-5.999999999999998
2018-7-31,Sydney (ERA5 grid point),-33.848858,151.19551,winter,0,0.0,36.7,Q2,NW,326,15.1,322,9.1,252,-6.0
2018-8-1,Sydney (ERA5 grid point),-33.848858,151.19551,winter,1,0.0,43.6,Q3,W,279,8.5,282,21.3,240,12.8
2018-8-2,Sydney (ERA5 grid point),-33.848858,151.19551,winter,1,0.2,31.3,Q1,N,356,8.0,288,14.5,76,6.5
2018-8-3,Sydney (ERA5 grid point),-33.848858,151.19551,winter,0,0.3,47.2,Q3,N,8,12.6,355,19.8,33,7.200000000000001
2018-8-4,Sydney (ERA5 grid point),-33.848858,151.19551,winter,0,0.0,45.0,Q3,W,280,21.8,308,17.5,256,-4.300000000000001
2018-8-5,Sydney (ERA5 grid point),-33.848858,151.19551,winter,1,0.0,37.4,Q2,N,5,4.6,288,18.1,49,13.500000000000002
2018-8-6,Sydney (ERA5 grid point),-33.848858,151.19551,winter,0,3.1,54.0,Q4,NW,321,9.5,261,26.5,312,17.0
2018-8-7,Sydney (ERA5 grid point),-33.848858,151.19551,winter,0,0.0,70.6,Q4,WNW,288,18.1,311,33.9,274,15.799999999999997
2018-8-8,Sydney (ERA5 grid point),-33.848858,151.19551,winter,0,0.0,45.0,Q3,NW,317,17.7,340,20.5,288,2.8000000000000007
2018-8-9,Sydney (ERA5 grid point),-33.848858,151.19551,winter,0,0.0,30.6,Q1,NW,325,10.2,262,12.9,103,2.700000000000001
2018-8-10,Sydney (ERA5 grid point),-33.848858,151.19551,winter,0,0.0,42.5,Q3,N,10,6.8,328,19.3,45,12.5
2018-8-11,Sydney (ERA5 grid point),-33.848858,151.19551,winter,0,0.0,56.5,Q4,NNW,339,17.0,6,20.9,341,3.8999999999999986
2018-8-12,Sydney (ERA5 grid point),-33.848858,151.19551,winter,0,0.0,65.2,Q4,W,264,29.2,261,25.1,258,-4.099999999999998
2018-8-13,Sydney (ERA5 grid point),-33.848858,151.19551,winter,0,0.0,49.3,Q3,W,264,23.1,266,16.4,251,-6.700000000000003
2018-8-14,Sydney (ERA5 grid point),-33.848858,151.19551,winter,0,0.0,43.9,Q3,WNW,283,21.6,267,8.7,52,-12.900000000000002
2018-8-15,Sydney (ERA5 grid point),-33.848858,151.19551,winter,0,0.0,62.6,Q4,NW,306,17.6,313,31.4,297,13.799999999999997
2018-8-16,Sydney (ERA5 grid point),-33.848858,151.19551,winter,0,0.0,49.7,Q3,WSW,255,7.3,237,22.3,239,15.0
2018-8-17,Sydney (ERA5 grid point),-33.848858,151.19551,winter,0,0.0,35.6,Q2,W,275,14.8,274,14.5,109,-0.3000000000000007
2018-8-18,Sydney (ERA5 grid point),-33.848858,151.19551,winter,0,0.0,72.4,Q4,WNW,299,18.0,327,36.2,276,18.200000000000003
2018-8-19,Sydney (ERA5 grid point),-33.848858,151.19551,winter,0,0.0,72.0,Q4,W,260,34.0,264,31.9,254,-2.1000000000000014
2018-8-20,Sydney (ERA5 grid point),-33.848858,151.19551,winter,0,0.0,50.8,Q3,SW,231,20.1,246,19.6,167,-0.5
2018-8-21,Sydney (ERA5 grid point),-33.848858,151.19551,winter,0,0.0,63.0,Q4,W,271,24.2,267,29.7,253,5.5
2018-8-22,Sydney (ERA5 grid point),-33.848858,151.19551,winter,1,0.0,43.6,Q3,SW,222,19.0,251,16.8,157,-2.1999999999999993
2018-8-23,Sydney (ERA5 grid point),-33.848858,151.19551,winter,1,0.5,29.9,Q1,SE,139,7.4,231,8.9,122,1.5
2018-8-24,Sydney (ERA5 grid point),-33.848858,151.19551,winter,1,5.8,29.5,Q1,ENE,62,6.5,354,10.0,77,3.5
2018-8-25,Sydney (ERA5 grid point),-33.848858,151.19551,winter,1,1.0,42.5,Q3,NNE,29,13.8,39,15.6,50,1.799999999999999
2018-8-26,Sydney (ERA5 grid point),-33.848858,151.19551,winter,1,2.7,23.0,Q1,NW,312,7.6,278,8.4,50,0.8000000000000007
2018-8-27,Sydney (ERA5 grid point),-33.848858,151.19551,winter,0,1.9,66.6,Q4,S,186,30.7,185,30.3,175,-0.3999999999999986
2018-8-28,Sydney (ERA5 grid point),-33.848858,151.19551,winter,0,0.0,38.2,Q2,SSW,205,9.4,223,17.5,161,8.1
2018-8-29,Sydney (ERA5 grid point),-33.848858,151.19551,winter,0,0.0,44.3,Q3,SW,233,11.6,277,21.1,166,9.500000000000002
2018-8-30,Sydney (ERA5 grid point),-33.848858,151.19551,winter,1,0.0,32.0,Q1,WNW,290,11.2,276,14.1,128,2.9000000000000004
2018-8-31,Sydney (ERA5 grid point),-33.848858,151.19551,winter,0,3.3,57.2,Q4,NNW,335,15.6,15,10.1,6,-5.5
2018-9-1,Sydney (ERA5 grid point),-33.848858,151.19551,spring,1,0.0,57.2,Q4,W,273,22.0,271,24.6,258,2.6000000000000014
2018-9-2,Sydney (ERA5 grid point),-33.848858,151.19551,spring,1,1.8,51.1,Q4,S,191,21.7,185,22.6,171,0.9000000000000021
2018-9-3,Sydney (ERA5 grid point),-33.848858,151.19551,spring,1,6.9,45.0,Q3,S,176,21.5,159,15.0,169,-6.5
2018-9-4,Sydney (ERA5 grid point),-33.848858,151.19551,spring,1,0.4,39.2,Q2,ESE,114,17.7,119,18.9,104,1.1999999999999993
2018-9-5,Sydney (ERA5 grid point),-33.848858,151.19551,spring,1,1.4,30.2,Q1,ENE,72,8.1,103,13.2,79,5.1
2018-9-6,Sydney (ERA5 grid point),-33.848858,151.19551,spring,1,0.5,49.0,Q3,NNE,26,8.8,19,20.7,41,11.899999999999999
2018-9-7,Sydney (ERA5 grid point),-33.848858,151.19551,spring,1,16.5,31.7,Q1,N,357,10.0,322,8.2,15,-1.8000000000000007
2018-9-8,Sydney (ERA5 grid point),-33.848858,151.19551,spring,0,1.6,46.4,Q3,S,181,22.8,168,17.5,171,-5.300000000000001
2018-9-9,Sydney (ERA5 grid point),-33.848858,151.19551,spring,0,0.0,47.5,Q3,W,261,18.1,264,16.7,251,-1.4000000000000021
2018-9-10,Sydney (ERA5 grid point),-33.848858,151.19551,spring,0,0.0,34.9,Q2,SSW,211,9.8,188,12.7,97,2.8999999999999986
2018-9-11,Sydney (ERA5 grid point),-33.848858,151.19551,spring,0,0.0,54.0,Q4,NNE,24,7.0,339,24.7,43,17.7
2018-9-12,Sydney (ERA5 grid point),-33.848858,151.19551,spring,0,0.0,45.7,Q3,N,5,18.8,357,11.7,18,-7.100000000000001
2018-9-13,Sydney (ERA5 grid point),-33.848858,151.19551,spring,0,0.0,48.2,Q3,S,178,12.6,185,17.4,150,4.799999999999999
2018-9-14,Sydney (ERA5 grid point),-33.848858,151.19551,spring,0,0.0,46.4,Q3,NNE,19,6.6,315,22.3,52,15.700000000000001
2018-9-15,Sydney (ERA5 grid point),-33.848858,151.19551,spring,0,0.0,54.7,Q4,WNW,297,17.8,352,24.7,312,6.899999999999999
2018-9-16,Sydney (ERA5 grid point),-33.848858,151.19551,spring,0,0.0,52.9,Q4,SSW,206,17.7,231,24.5,156,6.800000000000001
2018-9-17,Sydney (ERA5 grid point),-33.848858,151.19551,spring,0,0.0,43.2,Q3,NNE,19,8.0,265,20.4,54,12.399999999999999
2018-9-18,Sydney (ERA5 grid point),-33.848858,151.19551,spring,0,0.0,44.3,Q3,NNE,18,8.7,343,21.0,39,12.3
2018-9-19,Sydney (ERA5 grid point),-33.848858,151.19551,spring,1,0.0,65.2,Q4,WNW,287,11.4,325,30.9,285,19.5
2018-9-20,Sydney (ERA5 grid point),-33.848858,151.19551,spring,0,1.6,39.2,Q2,SSW,196,13.6,192,15.8,150,2.200000000000001
2018-9-21,Sydney (ERA5 grid point),-33.848858,151.19551,spring,0,0.0,37.4,Q2,N,7,8.0,278,16.9,74,8.899999999999999
2018-9-22,Sydney (ERA5 grid point),-33.848858,151.19551,spring,1,0.0,39.6,Q2,NNE,20,3.1,324,18.6,54,15.500000000000002
2018-9-23,Sydney (ERA5 grid point),-33.848858,151.19551,spring,1,1.6,56.9,Q4,S,175,20.1,190,23.5,139,3.3999999999999986
2018-9-24,Sydney (ERA5 grid point),-33.848858,151.19551,spring,1,4.4,52.2,Q4,S,175,14.9,173,20.7,157,5.799999999999999
2018-9-25,Sydney (ERA5 grid point),-33.848858,151.19551,spring,1,0.2,28.1,Q1,E,85,4.1,135,12.1,120,8.0
2018-9-26,Sydney (ERA5 grid point),-33.848858,151.19551,spring,0,7.6,27.7,Q1,E,94,4.5,76,10.2,135,5.699999999999999
2018-9-27,Sydney (ERA5 grid point),-33.848858,151.19551,spring,1,0.0,46.1,Q3,N,8,8.9,284,22.2,48,13.299999999999999
2018-9-28,Sydney (ERA5 grid point),-33.848858,151.19551,spring,1,0.1,47.5,Q3,N,7,9.7,356,8.0,27,-1.6999999999999993
2018-9-29,Sydney (ERA5 grid point),-33.848858,151.19551,spring,1,0.1,73.1,Q4,SSW,192,18.5,246,31.9,169,13.399999999999999
2018-9-30,Sydney (ERA5 grid point),-33.848858,151.19551,spring,0,0.2,42.1,Q3,SSE,158,13.2,169,17.4,117,4.199999999999999
2018-10-1,Sydney (ERA5 grid point),-33.848858,151.19551,spring,0,0.0,45.0,Q3,NNE,21,4.4,261,20.5,52,16.1
2018-10-2,Sydney (ERA5 grid point),-33.848858,151.19551,spring,1,0.0,50.0,Q3,NNE,33,11.0,32,24.2,47,13.2
2018-10-3,Sydney (ERA5 grid point),-33.848858,151.19551,spring,1,0.1,29.9,Q1,NNW,345,7.0,12,12.2,236,5.199999999999999
2018-10-4,Sydney (ERA5 grid point),-33.848858,151.19551,spring,1,20.4,43.6,Q3,S,185,21.6,181,22.0,182,0.3999999999999986
2018-10-5,Sydney (ERA5 grid point),-33.848858,151.19551,spring,1,38.4,68.8,Q4,SSE,166,27.5,169,30.0,174,2.5
2018-10-6,Sydney (ERA5 grid point),-33.848858,151.19551,spring,1,3.9,60.1,Q4,S,180,27.3,188,27.4,182,0.09999999999999787
2018-10-7,Sydney (ERA5 grid point),-33.848858,151.19551,spring,1,13.9,61.2,Q4,SW,219,22.9,204,28.7,202,5.800000000000001
2018-10-8,Sydney (ERA5 grid point),-33.848858,151.19551,spring,0,4.0,53.6,Q4,SSW,210,24.8,206,20.6,184,-4.199999999999999
2018-10-9,Sydney (ERA5 grid point),-33.848858,151.19551,spring,1,0.0,36.0,Q2,NNE,21,5.1,262,14.8,51,9.700000000000001
2018-10-10,Sydney (ERA5 grid point),-33.848858,151.19551,spring,1,8.8,61.2,Q4,SSE,163,18.0,182,28.4,151,10.399999999999999
2018-10-11,Sydney (ERA5 grid point),-33.848858,151.19551,spring,1,1.6,49.0,Q3,SE,144,21.6,134,23.8,145,2.1999999999999993
2018-10-12,Sydney (ERA5 grid point),-33.848858,151.19551,spring,1,2.5,41.4,Q2,SE,125,19.5,129,20.6,133,1.1000000000000014
2018-10-13,Sydney (ERA5 grid point),-33.848858,151.19551,spring,1,2.2,45.0,Q3,ENE,71,13.1,74,19.9,77,6.799999999999999
2018-10-14,Sydney (ERA5 grid point),-33.848858,151.19551,spring,1,5.4,45.0,Q3,ENE,65,15.4,69,21.0,74,5.6
2018-10-15,Sydney (ERA5 grid point),-33.848858,151.19551,spring,1,4.5,58.7,Q4,NE,50,19.4,48,28.6,54,9.200000000000003
2018-10-16,Sydney (ERA5 grid point),-33.848858,151.19551,spring,1,1.1,53.3,Q4,NE,39,25.3,41,26.3,49,1.0
2018-10-17,Sydney (ERA5 grid point),-33.848858,151.19551,spring,1,1.9,36.4,Q2,NNE,27,16.4,19,18.1,44,1.7000000000000028
2018-10-18,Sydney (ERA5 grid point),-33.848858,151.19551,spring,1,8.9,51.5,Q4,NNE,29,12.0,21,23.4,34,11.399999999999999
2018-10-19,Sydney (ERA5 grid point),-33.848858,151.19551,spring,1,0.9,49.0,Q3,NNE,26,4.9,306,17.3,54,12.4
2018-10-20,Sydney (ERA5 grid point),-33.848858,151.19551,spring,1,4.6,37.1,Q2,NNE,23,9.7,358,17.1,22,7.400000000000002
2018-10-21,Sydney (ERA5 grid point),-33.848858,151.19551,spring,1,0.3,51.8,Q4,S,179,24.3,188,18.2,155,-6.100000000000001
2018-10-22,Sydney (ERA5 grid point),-33.848858,151.19551,spring,0,0.6,48.2,Q3,NE,51,2.0,135,23.1,56,21.1
2018-10-23,Sydney (ERA5 grid point),-33.848858,151.19551,spring,1,0.0,46.8,Q3,NNE,27,4.5,14,18.9,51,14.399999999999999
2018-10-24,Sydney (ERA5 grid point),-33.848858,151.19551,spring,1,0.4,72.0,Q4,S,179,29.9,183,25.4,173,-4.5
2018-10-25,Sydney (ERA5 grid point),-33.848858,151.19551,spring,1,0.3,39.2,Q2,E,95,3.8,197,18.5,77,14.7
2018-10-26,Sydney (ERA5 grid point),-33.848858,151.19551,spring,1,0.6,55.8,Q4,S,173,26.3,193,20.4,134,-5.900000000000002
2018-10-27,Sydney (ERA5 grid point),-33.848858,151.19551,spring,1,0.8,42.8,Q3,ENE,72,9.3,324,19.9,42,10.599999999999998
2018-10-28,Sydney (ERA5 grid point),-33.848858,151.19551,spring,1,5.5,60.8,Q4,SSE,161,29.7,170,16.8,157,-12.899999999999999
2018-10-29,Sydney (ERA5 grid point),-33.848858,151.19551,spring,0,0.4,34.6,Q2,NE,51,4.3,85,14.4,89,10.100000000000001
2018-10-30,Sydney (ERA5 grid point),-33.848858,151.19551,spring,0,0.0,52.6,Q4,NNE,20,13.9,25,22.7,48,8.799999999999999
2018-10-31,Sydney (ERA5 grid point),-33.848858,151.19551,spring,1,0.0,37.8,Q2,SSE,149,5.8,176,14.9,105,9.100000000000001
2018-11-1,Sydney (ERA5 grid point),-33.848858,151.19551,spring,1,0.1,42.5,Q3,NE,47,10.2,350,18.4,51,8.2
2018-11-2,Sydney (ERA5 grid point),-33.848858,151.19551,spring,1,0.2,52.9,Q4,NW,324,24.4,323,23.2,318,-1.1999999999999993
2018-11-3,Sydney (ERA5 grid point),-33.848858,151.19551,spring,1,0.1,53.6,Q4,NNW,334,18.5,278,15.6,105,-2.9000000000000004
2018-11-4,Sydney (ERA5 grid point),-33.848858,151.19551,spring,1,1.0,49.7,Q3,NE,55,12.1,60,23.7,48,11.6
2018-11-5,Sydney (ERA5 grid point),-33.848858,151.19551,spring,1,0.2,34.9,Q2,NNE,27,1.1,270,16.5,54,15.4
2018-11-6,Sydney (ERA5 grid point),-33.848858,151.19551,spring,1,0.3,54.0,Q4,N,356,18.7,332,14.0,46,-4.699999999999999
2018-11-7,Sydney (ERA5 grid point),-33.848858,151.19551,spring,1,17.9,54.4,Q4,WSW,239,18.8,176,8.1,45,-10.700000000000001
2018-11-8,Sydney (ERA5 grid point),-33.848858,151.19551,spring,1,7.3,52.2,Q4,S,188,19.8,196,24.0,152,4.199999999999999
2018-11-9,Sydney (ERA5 grid point),-33.848858,151.19551,spring,0,0.1,52.2,Q4,NNE,27,3.6,354,25.6,51,22.0
2018-11-10,Sydney (ERA5 grid point),-33.848858,151.19551,spring,0,0.0,39.2,Q2,SE,139,14.0,168,17.2,119,3.1999999999999993
2018-11-11,Sydney (ERA5 grid point),-33.848858,151.19551,spring,0,0.0,44.6,Q3,ENE,69,6.0,73,20.9,79,14.899999999999999
2018-11-12,Sydney (ERA5 grid point),-33.848858,151.19551,spring,0,0.0,41.8,Q2,NE,53,7.4,76,18.0,64,10.6
2018-11-13,Sydney (ERA5 grid point),-33.848858,151.19551,spring,1,0.0,58.7,Q4,NE,34,19.6,36,27.0,45,7.399999999999999
2018-11-14,Sydney (ERA5 grid point),-33.848858,151.19551,spring,1,1.4,35.3,Q2,NNE,22,3.1,36,14.0,42,10.9
2018-11-15,Sydney (ERA5 grid point),-33.848858,151.19551,spring,1,3.1,56.9,Q4,S,176,24.5,181,26.0,161,1.5
2018-11-16,Sydney (ERA5 grid point),-33.848858,151.19551,spring,1,3.1,38.5,Q2,S,178,17.6,179,12.9,144,-4.700000000000001
2018-11-17,Sydney (ERA5 grid point),-33.848858,151.19551,spring,1,2.0,50.4,Q3,SSE,167,17.8,172,24.5,163,6.699999999999999
2018-11-18,Sydney (ERA5 grid point),-33.848858,151.19551,spring,1,1.3,40.7,Q2,ESE,122,13.8,133,18.2,115,4.399999999999999
2018-11-19,Sydney (ERA5 grid point),-33.848858,151.19551,spring,1,0.7,38.9,Q2,ENE,63,6.7,74,16.9,78,10.2
2018-11-20,Sydney (ERA5 grid point),-33.848858,151.19551,spring,1,0.6,52.2,Q4,NNE,33,12.0,49,24.8,49,12.8
2018-11-21,Sydney (ERA5 grid point),-33.848858,151.19551,spring,0,2.7,49.7,Q3,NNW,332,20.7,321,14.9,323,-5.799999999999999
2018-11-22,Sydney (ERA5 grid point),-33.848858,151.19551,spring,0,0.0,75.2,Q4,WNW,297,27.3,283,33.6,286,6.300000000000001
2018-11-23,Sydney (ERA5 grid point),-33.848858,151.19551,spring,1,0.0,83.5,Q4,WNW,283,40.6,277,38.4,277,-2.200000000000003
2018-11-24,Sydney (ERA5 grid point),-33.848858,151.19551,spring,0,0.4,53.6,Q4,WSW,246,23.1,256,20.3,243,-2.8000000000000007
2018-11-25,Sydney (ERA5 grid point),-33.848858,151.19551,spring,1,0.0,44.3,Q3,S,191,12.4,248,17.3,157,4.9
2018-11-26,Sydney (ERA5 grid point),-33.848858,151.19551,spring,1,0.4,59.0,Q4,SSW,196,28.3,192,22.1,173,-6.199999999999999
2018-11-27,Sydney (ERA5 grid point),-33.848858,151.19551,spring,1,1.9,44.6,Q3,ENE,60,3.6,53,19.7,72,16.099999999999998
2018-11-28,Sydney (ERA5 grid point),-33.848858,151.19551,spring,1,62.2,89.6,Q4,SSE,151,28.1,87,40.4,164,12.299999999999997
2018-11-29,Sydney (ERA5 grid point),-33.848858,151.19551,spring,1,3.4,74.5,Q4,SSW,202,36.4,197,27.3,192,-9.099999999999998
2018-11-30,Sydney (ERA5 grid point),-33.848858,151.19551,spring,0,0.1,40.0,Q2,ESE,114,7.9,183,13.0,90,5.1
2018-12-1,Sydney (ERA5 grid point),-33.848858,151.19551,summer,0,0.0,46.8,Q3,NE,52,0.0,270,22.2,48,22.2
2018-12-2,Sydney (ERA5 grid point),-33.848858,151.19551,summer,0,0.0,67.0,Q4,WSW,256,17.5,352,26.0,253,8.5
2018-12-3,Sydney (ERA5 grid point),-33.848858,151.19551,summer,1,0.0,29.5,Q1,WNW,288,8.9,284,6.2,36,-2.7
2018-12-4,Sydney (ERA5 grid point),-33.848858,151.19551,summer,1,1.5,47.2,Q3,SE,137,17.9,115,22.5,131,4.600000000000001
2018-12-5,Sydney (ERA5 grid point),-33.848858,151.19551,summer,1,0.3,36.0,Q2,ESE,104,15.9,129,15.1,87,-0.8000000000000007
2018-12-6,Sydney (ERA5 grid point),-33.848858,151.19551,summer,0,0.2,50.0,Q3,NE,46,17.4,50,24.1,51,6.700000000000003
2018-12-7,Sydney (ERA5 grid point),-33.848858,151.19551,summer,0,0.0,55.1,Q4,NE,35,20.9,27,27.3,48,6.400000000000002
2018-12-8,Sydney (ERA5 grid point),-33.848858,151.19551,summer,0,0.0,59.4,Q4,NNE,32,9.2,26,28.0,43,18.8
2018-12-9,Sydney (ERA5 grid point),-33.848858,151.19551,summer,1,0.0,46.1,Q3,NE,50,12.6,53,21.8,51,9.200000000000001
2018-12-10,Sydney (ERA5 grid point),-33.848858,151.19551,summer,1,0.5,34.6,Q2,ESE,111,3.6,90,11.7,56,8.1
2018-12-11,Sydney (ERA5 grid point),-33.848858,151.19551,summer,1,0.2,37.8,Q2,SSE,159,16.5,170,9.6,124,-6.9
2018-12-12,Sydney (ERA5 grid point),-33.848858,151.19551,summer,1,1.3,42.8,Q3,ENE,57,14.6,81,18.7,56,4.1
2018-12-13,Sydney (ERA5 grid point),-33.848858,151.19551,summer,1,8.4,51.8,Q4,NE,37,17.6,28,25.7,42,8.099999999999998
2018-12-14,Sydney (ERA5 grid point),-33.848858,151.19551,summer,1,7.7,35.6,Q2,NE,43,13.3,38,8.9,130,-4.4
2018-12-15,Sydney (ERA5 grid point),-33.848858,151.19551,summer,1,2.7,67.7,Q4,NE,37,8.6,75,32.8,39,24.199999999999996
2018-12-16,Sydney (ERA5 grid point),-33.848858,151.19551,summer,0,0.5,62.6,Q4,NNE,31,12.9,23,31.2,27,18.299999999999997
2018-12-17,Sydney (ERA5 grid point),-33.848858,151.19551,summer,1,0.0,39.6,Q2,ENE,63,5.4,228,18.1,55,12.700000000000001
2018-12-18,Sydney (ERA5 grid point),-33.848858,151.19551,summer,1,1.3,49.0,Q3,S,173,23.6,188,21.8,167,-1.8000000000000007
2018-12-19,Sydney (ERA5 grid point),-33.848858,151.19551,summer,1,4.3,34.9,Q2,ESE,113,15.9,123,14.8,96,-1.0999999999999996
2018-12-20,Sydney (ERA5 grid point),-33.848858,151.19551,summer,1,3.3,52.6,Q4,E,97,7.0,35,15.1,40,8.1
2018-12-21,Sydney (ERA5 grid point),-33.848858,151.19551,summer,1,3.5,51.1,Q4,S,172,24.8,181,14.6,142,-10.200000000000001
2018-12-22,Sydney (ERA5 grid point),-33.848858,151.19551,summer,1,1.2,61.6,Q4,S,189,27.0,199,29.6,177,2.6000000000000014
2018-12-23,Sydney (ERA5 grid point),-33.848858,151.19551,summer,0,2.9,42.8,Q3,S,171,18.5,167,18.5,143,0.0
2018-12-24,Sydney (ERA5 grid point),-33.848858,151.19551,summer,0,0.0,44.3,Q3,NE,42,4.7,23,19.4,68,14.7
2018-12-25,Sydney (ERA5 grid point),-33.848858,151.19551,summer,0,0.0,42.1,Q3,NE,36,7.7,41,19.5,51,11.8
2018-12-26,Sydney (ERA5 grid point),-33.848858,151.19551,summer,0,0.0,45.7,Q3,NE,42,5.9,52,20.3,53,14.4
2018-12-27,Sydney (ERA5 grid point),-33.848858,151.19551,summer,0,0.0,46.4,Q3,NE,36,9.2,45,21.4,41,12.2
2018-12-28,Sydney (ERA5 grid point),-33.848858,151.19551,summer,0,0.0,52.6,Q4,NE,36,8.0,36,22.5,41,14.5
2018-12-29,Sydney (ERA5 grid point),-33.848858,151.19551,summer,0,0.0,46.4,Q3,NE,42,8.0,10,19.3,45,11.3
2018-12-30,Sydney (ERA5 grid point),-33.848858,151.19551,summer,1,0.0,38.9,Q2,ESE,109,4.7,67,12.5,72,7.8
2018-12-31,Sydney (ERA5 grid point),-33.848858,151.19551,summer,0,0.1,34.9,Q2,NE,50,2.8,40,13.2,45,10.399999999999999
2019-1-1,Sydney (ERA5 grid point),-33.848858,151.19551,summer,0,0.0,36.4,Q2,NE,34,11.0,41,15.2,68,4.199999999999999
2019-1-2,Sydney (ERA5 grid point),-33.848858,151.19551,summer,0,0.0,46.8,Q3,E,86,8.8,168,13.8,75,5.0
2019-1-3,Sydney (ERA5 grid point),-33.848858,151.19551,summer,0,0.0,41.0,Q2,E,83,5.9,142,13.6,68,7.699999999999999
2019-1-4,Sydney (ERA5 grid point),-33.848858,151.19551,summer,1,0.0,44.6,Q3,NE,41,8.8,55,21.0,51,12.2
2019-1-5,Sydney (ERA5 grid point),-33.848858,151.19551,summer,1,0.2,54.7,Q4,S,181,14.2,294,22.7,169,8.5
2019-1-6,Sydney (ERA5 grid point),-33.848858,151.19551,summer,1,8.0,46.1,Q3,SSE,162,23.5,169,20.2,149,-3.3000000000000007
2019-1-7,Sydney (ERA5 grid point),-33.848858,151.19551,summer,1,1.8,31.0,Q1,ESE,115,10.5,117,13.6,112,3.0999999999999996
2019-1-8,Sydney (ERA5 grid point),-33.848858,151.19551,summer,1,1.6,42.5,Q3,NE,40,14.3,41,18.9,48,4.599999999999998
2019-1-9,Sydney (ERA5 grid point),-33.848858,151.19551,summer,1,0.5,54.4,Q4,S,175,8.8,261,24.7,159,15.899999999999999
2019-1-10,Sydney (ERA5 grid point),-33.848858,151.19551,summer,1,1.4,48.6,Q3,SSE,168,20.8,170,22.8,162,2.0
2019-1-11,Sydney (ERA5 grid point),-33.848858,151.19551,summer,0,2.3,50.0,Q3,NE,53,8.2,75,23.2,66,15.0
2019-1-12,Sydney (ERA5 grid point),-33.848858,151.19551,summer,0,0.0,44.3,Q3,NE,46,7.0,35,17.6,59,10.600000000000001
2019-1-13,Sydney (ERA5 grid point),-33.848858,151.19551,summer,0,0.0,47.9,Q3,S,171,21.3,178,21.1,171,-0.1999999999999993
2019-1-14,Sydney (ERA5 grid point),-33.848858,151.19551,summer,0,0.0,51.8,Q4,NE,51,11.3,37,24.5,49,13.2
2019-1-15,Sydney (ERA5 grid point),-33.848858,151.19551,summer,0,0.0,58.0,Q4,NE,37,14.2,36,24.2,44,10.0
2019-1-16,Sydney (ERA5 grid point),-33.848858,151.19551,summer,0,0.0,33.5,Q1,ENE,61,1.6,117,10.5,68,8.9
2019-1-17,Sydney (ERA5 grid point),-33.848858,151.19551,summer,0,0.0,55.4,Q4,NE,55,6.4,38,25.5,50,19.1
2019-1-18,Sydney (ERA5 grid point),-33.848858,151.19551,summer,0,0.0,47.5,Q3,ENE,67,3.1,21,21.4,49,18.299999999999997
2019-1-19,Sydney (ERA5 grid point),-33.848858,151.19551,summer,1,0.0,65.2,Q4,S,171,21.0,174,25.2,161,4.199999999999999
2019-1-20,Sydney (ERA5 grid point),-33.848858,151.19551,summer,1,0.1,33.1,Q1,SE,124,12.2,146,14.3,100,2.1000000000000014
2019-1-21,Sydney (ERA5 grid point),-33.848858,151.19551,summer,0,4.9,35.3,Q2,ENE,58,8.6,68,16.1,48,7.500000000000002
2019-1-22,Sydney (ERA5 grid point),-33.848858,151.19551,summer,1,0.0,42.8,Q3,NE,41,6.8,360,18.3,58,11.5
2019-1-23,Sydney (ERA5 grid point),-33.848858,151.19551,summer,1,0.1,77.8,Q4,S,183,2.7,67,32.5,184,29.8
2019-1-24,Sydney (ERA5 grid point),-33.848858,151.19551,summer,0,0.6,41.0,Q2,S,183,18.8,185,18.5,172,-0.3000000000000007
2019-1-25,Sydney (ERA5 grid point),-33.848858,151.19551,summer,0,0.0,47.9,Q3,NE,40,11.0,32,21.7,48,10.7
2019-1-26,Sydney (ERA5 grid point),-33.848858,151.19551,summer,1,0.0,40.0,Q2,SE,145,4.2,121,15.8,137,11.600000000000001
2019-1-27,Sydney (ERA5 grid point),-33.848858,151.19551,summer,1,4.7,59.4,Q4,S,182,5.9,256,27.5,174,21.6
2019-1-28,Sydney (ERA5 grid point),-33.848858,151.19551,summer,0,4.3,38.2,Q2,SE,143,14.9,160,15.6,146,0.6999999999999993
2019-1-29,Sydney (ERA5 grid point),-33.848858,151.19551,summer,0,0.0,49.7,Q3,NE,41,7.7,41,24.2,44,16.5
2019-1-30,Sydney (ERA5 grid point),-33.848858,151.19551,summer,1,0.0,45.0,Q3,NE,37,5.9,14,18.6,41,12.700000000000001
2019-1-31,Sydney (ERA5 grid point),-33.848858,151.19551,summer,1,0.3,83.5,Q4,WSW,237,13.0,332,14.8,319,1.8000000000000007
2019-2-1,Sydney (ERA5 grid point),-33.848858,151.19551,summer,1,6.4,53.3,Q4,SSE,158,22.8,159,19.6,163,-3.1999999999999993
2019-2-2,Sydney (ERA5 grid point),-33.848858,151.19551,summer,0,9.9,38.9,Q2,E,80,16.7,84,17.7,70,1.0
2019-2-3,Sydney (ERA5 grid point),-33.848858,151.19551,summer,1,0.0,52.6,Q4,NE,39,12.6,27,25.3,49,12.700000000000001
2019-2-4,Sydney (ERA5 grid point),-33.848858,151.19551,summer,1,0.2,31.0,Q1,ENE,65,5.1,82,12.1,80,7.0
2019-2-5,Sydney (ERA5 grid point),-33.848858,151.19551,summer,1,0.9,49.0,Q3,SSE,150,22.0,177,13.5,65,-8.5
2019-2-6,Sydney (ERA5 grid point),-33.848858,151.19551,summer,0,0.6,43.2,Q3,ENE,57,10.2,58,19.8,71,9.600000000000001
2019-2-7,Sydney (ERA5 grid point),-33.848858,151.19551,summer,1,0.0,53.6,Q4,NE,42,14.0,42,25.4,52,11.399999999999999
2019-2-8,Sydney (ERA5 grid point),-33.848858,151.19551,summer,1,0.3,33.8,Q1,NNE,22,4.3,336,13.2,43,8.899999999999999
2019-2-9,Sydney (ERA5 grid point),-33.848858,151.19551,summer,0,2.6,52.6,Q4,WNW,292,15.5,292,15.5,335,0.0
2019-2-10,Sydney (ERA5 grid point),-33.848858,151.19551,summer,0,0.0,43.6,Q3,SSE,160,8.3,198,15.5,121,7.199999999999999
2019-2-11,Sydney (ERA5 grid point),-33.848858,151.19551,summer,0,0.0,46.8,Q3,NNE,33,9.0,29,21.1,57,12.100000000000001
2019-2-12,Sydney (ERA5 grid point),-33.848858,151.19551,summer,1,0.0,56.2,Q4,WNW,299,14.4,323,28.0,283,13.6
2019-2-13,Sydney (ERA5 grid point),-33.848858,151.19551,summer,1,0.3,68.8,Q4,S,172,15.6,187,25.3,150,9.700000000000001
2019-2-14,Sydney (ERA5 grid point),-33.848858,151.19551,summer,0,0.2,33.5,Q1,ESE,103,12.4,120,11.2,86,-1.200000000000001
2019-2-15,Sydney (ERA5 grid point),-33.848858,151.19551,summer,0,0.0,42.5,Q3,NE,56,6.4,74,18.0,74,11.6
2019-2-16,Sydney (ERA5 grid point),-33.848858,151.19551,summer,0,0.0,48.2,Q3,NE,44,0.4,180,22.3,67,21.900000000000002
2019-2-17,Sydney (ERA5 grid point),-33.848858,151.19551,summer,0,0.0,51.5,Q4,NE,36,12.1,30,21.7,58,9.6
2019-2-18,Sydney (ERA5 grid point),-33.848858,151.19551,summer,1,0.0,56.5,Q4,NE,39,8.6,33,26.7,44,18.1
2019-2-19,Sydney (ERA5 grid point),-33.848858,151.19551,summer,1,1.0,67.7,Q4,SSE,164,20.1,170,32.6,169,12.5
2019-2-20,Sydney (ERA5 grid point),-33.848858,151.19551,summer,1,13.9,48.6,Q3,S,181,19.8,196,22.7,181,2.8999999999999986
2019-2-21,Sydney (ERA5 grid point),-33.848858,151.19551,summer,1,14.2,45.0,Q3,SSE,147,20.8,127,19.4,165,-1.4000000000000021
2019-2-22,Sydney (ERA5 grid point),-33.848858,151.19551,summer,1,3.9,60.5,Q4,S,169,26.4,160,25.5,172,-0.8999999999999986
2019-2-23,Sydney (ERA5 grid point),-33.848858,151.19551,summer,1,4.0,67.7,Q4,S,181,22.9,173,34.2,178,11.300000000000004
2019-2-24,Sydney (ERA5 grid point),-33.848858,151.19551,summer,1,4.1,56.2,Q4,SSE,154,28.0,148,20.9,161,-7.100000000000001
2019-2-25,Sydney (ERA5 grid point),-33.848858,151.19551,summer,0,0.4,34.2,Q2,E,93,14.5,97,14.4,93,-0.09999999999999964
2019-2-26,Sydney (ERA5 grid point),-33.848858,151.19551,summer,1,0.0,41.4,Q2,NNE,23,7.9,294,18.6,58,10.700000000000001
2019-2-27,Sydney (ERA5 grid point),-33.848858,151.19551,summer,0,1.0,49.3,Q3,S,174,19.1,177,21.4,163,2.299999999999997
2019-2-28,Sydney (ERA5 grid point),-33.848858,151.19551,summer,1,0.0,43.2,Q3,NE,38,4.3,5,20.3,60,16.0
2019-3-1,Sydney (ERA5 grid point),-33.848858,151.19551,autumn,1,0.4,40.7,Q2,NE,56,10.3,36,18.1,73,7.800000000000001
2019-3-2,Sydney (ERA5 grid point),-33.848858,151.19551,autumn,1,2.1,40.7,Q2,NE,53,12.6,37,18.4,73,5.799999999999999
2019-3-3,Sydney (ERA5 grid point),-33.848858,151.19551,autumn,0,0.5,44.6,Q3,NE,41,10.2,23,20.4,58,10.2
2019-3-4,Sydney (ERA5 grid point),-33.848858,151.19551,autumn,0,0.0,50.0,Q3,NE,37,13.7,30,23.6,51,9.900000000000002
2019-3-5,Sydney (ERA5 grid point),-33.848858,151.19551,autumn,1,0.0,45.7,Q3,NNE,33,13.2,26,19.9,49,6.699999999999999
2019-3-6,Sydney (ERA5 grid point),-33.848858,151.19551,autumn,1,0.5,72.7,Q4,WSW,242,10.0,291,18.4,235,8.399999999999999
2019-3-7,Sydney (ERA5 grid point),-33.848858,151.19551,autumn,1,0.8,51.8,Q4,SSE,157,20.2,158,16.4,142,-3.8000000000000007
2019-3-8,Sydney (ERA5 grid point),-33.848858,151.19551,autumn,1,0.4,51.1,Q4,NE,35,16.2,21,21.5,55,5.300000000000001
2019-3-9,Sydney (ERA5 grid point),-33.848858,151.19551,autumn,1,5.4,37.4,Q2,S,173,17.2,190,12.8,169,-4.399999999999999
2019-3-10,Sydney (ERA5 grid point),-33.848858,151.19551,autumn,1,0.1,42.1,Q3,NNE,19,8.7,7,19.8,63,11.100000000000001
2019-3-11,Sydney (ERA5 grid point),-33.848858,151.19551,autumn,1,0.3,42.8,Q3,SSE,163,16.9,200,19.9,112,3.0
2019-3-12,Sydney (ERA5 grid point),-33.848858,151.19551,autumn,1,0.5,60.5,Q4,SSW,208,9.5,281,9.1,56,-0.40000000000000036
2019-3-13,Sydney (ERA5 grid point),-33.848858,151.19551,autumn,1,5.4,42.1,Q3,ESE,117,17.4,128,13.7,104,-3.6999999999999993
2019-3-14,Sydney (ERA5 grid point),-33.848858,151.19551,autumn,1,47.7,56.2,Q4,NE,53,19.7,52,28.1,40,8.400000000000002
2019-3-15,Sydney (ERA5 grid point),-33.848858,151.19551,autumn,1,5.2,68.8,Q4,S,190,25.3,197,32.1,182,6.800000000000001
2019-3-16,Sydney (ERA5 grid point),-33.848858,151.19551,autumn,1,19.2,39.2,Q2,SE,132,16.0,113,11.7,135,-4.300000000000001
2019-3-17,Sydney (ERA5 grid point),-33.848858,151.19551,autumn,1,48.3,42.5,Q3,SW,235,20.0,236,15.9,264,-4.1
2019-3-18,Sydney (ERA5 grid point),-33.848858,151.19551,autumn,1,2.6,26.6,Q1,W,276,3.8,311,8.3,124,4.500000000000001
2019-3-19,Sydney (ERA5 grid point),-33.848858,151.19551,autumn,1,1.1,38.2,Q2,SSW,198,12.0,196,16.5,164,4.5
2019-3-20,Sydney (ERA5 grid point),-33.848858,151.19551,autumn,1,1.1,37.4,Q2,SSW,205,13.9,205,16.2,167,2.299999999999999
2019-3-21,Sydney (ERA5 grid point),-33.848858,151.19551,autumn,1,0.8,39.2,Q2,S,189,17.8,188,18.1,163,0.3000000000000007
2019-3-22,Sydney (ERA5 grid point),-33.848858,151.19551,autumn,1,1.3,27.4,Q1,S,191,10.0,206,11.8,157,1.8000000000000007
2019-3-23,Sydney (ERA5 grid point),-33.848858,151.19551,autumn,1,1.7,32.4,Q1,NNE,21,8.7,300,13.9,65,5.200000000000001
2019-3-24,Sydney (ERA5 grid point),-33.848858,151.19551,autumn,1,2.4,43.6,Q3,NW,314,9.7,274,9.8,152,0.10000000000000142
2019-3-25,Sydney (ERA5 grid point),-33.848858,151.19551,autumn,1,0.7,45.0,Q3,NW,316,19.1,340,21.4,335,2.299999999999997
2019-3-26,Sydney (ERA5 grid point),-33.848858,151.19551,autumn,1,1.0,41.4,Q2,SW,220,15.8,240,16.5,238,0.6999999999999993
2019-3-27,Sydney (ERA5 grid point),-33.848858,151.19551,autumn,1,0.6,33.8,Q1,SE,134,3.8,131,15.2,121,11.399999999999999
2019-3-28,Sydney (ERA5 grid point),-33.848858,151.19551,autumn,0,0.5,37.4,Q2,NE,38,6.2,277,16.6,66,10.400000000000002
2019-3-29,Sydney (ERA5 grid point),-33.848858,151.19551,autumn,1,0.0,40.0,Q2,NNE,25,10.6,18,16.6,56,6.000000000000002
2019-3-30,Sydney (ERA5 grid point),-33.848858,151.19551,autumn,0,36.6,69.1,Q4,W,280,7.0,249,32.3,281,25.299999999999997
2019-3-31,Sydney (ERA5 grid point),-33.848858,151.19551,autumn,1,0.0,47.5,Q3,W,267,19.5,258,17.8,252,-1.6999999999999993
2019-4-1,Sydney (ERA5 grid point),-33.848858,151.19551,autumn,1,1.5,39.2,Q2,SSW,195,6.9,171,17.4,173,10.499999999999998
2019-4-2,Sydney (ERA5 grid point),-33.848858,151.19551,autumn,1,0.8,29.5,Q1,ESE,123,10.2,148,8.8,99,-1.3999999999999986
2019-4-3,Sydney (ERA5 grid point),-33.848858,151.19551,autumn,1,0.3,30.6,Q1,NNE,15,5.5,281,14.1,58,8.6
2019-4-4,Sydney (ERA5 grid point),-33.848858,151.19551,autumn,1,4.3,46.4,Q3,S,179,12.6,175,21.0,168,8.4
2019-4-5,Sydney (ERA5 grid point),-33.848858,151.19551,autumn,0,2.1,21.2,Q1,SSE,147,7.1,114,8.7,128,1.5999999999999996
2019-4-6,Sydney (ERA5 grid point),-33.848858,151.19551,autumn,0,0.0,28.8,Q1,N,359,9.1,342,6.2,36,-2.8999999999999995
2019-4-7,Sydney (ERA5 grid point),-33.848858,151.19551,autumn,0,0.0,34.2,Q2,N,1,5.2,286,15.5,62,10.3
2019-4-8,Sydney (ERA5 grid point),-33.848858,151.19551,autumn,1,0.0,38.9,Q2,NW,307,10.5,286,6.9,298,-3.5999999999999996
2019-4-9,Sydney (ERA5 grid point),-33.848858,151.19551,autumn,0,0.8,70.2,Q4,SSW,213,10.1,270,6.9,189,-3.1999999999999993
2019-4-10,Sydney (ERA5 grid point),-33.848858,151.19551,autumn,1,0.0,44.6,Q3,S,184,20.9,184,19.9,167,-1.0
2019-4-11,Sydney (ERA5 grid point),-33.848858,151.19551,autumn,1,0.4,30.2,Q1,S,189,7.1,210,13.8,141,6.700000000000001
2019-4-12,Sydney (ERA5 grid point),-33.848858,151.19551,autumn,1,0.3,32.8,Q1,SE,133,10.0,167,8.1,103,-1.9000000000000004
2019-4-13,Sydney (ERA5 grid point),-33.848858,151.19551,autumn,1,0.1,27.0,Q1,NW,314,7.1,285,12.6,85,5.5
2019-4-14,Sydney (ERA5 grid point),-33.848858,151.19551,autumn,1,4.9,40.3,Q2,S,187,16.6,176,10.5,131,-6.100000000000001
2019-4-15,Sydney (ERA5 grid point),-33.848858,151.19551,autumn,1,0.2,37.8,Q2,S,189,9.4,198,17.8,159,8.4
2019-4-16,Sydney (ERA5 grid point),-33.848858,151.19551,autumn,1,0.4,29.9,Q1,S,170,11.2,176,11.1,126,-0.09999999999999964
2019-4-17,Sydney (ERA5 grid point),-33.848858,151.19551,autumn,0,0.3,29.5,Q1,NE,39,3.6,270,10.1,90,6.5
2019-4-18,Sydney (ERA5 grid point),-33.848858,151.19551,autumn,0,0.0,33.1,Q1,S,188,5.5,293,14.2,74,8.7
2019-4-19,Sydney (ERA5 grid point),-33.848858,151.19551,autumn,1,0.0,33.5,Q1,SSE,161,8.3,198,11.3,112,3.0
2019-4-20,Sydney (ERA5 grid point),-33.848858,151.19551,autumn,0,0.7,27.0,Q1,NE,34,4.7,270,11.9,93,7.2
2019-4-21,Sydney (ERA5 grid point),-33.848858,151.19551,autumn,0,0.0,33.5,Q1,NE,37,3.5,336,14.3,56,10.8
2019-4-22,Sydney (ERA5 grid point),-33.848858,151.19551,autumn,1,0.0,42.5,Q3,NNE,32,8.0,18,20.9,49,12.899999999999999
2019-4-23,Sydney (ERA5 grid point),-33.848858,151.19551,autumn,1,2.0,40.0,Q2,ESE,107,3.6,53,10.9,117,7.300000000000001
2019-4-24,Sydney (ERA5 grid point),-33.848858,151.19551,autumn,0,0.2,31.3,Q1,NNE,26,4.7,279,13.4,82,8.7
2019-4-25,Sydney (ERA5 grid point),-33.848858,151.19551,autumn,1,0.0,29.2,Q1,NNW,329,7.2,264,9.0,113,1.7999999999999998
2019-4-26,Sydney (ERA5 grid point),-33.848858,151.19551,autumn,1,0.1,50.8,Q3,W,267,13.0,298,15.2,275,2.1999999999999993
2019-4-27,Sydney (ERA5 grid point),-33.848858,151.19551,autumn,0,0.6,40.3,Q2,SW,217,12.1,207,11.5,139,-0.5999999999999996
2019-4-28,Sydney (ERA5 grid point),-33.848858,151.19551,autumn,1,0.0,34.2,Q2,WSW,242,14.1,255,11.0,128,-3.0999999999999996
2019-4-29,Sydney (ERA5 grid point),-33.848858,151.19551,autumn,0,0.1,32.4,Q1,SSW,213,5.0,210,13.5,146,8.5
2019-4-30,Sydney (ERA5 grid point),-33.848858,151.19551,autumn,0,0.0,42.5,Q3,NNE,17,4.6,321,18.6,44,14.000000000000002
2019-5-1,Sydney (ERA5 grid point),-33.848858,151.19551,autumn,1,0.0,35.6,Q2,NNE,19,9.3,13,11.5,39,2.1999999999999993
2019-5-2,Sydney (ERA5 grid point),-33.848858,151.19551,autumn,1,0.9,36.7,Q2,NNE,27,5.9,11,17.3,43,11.4
2019-5-3,Sydney (ERA5 grid point),-33.848858,151.19551,autumn,1,17.6,41.8,Q2,N,359,18.0,357,15.3,352,-2.6999999999999993
2019-5-4,Sydney (ERA5 grid point),-33.848858,151.19551,autumn,1,4.2,45.4,Q3,SSW,211,18.3,255,19.5,175,1.1999999999999993
2019-5-5,Sydney (ERA5 grid point),-33.848858,151.19551,autumn,1,1.5,67.3,Q4,SW,214,16.7,233,33.0,188,16.3
2019-5-6,Sydney (ERA5 grid point),-33.848858,151.19551,autumn,0,0.3,40.7,Q2,SW,230,15.4,249,18.2,162,2.799999999999999
2019-5-7,Sydney (ERA5 grid point),-33.848858,151.19551,autumn,0,0.0,27.7,Q1,WNW,298,11.3,279,0.8,153,-10.5
2019-5-8,Sydney (ERA5 grid point),-33.848858,151.19551,autumn,0,0.0,48.6,Q3,WNW,287,16.2,323,20.3,263,4.100000000000001
2019-5-9,Sydney (ERA5 grid point),-33.848858,151.19551,autumn,1,0.0,33.8,Q1,NNW,345,7.2,270,13.7,45,6.499999999999999
2019-5-10,Sydney (ERA5 grid point),-33.848858,151.19551,autumn,0,2.0,37.8,Q2,NW,314,5.2,344,15.6,320,10.399999999999999
2019-5-11,Sydney (ERA5 grid point),-33.848858,151.19551,autumn,0,0.0,57.6,Q4,WSW,256,27.6,262,22.7,250,-4.900000000000002
2019-5-12,Sydney (ERA5 grid point),-33.848858,151.19551,autumn,0,0.0,40.0,Q2,WSW,249,15.7,261,11.9,145,-3.799999999999999
2019-5-13,Sydney (ERA5 grid point),-33.848858,151.19551,autumn,0,0.0,31.7,Q1,NNW,345,9.1,288,14.4,32,5.300000000000001
2019-5-14,Sydney (ERA5 grid point),-33.848858,151.19551,autumn,1,0.0,42.8,Q3,SW,236,11.9,272,19.5,168,7.6
2019-5-15,Sydney (ERA5 grid point),-33.848858,151.19551,autumn,0,0.3,25.9,Q1,WNW,299,7.1,285,12.2,118,5.1
2019-5-16,Sydney (ERA5 grid point),-33.848858,151.19551,autumn,0,0.0,28.8,Q1,NNW,337,8.0,280,13.3,77,5.300000000000001
2019-5-17,Sydney (ERA5 grid point),-33.848858,151.19551,autumn,1,0.0,26.6,Q1,NNW,345,5.0,291,12.6,53,7.6
2019-5-18,Sydney (ERA5 grid point),-33.848858,151.19551,autumn,1,0.5,28.8,Q1,SSW,208,8.3,265,12.6,153,4.299999999999999
2019-5-19,Sydney (ERA5 grid point),-33.848858,151.19551,autumn,0,0.2,23.8,Q1,WNW,302,6.5,270,8.4,100,1.9000000000000004
2019-5-20,Sydney (ERA5 grid point),-33.848858,151.19551,autumn,0,0.0,21.2,Q1,NNW,336,4.3,294,8.8,35,4.500000000000001
2019-5-21,Sydney (ERA5 grid point),-33.848858,151.19551,autumn,0,0.0,23.8,Q1,NW,306,10.7,282,3.3,41,-7.3999999999999995
2019-5-22,Sydney (ERA5 grid point),-33.848858,151.19551,autumn,1,0.0,28.8,Q1,WSW,239,11.2,270,12.3,148,1.1000000000000014
2019-5-23,Sydney (ERA5 grid point),-33.848858,151.19551,autumn,0,0.4,25.2,Q1,NW,304,11.0,281,9.0,90,-2.0
2019-5-24,Sydney (ERA5 grid point),-33.848858,151.19551,autumn,0,0.0,24.5,Q1,WNW,303,10.1,287,1.5,14,-8.6
2019-5-25,Sydney (ERA5 grid point),-33.848858,151.19551,autumn,1,0.0,27.7,Q1,NW,313,12.5,288,10.4,46,-2.0999999999999996
2019-5-26,Sydney (ERA5 grid point),-33.848858,151.19551,autumn,1,0.1,44.3,Q3,WNW,302,12.3,302,13.2,281,0.8999999999999986
2019-5-27,Sydney (ERA5 grid point),-33.848858,151.19551,autumn,0,0.3,72.4,Q4,WNW,291,22.7,345,26.6,279,3.900000000000002
2019-5-28,Sydney (ERA5 grid point),-33.848858,151.19551,autumn,0,0.0,52.2,Q4,WNW,291,18.4,287,15.8,291,-2.599999999999998
2019-5-29,Sydney (ERA5 grid point),-33.848858,151.19551,autumn,0,0.0,59.8,Q4,NW,317,26.9,342,27.8,289,0.9000000000000021
2019-5-30,Sydney (ERA5 grid point),-33.848858,151.19551,autumn,0,0.0,52.9,Q4,W,262,26.6,261,21.9,247,-4.700000000000003
2019-5-31,Sydney (ERA5 grid point),-33.848858,151.19551,autumn,1,0.0,44.6,Q3,WSW,256,22.2,262,18.1,187,-4.099999999999998
2019-6-1,Sydney (ERA5 grid point),-33.848858,151.19551,winter,1,4.0,52.2,Q4,SW,216,11.2,228,24.5,183,13.3
2019-6-2,Sydney (ERA5 grid point),-33.848858,151.19551,winter,1,1.1,25.9,Q1,WSW,247,11.9,272,9.6,167,-2.3000000000000007
2019-6-3,Sydney (ERA5 grid point),-33.848858,151.19551,winter,1,0.8,37.4,Q2,W,261,8.6,272,7.7,242,-0.8999999999999995
2019-6-4,Sydney (ERA5 grid point),-33.848858,151.19551,winter,1,19.5,87.1,Q4,SW,224,39.9,208,35.7,215,-4.199999999999996
2019-6-5,Sydney (ERA5 grid point),-33.848858,151.19551,winter,0,3.3,55.1,Q4,SW,216,25.0,207,22.6,202,-2.3999999999999986
2019-6-6,Sydney (ERA5 grid point),-33.848858,151.19551,winter,1,0.0,34.2,Q2,WSW,251,14.1,266,16.6,178,2.5000000000000018
2019-6-7,Sydney (ERA5 grid point),-33.848858,151.19551,winter,1,7.1,23.4,Q1,WSW,255,11.2,230,7.3,147,-3.8999999999999995
2019-6-8,Sydney (ERA5 grid point),-33.848858,151.19551,winter,0,0.1,20.9,Q1,NW,312,7.7,298,5.1,356,-2.6000000000000005
2019-6-9,Sydney (ERA5 grid point),-33.848858,151.19551,winter,0,0.0,22.0,Q1,NW,306,8.3,275,4.8,297,-3.500000000000001
2019-6-10,Sydney (ERA5 grid point),-33.848858,151.19551,winter,0,0.0,30.6,Q1,NW,311,11.8,322,10.1,297,-1.700000000000001
2019-6-11,Sydney (ERA5 grid point),-33.848858,151.19551,winter,0,0.0,22.7,Q1,WNW,296,9.4,270,10.5,121,1.0999999999999996
2019-6-12,Sydney (ERA5 grid point),-33.848858,151.19551,winter,1,0.0,30.6,Q1,NNW,346,5.8,292,11.6,36,5.8
2019-6-13,Sydney (ERA5 grid point),-33.848858,151.19551,winter,0,1.5,41.0,Q2,WNW,297,13.2,343,10.2,280,-3.0
2019-6-14,Sydney (ERA5 grid point),-33.848858,151.19551,winter,1,0.0,36.0,Q2,W,261,14.1,267,7.7,259,-6.3999999999999995
2019-6-15,Sydney (ERA5 grid point),-33.848858,151.19551,winter,1,0.3,30.2,Q1,WSW,246,14.4,269,5.6,165,-8.8
2019-6-16,Sydney (ERA5 grid point),-33.848858,151.19551,winter,1,13.4,23.0,Q1,SSW,192,5.0,111,10.8,184,5.800000000000001
2019-6-17,Sydney (ERA5 grid point),-33.848858,151.19551,winter,1,5.0,50.0,Q3,SSW,208,24.9,190,22.1,202,-2.799999999999997
2019-6-18,Sydney (ERA5 grid point),-33.848858,151.19551,winter,0,1.0,29.2,Q1,WSW,255,13.7,275,2.9,240,-10.799999999999999
2019-6-19,Sydney (ERA5 grid point),-33.848858,151.19551,winter,1,0.0,34.6,Q2,SW,236,17.2,259,14.6,170,-2.5999999999999996
2019-6-20,Sydney (ERA5 grid point),-33.848858,151.19551,winter,1,2.8,29.9,Q1,WSW,258,10.5,276,10.5,176,0.0
2019-6-21,Sydney (ERA5 grid point),-33.848858,151.19551,winter,1,0.2,41.0,Q2,SW,232,16.0,256,18.3,196,2.3000000000000007
2019-6-22,Sydney (ERA5 grid point),-33.848858,151.19551,winter,1,0.8,49.3,Q3,SW,223,14.4,248,21.5,201,7.1
2019-6-23,Sydney (ERA5 grid point),-33.848858,151.19551,winter,1,7.2,50.4,Q3,SSW,207,15.0,215,21.3,191,6.300000000000001
2019-6-24,Sydney (ERA5 grid point),-33.848858,151.19551,winter,1,5.9,41.8,Q2,S,179,12.0,171,17.0,163,5.0
2019-6-25,Sydney (ERA5 grid point),-33.848858,151.19551,winter,1,3.1,32.8,Q1,SSE,155,11.9,151,15.7,169,3.799999999999999
2019-6-26,Sydney (ERA5 grid point),-33.848858,151.19551,winter,1,3.1,30.2,Q1,S,171,13.3,199,11.5,148,-1.8000000000000007
2019-6-27,Sydney (ERA5 grid point),-33.848858,151.19551,winter,1,1.0,21.2,Q1,WNW,283,7.6,289,6.1,118,-1.5
2019-6-28,Sydney (ERA5 grid point),-33.848858,151.19551,winter,0,0.1,25.9,Q1,N,1,7.5,287,11.8,52,4.300000000000001
2019-6-29,Sydney (ERA5 grid point),-33.848858,151.19551,winter,0,0.0,47.5,Q3,N,8,7.0,291,21.0,39,14.0
2019-6-30,Sydney (ERA5 grid point),-33.848858,151.19551,winter,0,0.0,43.2,Q3,WNW,282,1.5,166,11.5,268,10.0
2019-7-1,Sydney (ERA5 grid point),-33.848858,151.19551,winter,0,0.0,29.2,Q1,WNW,301,12.7,285,6.5,34,-6.199999999999999
2019-7-2,Sydney (ERA5 grid point),-33.848858,151.19551,winter,1,0.0,25.6,Q1,WNW,286,11.3,292,5.7,305,-5.6000000000000005
2019-7-3,Sydney (ERA5 grid point),-33.848858,151.19551,winter,1,0.3,42.1,Q3,SSW,194,5.6,130,18.0,177,12.4
2019-7-4,Sydney (ERA5 grid point),-33.848858,151.19551,winter,1,2.1,34.6,Q2,SSE,151,15.1,140,14.8,151,-0.29999999999999893
2019-7-5,Sydney (ERA5 grid point),-33.848858,151.19551,winter,1,3.1,33.1,Q1,ESE,102,12.8,112,12.6,92,-0.20000000000000107
2019-7-6,Sydney (ERA5 grid point),-33.848858,151.19551,winter,1,1.2,25.2,Q1,NE,56,7.5,73,9.8,107,2.3000000000000007
2019-7-7,Sydney (ERA5 grid point),-33.848858,151.19551,winter,1,1.6,22.0,Q1,NW,323,7.6,301,8.9,69,1.3000000000000007
2019-7-8,Sydney (ERA5 grid point),-33.848858,151.19551,winter,0,0.4,29.5,Q1,WNW,292,6.1,320,5.9,259,-0.1999999999999993
2019-7-9,Sydney (ERA5 grid point),-33.848858,151.19551,winter,0,0.0,35.6,Q2,W,263,14.9,262,8.5,234,-6.4
2019-7-10,Sydney (ERA5 grid point),-33.848858,151.19551,winter,0,0.0,37.8,Q2,WNW,303,11.6,296,9.8,298,-1.799999999999999
2019-7-11,Sydney (ERA5 grid point),-33.848858,151.19551,winter,0,0.0,52.6,Q4,NW,320,22.4,316,20.3,287,-2.099999999999998
2019-7-12,Sydney (ERA5 grid point),-33.848858,151.19551,winter,0,0.0,51.8,Q4,NW,315,19.5,337,20.2,320,0.6999999999999993
2019-7-13,Sydney (ERA5 grid point),-33.848858,151.19551,winter,0,0.0,68.8,Q4,WNW,283,25.4,277,33.8,270,8.399999999999999
2019-7-14,Sydney (ERA5 grid point),-33.848858,151.19551,winter,0,0.0,49.7,Q3,W,279,20.0,263,19.1,268,-0.8999999999999986
2019-7-15,Sydney (ERA5 grid point),-33.848858,151.19551,winter,0,0.0,68.4,Q4,W,266,23.0,250,14.8,229,-8.2
2019-7-16,Sydney (ERA5 grid point),-33.848858,151.19551,winter,0,0.0,42.5,Q3,W,265,15.6,255,18.2,240,2.5999999999999996
2019-7-17,Sydney (ERA5 grid point),-33.848858,151.19551,winter,0,0.0,37.4,Q2,W,273,15.1,271,12.7,299,-2.4000000000000004
2019-7-18,Sydney (ERA5 grid point),-33.848858,151.19551,winter,0,0.0,38.2,Q2,W,259,8.3,252,11.5,212,3.1999999999999993
2019-7-19,Sydney (ERA5 grid point),-33.848858,151.19551,winter,0,0.0,36.7,Q2,WNW,282,12.9,283,8.5,118,-4.4
2019-7-20,Sydney (ERA5 grid point),-33.848858,151.19551,winter,0,0.0,30.2,Q1,NNW,345,8.2,293,12.9,36,4.700000000000001
2019-7-21,Sydney (ERA5 grid point),-33.848858,151.19551,winter,0,0.0,25.9,Q1,NW,319,10.9,326,6.5,71,-4.4
2019-7-22,Sydney (ERA5 grid point),-33.848858,151.19551,winter,0,0.0,28.1,Q1,NNW,335,11.0,293,9.9,33,-1.0999999999999996
2019-7-23,Sydney (ERA5 grid point),-33.848858,151.19551,winter,1,0.0,36.4,Q2,NW,316,11.5,314,18.7,308,7.199999999999999
2019-7-24,Sydney (ERA5 grid point),-33.848858,151.19551,winter,0,0.1,35.6,Q2,W,278,6.1,270,11.3,248,5.200000000000001
2019-7-25,Sydney (ERA5 grid point),-33.848858,151.19551,winter,0,0.0,27.7,Q1,WNW,303,12.3,277,9.9,80,-2.4000000000000004
2019-7-26,Sydney (ERA5 grid point),-33.848858,151.19551,winter,1,0.0,27.0,Q1,W,268,5.8,292,1.5,256,-4.3
2019-7-27,Sydney (ERA5 grid point),-33.848858,151.19551,winter,0,0.1,34.6,Q2,SW,230,9.3,254,15.1,155,5.799999999999999
2019-7-28,Sydney (ERA5 grid point),-33.848858,151.19551,winter,1,0.0,32.4,Q1,WSW,249,10.5,266,15.1,140,4.6
2019-7-29,Sydney (ERA5 grid point),-33.848858,151.19551,winter,1,2.4,25.6,Q1,W,267,11.4,281,6.5,180,-4.9
2019-7-30,Sydney (ERA5 grid point),-33.848858,151.19551,winter,1,5.2,48.6,Q3,SSW,197,18.7,199,24.6,186,5.900000000000002
2019-7-31,Sydney (ERA5 grid point),-33.848858,151.19551,winter,0,2.1,43.9,Q3,SSW,197,12.9,216,20.5,178,7.6
2019-8-1,Sydney (ERA5 grid point),-33.848858,151.19551,winter,1,0.0,24.8,Q1,W,281,10.5,276,7.0,102,-3.5
2019-8-2,Sydney (ERA5 grid point),-33.848858,151.19551,winter,0,4.3,27.4,Q1,WSW,254,8.3,270,10.7,132,2.3999999999999986
2019-8-3,Sydney (ERA5 grid point),-33.848858,151.19551,winter,1,0.0,33.5,Q1,WSW,257,14.1,274,9.0,127,-5.1
2019-8-4,Sydney (ERA5 grid point),-33.848858,151.19551,winter,0,0.2,30.6,Q1,SW,233,11.5,272,13.6,148,2.0999999999999996
2019-8-5,Sydney (ERA5 grid point),-33.848858,151.19551,winter,0,0.0,26.6,Q1,NNW,335,6.2,291,10.2,58,3.999999999999999
2019-8-6,Sydney (ERA5 grid point),-33.848858,151.19551,winter,0,0.0,25.2,Q1,WNW,301,10.1,276,9.7,86,-0.40000000000000036
2019-8-7,Sydney (ERA5 grid point),-33.848858,151.19551,winter,0,0.0,27.4,Q1,NW,307,12.5,309,6.5,109,-6.0
2019-8-8,Sydney (ERA5 grid point),-33.848858,151.19551,winter,0,0.0,63.4,Q4,WNW,303,18.6,342,27.5,281,8.899999999999999
2019-8-9,Sydney (ERA5 grid point),-33.848858,151.19551,winter,0,0.0,74.2,Q4,WNW,294,28.6,301,37.9,288,9.299999999999997
2019-8-10,Sydney (ERA5 grid point),-33.848858,151.19551,winter,1,0.0,69.5,Q4,W,278,29.6,288,33.5,268,3.8999999999999986
2019-8-11,Sydney (ERA5 grid point),-33.848858,151.19551,winter,1,0.3,57.2,Q4,W,275,26.9,295,27.3,257,0.40000000000000213
2019-8-12,Sydney (ERA5 grid point),-33.848858,151.19551,winter,0,0.3,49.0,Q3,WSW,242,16.4,261,12.2,156,-4.199999999999999
2019-8-13,Sydney (ERA5 grid point),-33.848858,151.19551,winter,0,0.0,35.3,Q2,W,272,16.9,268,11.3,121,-5.599999999999998
2019-8-14,Sydney (ERA5 grid point),-33.848858,151.19551,winter,0,0.0,29.2,Q1,NW,315,8.7,277,13.4,85,4.700000000000001
2019-8-15,Sydney (ERA5 grid point),-33.848858,151.19551,winter,0,0.0,28.4,Q1,WNW,292,11.2,285,7.9,313,-3.299999999999999
2019-8-16,Sydney (ERA5 grid point),-33.848858,151.19551,winter,0,0.0,26.3,Q1,NW,309,10.7,315,4.0,355,-6.699999999999999
2019-8-17,Sydney (ERA5 grid point),-33.848858,151.19551,winter,0,0.0,44.3,Q3,SSW,206,14.7,208,20.1,159,5.400000000000002
2019-8-18,Sydney (ERA5 grid point),-33.848858,151.19551,winter,0,0.0,55.4,Q4,NNE,14,6.2,324,23.1,39,16.900000000000002
2019-8-19,Sydney (ERA5 grid point),-33.848858,151.19551,winter,0,0.0,65.5,Q4,W,264,26.0,276,32.0,255,6.0
2019-8-20,Sydney (ERA5 grid point),-33.848858,151.19551,winter,0,0.0,50.8,Q3,W,264,24.6,265,22.6,245,-2.0
2019-8-21,Sydney (ERA5 grid point),-33.848858,151.19551,winter,1,0.0,60.5,Q4,W,279,7.6,301,29.4,239,21.799999999999997
2019-8-22,Sydney (ERA5 grid point),-33.848858,151.19551,winter,0,0.5,68.8,Q4,SSW,210,28.2,265,32.4,179,4.199999999999999
2019-8-23,Sydney (ERA5 grid point),-33.848858,151.19551,winter,0,0.0,39.2,Q2,W,272,13.7,273,8.4,70,-5.299999999999999
2019-8-24,Sydney (ERA5 grid point),-33.848858,151.19551,winter,1,0.0,33.5,Q1,NW,306,9.8,298,14.5,300,4.699999999999999
2019-8-25,Sydney (ERA5 grid point),-33.848858,151.19551,winter,1,0.2,55.8,Q4,S,186,8.5,282,23.9,149,15.399999999999999
2019-8-26,Sydney (ERA5 grid point),-33.848858,151.19551,winter,1,9.8,37.8,Q2,SSE,162,10.2,162,13.7,177,3.5
2019-8-27,Sydney (ERA5 grid point),-33.848858,151.19551,winter,1,5.4,42.1,Q3,SSE,160,13.7,104,16.5,164,2.8000000000000007
2019-8-28,Sydney (ERA5 grid point),-33.848858,151.19551,winter,1,0.1,26.3,Q1,W,263,8.1,249,4.4,35,-3.6999999999999993
2019-8-29,Sydney (ERA5 grid point),-33.848858,151.19551,winter,1,15.3,64.4,Q4,SSW,200,31.1,191,28.3,187,-2.8000000000000007
2019-8-30,Sydney (ERA5 grid point),-33.848858,151.19551,winter,1,20.8,55.4,Q4,SSE,164,26.1,150,26.1,168,0.0
2019-8-31,Sydney (ERA5 grid point),-33.848858,151.19551,winter,0,6.6,45.0,Q3,S,178,16.5,160,18.9,166,2.3999999999999986
2019-9-1,Sydney (ERA5 grid point),-33.848858,151.19551,spring,1,0.0,31.7,Q1,NW,316,9.4,277,12.4,60,3.0
2019-9-2,Sydney (ERA5 grid point),-33.848858,151.19551,spring,0,0.5,52.9,Q4,SW,219,8.6,268,22.7,169,14.1
2019-9-3,Sydney (ERA5 grid point),-33.848858,151.19551,spring,0,0.0,28.1,Q1,NW,313,9.7,272,11.9,87,2.200000000000001
2019-9-4,Sydney (ERA5 grid point),-33.848858,151.19551,spring,0,0.0,30.2,Q1,WNW,286,4.7,293,5.2,348,0.5
2019-9-5,Sydney (ERA5 grid point),-33.848858,151.19551,spring,1,0.0,35.6,Q2,SE,144,8.7,187,15.7,101,7.0
2019-9-6,Sydney (ERA5 grid point),-33.848858,151.19551,spring,0,0.1,83.2,Q4,NW,321,15.3,19,19.0,15,3.6999999999999993
2019-9-7,Sydney (ERA5 grid point),-33.848858,151.19551,spring,0,0.0,64.8,Q4,W,281,27.4,280,28.4,271,1.0
2019-9-8,Sydney (ERA5 grid point),-33.848858,151.19551,spring,1,0.0,65.9,Q4,W,260,30.7,248,22.0,252,-8.7
2019-9-9,Sydney (ERA5 grid point),-33.848858,151.19551,spring,1,1.0,62.6,Q4,SW,230,31.0,250,19.1,227,-11.899999999999999
2019-9-10,Sydney (ERA5 grid point),-33.848858,151.19551,spring,0,0.1,55.8,Q4,SSW,201,22.1,202,25.9,182,3.799999999999997
2019-9-11,Sydney (ERA5 grid point),-33.848858,151.19551,spring,0,0.0,35.6,Q2,N,358,8.3,275,15.7,74,7.399999999999999
2019-9-12,Sydney (ERA5 grid point),-33.848858,151.19551,spring,1,0.0,40.3,Q2,WNW,298,11.2,285,2.2,180,-9.0
2019-9-13,Sydney (ERA5 grid point),-33.848858,151.19551,spring,0,1.0,40.7,Q2,SE,132,20.1,156,14.8,84,-5.300000000000001
2019-9-14,Sydney (ERA5 grid point),-33.848858,151.19551,spring,0,0.0,40.3,Q2,S,183,15.2,185,17.1,141,1.9000000000000021
2019-9-15,Sydney (ERA5 grid point),-33.848858,151.19551,spring,1,0.0,32.8,Q1,NNW,339,8.2,293,15.0,46,6.800000000000001
2019-9-16,Sydney (ERA5 grid point),-33.848858,151.19551,spring,1,0.4,74.9,Q4,SSW,194,9.9,289,37.2,165,27.300000000000004
2019-9-17,Sydney (ERA5 grid point),-33.848858,151.19551,spring,1,45.2,66.6,Q4,SSE,165,17.9,189,28.5,136,10.600000000000001
2019-9-18,Sydney (ERA5 grid point),-33.848858,151.19551,spring,1,29.6,54.4,Q4,SSE,165,24.0,131,17.1,162,-6.899999999999999
2019-9-19,Sydney (ERA5 grid point),-33.848858,151.19551,spring,1,5.2,38.9,Q2,ENE,57,12.2,45,17.8,69,5.600000000000001
2019-9-20,Sydney (ERA5 grid point),-33.848858,151.19551,spring,0,0.7,53.3,Q4,NE,39,21.8,34,25.0,46,3.1999999999999993
2019-9-21,Sydney (ERA5 grid point),-33.848858,151.19551,spring,1,0.0,44.3,Q3,NNE,29,16.7,25,20.9,45,4.199999999999999
2019-9-22,Sydney (ERA5 grid point),-33.848858,151.19551,spring,1,1.4,36.7,Q2,SE,145,11.8,207,15.3,75,3.5
2019-9-23,Sydney (ERA5 grid point),-33.848858,151.19551,spring,0,1.4,41.0,Q2,WSW,249,8.6,270,9.6,167,1.0
2019-9-24,Sydney (ERA5 grid point),-33.848858,151.19551,spring,0,0.0,41.0,Q2,NW,307,12.0,263,15.5,68,3.5
2019-9-25,Sydney (ERA5 grid point),-33.848858,151.19551,spring,1,0.0,47.9,Q3,S,171,6.1,242,22.7,132,16.6
2019-9-26,Sydney (ERA5 grid point),-33.848858,151.19551,spring,1,1.3,43.2,Q3,NE,43,1.1,360,20.3,63,19.2
2019-9-27,Sydney (ERA5 grid point),-33.848858,151.19551,spring,0,0.6,26.3,Q1,NW,311,7.6,295,9.5,25,1.9000000000000004
2019-9-28,Sydney (ERA5 grid point),-33.848858,151.19551,spring,0,0.0,54.4,Q4,S,181,17.9,190,23.0,155,5.100000000000001
2019-9-29,Sydney (ERA5 grid point),-33.848858,151.19551,spring,1,0.0,41.8,Q2,NNE,22,5.2,258,19.3,61,14.100000000000001
2019-9-30,Sydney (ERA5 grid point),-33.848858,151.19551,spring,1,1.8,46.4,Q3,SSE,154,10.9,117,22.6,151,11.700000000000001
2019-10-1,Sydney (ERA5 grid point),-33.848858,151.19551,spring,0,0.9,42.5,Q3,ENE,59,9.3,103,19.6,44,10.3
2019-10-2,Sydney (ERA5 grid point),-33.848858,151.19551,spring,0,0.0,37.8,Q2,NNE,27,3.5,24,18.3,47,14.8
2019-10-3,Sydney (ERA5 grid point),-33.848858,151.19551,spring,1,0.0,35.3,Q2,N,356,5.6,285,14.3,41,8.700000000000001
2019-10-4,Sydney (ERA5 grid point),-33.848858,151.19551,spring,1,0.3,64.4,Q4,SSW,195,11.6,286,29.0,157,17.4
2019-10-5,Sydney (ERA5 grid point),-33.848858,151.19551,spring,0,10.4,39.2,Q2,SE,146,14.0,168,12.7,145,-1.3000000000000007
2019-10-6,Sydney (ERA5 grid point),-33.848858,151.19551,spring,0,0.0,52.9,Q4,NNE,24,14.8,18,20.3,37,5.5
2019-10-7,Sydney (ERA5 grid point),-33.848858,151.19551,spring,1,0.0,40.7,Q2,SSE,153,19.1,183,16.4,119,-2.700000000000003
2019-10-8,Sydney (ERA5 grid point),-33.848858,151.19551,spring,1,4.0,66.6,Q4,SW,221,11.2,268,33.5,181,22.3
2019-10-9,Sydney (ERA5 grid point),-33.848858,151.19551,spring,1,0.8,62.6,Q4,SSW,195,22.6,197,28.5,170,5.899999999999999
2019-10-10,Sydney (ERA5 grid point),-33.848858,151.19551,spring,1,1.7,44.6,Q3,S,180,18.8,183,18.7,157,-0.10000000000000142
2019-10-11,Sydney (ERA5 grid point),-33.848858,151.19551,spring,1,7.4,34.6,Q2,SSE,151,11.6,158,9.7,112,-1.9000000000000004
2019-10-12,Sydney (ERA5 grid point),-33.848858,151.19551,spring,1,2.6,39.2,Q2,SSE,151,17.7,153,17.6,145,-0.09999999999999787
2019-10-13,Sydney (ERA5 grid point),-33.848858,151.19551,spring,0,1.2,32.0,Q1,SSE,158,13.6,163,12.9,108,-0.6999999999999993
2019-10-14,Sydney (ERA5 grid point),-33.848858,151.19551,spring,0,0.0,36.4,Q2,NNE,24,12.9,18,17.2,61,4.299999999999999
2019-10-15,Sydney (ERA5 grid point),-33.848858,151.19551,spring,1,0.0,48.6,Q3,NE,42,1.9,112,22.7,54,20.8
2019-10-16,Sydney (ERA5 grid point),-33.848858,151.19551,spring,1,0.3,41.0,Q2,SE,141,9.7,178,7.4,119,-2.299999999999999
2019-10-17,Sydney (ERA5 grid point),-33.848858,151.19551,spring,0,1.7,65.5,Q4,W,268,9.4,266,32.6,252,23.200000000000003
2019-10-18,Sydney (ERA5 grid point),-33.848858,151.19551,spring,0,0.0,49.7,Q3,NNW,343,11.2,237,24.2,46,13.0
2019-10-19,Sydney (ERA5 grid point),-33.848858,151.19551,spring,0,0.0,57.2,Q4,W,264,12.0,303,26.1,277,14.100000000000001
2019-10-20,Sydney (ERA5 grid point),-33.848858,151.19551,spring,0,0.0,36.4,Q2,SSE,157,7.6,188,16.0,104,8.4
2019-10-21,Sydney (ERA5 grid point),-33.848858,151.19551,spring,0,0.0,41.0,Q2,NE,53,2.9,277,19.2,73,16.3
2019-10-22,Sydney (ERA5 grid point),-33.848858,151.19551,spring,0,0.0,45.0,Q3,NE,54,6.4,63,20.9,63,14.499999999999998
2019-10-23,Sydney (ERA5 grid point),-33.848858,151.19551,spring,0,0.0,45.7,Q3,NNE,32,12.2,19,21.0,38,8.8
2019-10-24,Sydney (ERA5 grid point),-33.848858,151.19551,spring,0,0.0,35.3,Q2,ESE,108,6.6,167,12.5,108,5.9
2019-10-25,Sydney (ERA5 grid point),-33.848858,151.19551,spring,0,0.0,45.4,Q3,NNW,341,18.3,324,9.9,350,-8.4
2019-10-26,Sydney (ERA5 grid point),-33.848858,151.19551,spring,0,0.0,71.6,Q4,WNW,297,19.7,320,30.3,265,10.600000000000001
2019-10-27,Sydney (ERA5 grid point),-33.848858,151.19551,spring,1,0.0,42.5,Q3,ENE,65,6.1,242,19.3,66,13.200000000000001
2019-10-28,Sydney (ERA5 grid point),-33.848858,151.19551,spring,0,0.3,38.5,Q2,ESE,123,9.3,164,17.3,113,8.0
2019-10-29,Sydney (ERA5 grid point),-33.848858,151.19551,spring,0,0.0,48.6,Q3,NE,34,13.9,21,22.8,52,8.9
2019-10-30,Sydney (ERA5 grid point),-33.848858,151.19551,spring,0,0.0,38.2,Q2,NE,44,1.0,135,17.3,67,16.3
2019-10-31,Sydney (ERA5 grid point),-33.848858,151.19551,spring,0,0.0,46.4,Q3,NE,53,4.7,99,21.1,57,16.400000000000002
2019-11-1,Sydney (ERA5 grid point),-33.848858,151.19551,spring,0,0.0,55.4,Q4,NE,39,11.8,52,25.0,47,13.2
2019-11-2,Sydney (ERA5 grid point),-33.848858,151.19551,spring,1,0.0,57.6,Q4,NE,35,15.3,27,28.8,42,13.5
2019-11-3,Sydney (ERA5 grid point),-33.848858,151.19551,spring,1,12.3,44.6,Q3,N,7,8.4,350,16.6,39,8.200000000000001
2019-11-4,Sydney (ERA5 grid point),-33.848858,151.19551,spring,1,7.2,47.5,Q3,E,94,7.6,180,14.1,77,6.5
2019-11-5,Sydney (ERA5 grid point),-33.848858,151.19551,spring,0,2.2,62.3,Q4,SSW,192,28.0,192,26.1,173,-1.8999999999999986
2019-11-6,Sydney (ERA5 grid point),-33.848858,151.19551,spring,0,0.0,45.7,Q3,NNW,345,9.6,340,21.2,48,11.6
2019-11-7,Sydney (ERA5 grid point),-33.848858,151.19551,spring,0,0.0,55.4,Q4,NW,316,17.9,292,12.9,288,-4.999999999999998
2019-11-8,Sydney (ERA5 grid point),-33.848858,151.19551,spring,0,0.0,68.0,Q4,W,281,18.8,302,32.0,269,13.2
2019-11-9,Sydney (ERA5 grid point),-33.848858,151.19551,spring,0,0.0,49.0,Q3,SW,217,17.6,215,12.8,122,-4.800000000000001
2019-11-10,Sydney (ERA5 grid point),-33.848858,151.19551,spring,0,0.0,53.6,Q4,SW,227,20.5,239,17.7,107,-2.8000000000000007
2019-11-11,Sydney (ERA5 grid point),-33.848858,151.19551,spring,0,0.0,54.4,Q4,NNE,21,10.6,350,25.0,47,14.4
2019-11-12,Sydney (ERA5 grid point),-33.848858,151.19551,spring,0,0.0,68.4,Q4,W,275,20.9,324,25.9,286,5.0
2019-11-13,Sydney (ERA5 grid point),-33.848858,151.19551,spring,0,0.0,46.8,Q3,SW,234,18.0,244,17.9,80,-0.10000000000000142
2019-11-14,Sydney (ERA5 grid point),-33.848858,151.19551,spring,0,0.0,55.1,Q4,N,6,9.7,211,26.6,57,16.900000000000002
2019-11-15,Sydney (ERA5 grid point),-33.848858,151.19551,spring,1,0.0,52.6,Q4,WNW,297,8.7,315,19.0,57,10.3
2019-11-16,Sydney (ERA5 grid point),-33.848858,151.19551,spring,1,0.8,52.6,Q4,SE,127,10.8,116,18.1,96,7.300000000000001
2019-11-17,Sydney (ERA5 grid point),-33.848858,151.19551,spring,0,1.7,53.3,Q4,SE,141,18.0,168,24.2,137,6.199999999999999
2019-11-18,Sydney (ERA5 grid point),-33.848858,151.19551,spring,0,0.0,54.7,Q4,NNE,28,12.6,2,26.0,46,13.4
2019-11-19,Sydney (ERA5 grid point),-33.848858,151.19551,spring,0,0.0,64.1,Q4,SE,134,4.8,283,23.5,61,18.7
2019-11-20,Sydney (ERA5 grid point),-33.848858,151.19551,spring,0,0.0,40.7,Q2,SE,135,11.0,142,15.5,103,4.5
2019-11-21,Sydney (ERA5 grid point),-33.848858,151.19551,spring,0,0.0,55.4,Q4,NNE,33,16.9,38,26.5,46,9.600000000000001
2019-11-22,Sydney (ERA5 grid point),-33.848858,151.19551,spring,1,0.0,62.6,Q4,SSE,157,26.0,170,17.2,143,-8.8
2019-11-23,Sydney (ERA5 grid point),-33.848858,151.19551,spring,1,5.2,43.9,Q3,SSE,148,10.2,162,12.3,122,2.1000000000000014
2019-11-24,Sydney (ERA5 grid point),-33.848858,151.19551,spring,0,0.9,40.0,Q2,SSE,160,15.4,164,17.3,144,1.9000000000000004
2019-11-25,Sydney (ERA5 grid point),-33.848858,151.19551,spring,1,0.0,56.5,Q4,N,7,6.5,6,26.4,29,19.9
2019-11-26,Sydney (ERA5 grid point),-33.848858,151.19551,spring,0,0.2,85.0,Q4,NW,307,24.4,338,33.2,310,8.800000000000004
2019-11-27,Sydney (ERA5 grid point),-33.848858,151.19551,spring,0,0.0,43.6,Q3,ENE,59,5.7,145,17.8,72,12.100000000000001
2019-11-28,Sydney (ERA5 grid point),-33.848858,151.19551,spring,1,0.0,57.6,Q4,NE,49,10.5,59,26.2,58,15.7
2019-11-29,Sydney (ERA5 grid point),-33.848858,151.19551,spring,1,0.1,47.2,Q3,NE,46,8.6,2,21.7,50,13.1
2019-11-30,Sydney (ERA5 grid point),-33.848858,151.19551,spring,1,5.2,81.7,Q4,S,170,20.1,171,12.3,122,-7.800000000000001
2019-12-1,Sydney (ERA5 grid point),-33.848858,151.19551,summer,1,1.9,45.7,Q3,E,97,4.1,52,20.0,76,15.9
2019-12-2,Sydney (ERA5 grid point),-33.848858,151.19551,summer,0,0.6,80.3,Q4,W,274,22.0,274,35.4,265,13.399999999999999
2019-12-3,Sydney (ERA5 grid point),-33.848858,151.19551,summer,0,0.0,38.2,Q2,WNW,291,12.8,259,14.4,68,1.5999999999999996
2019-12-4,Sydney (ERA5 grid point),-33.848858,151.19551,summer,0,0.0,39.6,Q2,N,356,9.7,285,16.0,104,6.300000000000001
2019-12-5,Sydney (ERA5 grid point),-33.848858,151.19551,summer,0,0.0,38.9,Q2,W,274,9.8,278,10.6,242,0.7999999999999989
2019-12-6,Sydney (ERA5 grid point),-33.848858,151.19551,summer,1,0.0,49.7,Q3,S,186,5.8,30,5.0,249,-0.7999999999999998
2019-12-7,Sydney (ERA5 grid point),-33.848858,151.19551,summer,0,0.3,47.2,Q3,E,99,4.0,63,18.5,83,14.5
2019-12-8,Sydney (ERA5 grid point),-33.848858,151.19551,summer,0,0.0,55.8,Q4,ENE,74,18.1,85,25.4,72,7.299999999999997
2019-12-9,Sydney (ERA5 grid point),-33.848858,151.19551,summer,0,0.0,60.8,Q4,NE,42,21.6,37,28.6,48,7.0
2019-12-10,Sydney (ERA5 grid point),-33.848858,151.19551,summer,0,0.0,69.5,Q4,SSE,167,5.0,21,26.9,155,21.9
2019-12-11,Sydney (ERA5 grid point),-33.848858,151.19551,summer,1,0.0,49.0,Q3,S,173,18.0,178,20.6,147,2.6000000000000014
2019-12-12,Sydney (ERA5 grid point),-33.848858,151.19551,summer,1,0.5,46.1,Q3,SSE,155,13.4,166,20.5,124,7.1
2019-12-13,Sydney (ERA5 grid point),-33.848858,151.19551,summer,1,3.1,44.3,Q3,E,93,9.4,113,19.0,80,9.6
2019-12-14,Sydney (ERA5 grid point),-33.848858,151.19551,summer,1,0.5,47.2,Q3,E,86,3.1,36,21.6,75,18.5
2019-12-15,Sydney (ERA5 grid point),-33.848858,151.19551,summer,0,1.6,50.4,Q3,NE,47,8.4,7,22.7,43,14.299999999999999
2019-12-16,Sydney (ERA5 grid point),-33.848858,151.19551,summer,0,0.0,59.8,Q4,S,170,28.0,173,25.3,150,-2.6999999999999993
2019-12-17,Sydney (ERA5 grid point),-33.848858,151.19551,summer,0,0.0,38.5,Q2,ESE,103,11.2,140,15.2,86,4.0
2019-12-18,Sydney (ERA5 grid point),-33.848858,151.19551,summer,0,0.0,54.4,Q4,NNE,32,11.3,37,25.8,49,14.5
2019-12-19,Sydney (ERA5 grid point),-33.848858,151.19551,summer,0,0.0,72.7,Q4,S,189,7.7,298,33.3,174,25.599999999999998
2019-12-20,Sydney (ERA5 grid point),-33.848858,151.19551,summer,0,0.0,46.1,Q3,ESE,102,11.8,121,18.4,73,6.599999999999998
2019-12-21,Sydney (ERA5 grid point),-33.848858,151.19551,summer,1,0.0,87.5,Q4,ESE,109,13.4,20,23.1,39,9.700000000000001
2019-12-22,Sydney (ERA5 grid point),-33.848858,151.19551,summer,1,0.1,53.6,Q4,S,172,24.7,172,21.8,164,-2.8999999999999986
2019-12-23,Sydney (ERA5 grid point),-33.848858,151.19551,summer,1,0.4,43.2,Q3,ENE,57,10.6,80,19.3,45,8.700000000000001
2019-12-24,Sydney (ERA5 grid point),-33.848858,151.19551,summer,1,4.3,43.2,Q3,ENE,74,19.3,63,18.7,90,-0.6000000000000014
2019-12-25,Sydney (ERA5 grid point),-33.848858,151.19551,summer,0,2.3,46.8,Q3,ENE,62,15.8,60,21.1,70,5.300000000000001
2019-12-26,Sydney (ERA5 grid point),-33.848858,151.19551,summer,0,0.0,60.1,Q4,NE,43,16.8,45,29.2,51,12.399999999999999
2019-12-27,Sydney (ERA5 grid point),-33.848858,151.19551,summer,0,0.0,58.0,Q4,NE,43,14.6,40,27.3,54,12.700000000000001
2019-12-28,Sydney (ERA5 grid point),-33.848858,151.19551,summer,0,0.0,58.0,Q4,NE,35,15.1,40,27.0,44,11.9
2019-12-29,Sydney (ERA5 grid point),-33.848858,151.19551,summer,0,0.0,46.4,Q3,NE,49,5.9,38,18.9,48,12.999999999999998
2019-12-30,Sydney (ERA5 grid point),-33.848858,151.19551,summer,0,0.0,53.3,Q4,NE,41,8.4,47,24.0,47,15.6
2019-12-31,Sydney (ERA5 grid point),-33.848858,151.19551,summer,0,0.0,74.9,Q4,NE,56,13.0,326,30.8,47,17.8
2020-1-1,Sydney (ERA5 grid point),-33.848858,151.19551,summer,1,0.0,47.9,Q3,SSE,168,10.1,174,18.6,131,8.500000000000002
2020-1-2,Sydney (ERA5 grid point),-33.848858,151.19551,summer,1,0.9,44.3,Q3,SE,137,12.5,139,19.5,115,7.0
2020-1-3,Sydney (ERA5 grid point),-33.848858,151.19551,summer,0,1.7,54.4,Q4,ENE,67,5.9,76,25.1,63,19.200000000000003
2020-1-4,Sydney (ERA5 grid point),-33.848858,151.19551,summer,1,0.0,82.4,Q4,NNE,29,12.2,360,15.1,40,2.9000000000000004
2020-1-5,Sydney (ERA5 grid point),-33.848858,151.19551,summer,1,0.2,79.6,Q4,S,169,24.2,185,31.3,165,7.100000000000001
2020-1-6,Sydney (ERA5 grid point),-33.848858,151.19551,summer,1,9.5,37.8,Q2,E,97,14.9,97,11.4,103,-3.5
2020-1-7,Sydney (ERA5 grid point),-33.848858,151.19551,summer,1,0.7,43.6,Q3,NE,37,8.5,28,19.0,53,10.5
2020-1-8,Sydney (ERA5 grid point),-33.848858,151.19551,summer,1,0.5,51.8,Q4,S,182,19.6,186,23.5,165,3.8999999999999986
2020-1-9,Sydney (ERA5 grid point),-33.848858,151.19551,summer,0,1.0,45.4,Q3,S,176,21.6,179,18.4,163,-3.200000000000003
2020-1-10,Sydney (ERA5 grid point),-33.848858,151.19551,summer,1,0.0,58.3,Q4,NE,35,15.2,14,25.5,48,10.3
2020-1-11,Sydney (ERA5 grid point),-33.848858,151.19551,summer,1,2.1,85.3,Q4,S,170,26.9,188,19.4,165,-7.5
2020-1-12,Sydney (ERA5 grid point),-33.848858,151.19551,summer,1,4.0,44.6,Q3,SE,144,20.1,153,21.4,136,1.2999999999999972
2020-1-13,Sydney (ERA5 grid point),-33.848858,151.19551,summer,1,0.2,40.7,Q2,E,80,13.4,84,16.8,80,3.4000000000000004
2020-1-14,Sydney (ERA5 grid point),-33.848858,151.19551,summer,0,0.3,42.5,Q3,ENE,72,13.2,68,17.1,83,3.900000000000002
2020-1-15,Sydney (ERA5 grid point),-33.848858,151.19551,summer,1,0.0,44.6,Q3,NE,49,5.0,69,20.2,59,15.2
2020-1-16,Sydney (ERA5 grid point),-33.848858,151.19551,summer,1,0.7,33.1,Q1,NNW,344,6.2,277,9.7,4,3.499999999999999
2020-1-17,Sydney (ERA5 grid point),-33.848858,151.19551,summer,1,34.1,60.1,Q4,S,187,22.1,206,21.7,174,-0.40000000000000213
2020-1-18,Sydney (ERA5 grid point),-33.848858,151.19551,summer,1,21.6,41.8,Q2,SSW,210,21.4,229,16.8,211,-4.599999999999998
2020-1-19,Sydney (ERA5 grid point),-33.848858,151.19551,summer,1,4.2,33.1,Q1,SSW,196,11.2,195,13.3,178,2.1000000000000014
2020-1-20,Sydney (ERA5 grid point),-33.848858,151.19551,summer,0,3.9,52.2,Q4,NNE,29,7.7,53,15.2,31,7.499999999999999
2020-1-21,Sydney (ERA5 grid point),-33.848858,151.19551,summer,0,0.0,44.6,Q3,W,263,11.9,272,17.6,131,5.700000000000001
2020-1-22,Sydney (ERA5 grid point),-33.848858,151.19551,summer,0,0.0,50.0,Q3,NE,38,4.3,24,22.1,66,17.8
2020-1-23,Sydney (ERA5 grid point),-33.848858,151.19551,summer,1,0.0,51.5,Q4,NNW,342,24.9,349,15.8,21,-9.099999999999998
2020-1-24,Sydney (ERA5 grid point),-33.848858,151.19551,summer,1,5.1,46.4,Q3,ESE,122,14.9,187,13.3,77,-1.5999999999999996
2020-1-25,Sydney (ERA5 grid point),-33.848858,151.19551,summer,1,3.5,37.8,Q2,ENE,65,10.6,72,16.1,66,5.500000000000002
2020-1-26,Sydney (ERA5 grid point),-33.848858,151.19551,summer,1,2.0,45.7,Q3,NNE,31,6.0,25,19.3,45,13.3
2020-1-27,Sydney (ERA5 grid point),-33.848858,151.19551,summer,1,1.5,42.8,Q3,SSE,152,18.0,196,11.9,104,-6.1
2020-1-28,Sydney (ERA5 grid point),-33.848858,151.19551,summer,1,0.6,50.4,Q3,SE,143,9.3,167,13.9,65,4.6
2020-1-29,Sydney (ERA5 grid point),-33.848858,151.19551,summer,0,1.9,41.4,Q2,SSE,159,16.9,179,17.0,111,0.10000000000000142
2020-1-30,Sydney (ERA5 grid point),-33.848858,151.19551,summer,0,0.0,47.5,Q3,NE,46,6.1,40,22.3,56,16.200000000000003
2020-1-31,Sydney (ERA5 grid point),-33.848858,151.19551,summer,0,0.0,56.9,Q4,NE,38,8.4,47,23.5,49,15.1
2020-2-1,Sydney (ERA5 grid point),-33.848858,151.19551,summer,1,0.0,51.5,Q4,NNE,33,6.6,13,21.9,44,15.299999999999999
2020-2-2,Sydney (ERA5 grid point),-33.848858,151.19551,summer,1,6.0,51.5,Q4,SSE,151,11.4,152,23.7,150,12.299999999999999
2020-2-3,Sydney (ERA5 grid point),-33.848858,151.19551,summer,1,1.7,78.1,Q4,S,182,14.3,236,13.6,130,-0.7000000000000011
2020-2-4,Sydney (ERA5 grid point),-33.848858,151.19551,summer,1,0.5,59.8,Q4,SSE,154,18.4,154,17.8,138,-0.5999999999999979
2020-2-5,Sydney (ERA5 grid point),-33.848858,151.19551,summer,1,0.1,45.7,Q3,NE,51,1.8,169,20.6,63,18.8
2020-2-6,Sydney (ERA5 grid point),-33.848858,151.19551,summer,1,10.7,43.2,Q3,ENE,72,16.9,66,14.8,86,-2.099999999999998
2020-2-7,Sydney (ERA5 grid point),-33.848858,151.19551,summer,1,36.0,49.0,Q3,ESE,102,19.6,97,22.4,120,2.799999999999997
2020-2-8,Sydney (ERA5 grid point),-33.848858,151.19551,summer,1,29.3,60.5,Q4,ESE,108,26.4,129,30.4,107,4.0
2020-2-9,Sydney (ERA5 grid point),-33.848858,151.19551,summer,1,138.4,102.2,Q4,ESE,103,44.9,118,38.5,82,-6.399999999999999
2020-2-10,Sydney (ERA5 grid point),-33.848858,151.19551,summer,1,21.1,66.6,Q4,NE,51,5.6,15,10.6,66,5.0
2020-2-11,Sydney (ERA5 grid point),-33.848858,151.19551,summer,1,4.4,41.0,Q2,NE,35,4.0,297,14.7,62,10.7
2020-2-12,Sydney (ERA5 grid point),-33.848858,151.19551,summer,1,4.4,37.1,Q2,E,91,12.1,53,14.1,103,2.0
2020-2-13,Sydney (ERA5 grid point),-33.848858,151.19551,summer,1,10.6,36.4,Q2,E,87,14.1,58,16.0,81,1.9000000000000004
2020-2-14,Sydney (ERA5 grid point),-33.848858,151.19551,summer,1,0.9,42.1,Q3,SSE,159,14.7,149,19.7,162,5.0
2020-2-15,Sydney (ERA5 grid point),-33.848858,151.19551,summer,1,0.5,35.3,Q2,SSW,199,4.2,200,7.4,141,3.2
2020-2-16,Sydney (ERA5 grid point),-33.848858,151.19551,summer,1,2.1,44.3,Q3,S,180,12.2,166,19.1,168,6.900000000000002
2020-2-17,Sydney (ERA5 grid point),-33.848858,151.19551,summer,0,3.5,32.4,Q1,ESE,109,1.9,68,10.1,96,8.2
2020-2-18,Sydney (ERA5 grid point),-33.848858,151.19551,summer,0,0.0,45.4,Q3,NNE,26,6.6,9,18.8,43,12.200000000000001
2020-2-19,Sydney (ERA5 grid point),-33.848858,151.19551,summer,1,0.0,41.8,Q2,W,262,16.2,271,16.4,244,0.1999999999999993
2020-2-20,Sydney (ERA5 grid point),-33.848858,151.19551,summer,1,0.2,42.1,Q3,S,171,14.4,193,19.0,147,4.6
2020-2-21,Sydney (ERA5 grid point),-33.848858,151.19551,summer,1,2.2,28.8,Q1,SE,132,4.7,122,12.2,104,7.499999999999999
2020-2-22,Sydney (ERA5 grid point),-33.848858,151.19551,summer,1,4.1,31.7,Q1,ESE,102,11.7,108,14.1,96,2.4000000000000004
2020-2-23,Sydney (ERA5 grid point),-33.848858,151.19551,summer,1,1.9,31.7,Q1,NE,36,7.9,39,13.5,44,5.6
2020-2-24,Sydney (ERA5 grid point),-33.848858,151.19551,summer,0,0.4,36.4,Q2,NNE,29,3.6,360,17.0,54,13.4
2020-2-25,Sydney (ERA5 grid point),-33.848858,151.19551,summer,1,0.0,46.1,Q3,NE,34,8.3,18,20.8,53,12.5
2020-2-26,Sydney (ERA5 grid point),-33.848858,151.19551,summer,1,1.5,76.3,Q4,WSW,257,11.5,302,18.1,291,6.600000000000001
2020-2-27,Sydney (ERA5 grid point),-33.848858,151.19551,summer,1,0.6,44.3,Q3,E,86,6.0,123,19.7,55,13.7
2020-2-28,Sydney (ERA5 grid point),-33.848858,151.19551,summer,1,0.3,46.4,Q3,S,179,14.3,198,20.8,157,6.5
2020-2-29,Sydney (ERA5 grid point),-33.848858,151.19551,summer,0,0.1,43.2,Q3,ENE,59,1.8,127,17.9,68,16.099999999999998
2020-3-1,Sydney (ERA5 grid point),-33.848858,151.19551,autumn,0,0.0,43.9,Q3,NNE,30,11.0,23,19.2,50,8.2
2020-3-2,Sydney (ERA5 grid point),-33.848858,151.19551,autumn,1,0.0,79.9,Q4,SSW,195,12.1,280,13.3,88,1.200000000000001
2020-3-3,Sydney (ERA5 grid point),-33.848858,151.19551,autumn,1,3.9,38.2,Q2,SSE,165,15.5,175,18.8,163,3.3000000000000007
2020-3-4,Sydney (ERA5 grid point),-33.848858,151.19551,autumn,1,15.9,46.4,Q3,NE,52,17.2,53,20.7,51,3.5
2020-3-5,Sydney (ERA5 grid point),-33.848858,151.19551,autumn,1,42.8,46.8,Q3,NNE,33,19.9,41,17.6,31,-2.299999999999997
2020-3-6,Sydney (ERA5 grid point),-33.848858,151.19551,autumn,1,2.9,47.9,Q3,S,186,8.6,270,22.1,168,13.500000000000002
2020-3-7,Sydney (ERA5 grid point),-33.848858,151.19551,autumn,1,4.3,46.8,Q3,S,178,18.1,187,22.8,175,4.699999999999999
2020-3-8,Sydney (ERA5 grid point),-33.848858,151.19551,autumn,1,4.5,38.2,Q2,S,172,15.9,184,17.4,167,1.4999999999999982
2020-3-9,Sydney (ERA5 grid point),-33.848858,151.19551,autumn,1,4.7,42.8,Q3,SSE,167,19.5,183,20.1,156,0.6000000000000014
2020-3-10,Sydney (ERA5 grid point),-33.848858,151.19551,autumn,1,2.2,30.6,Q1,SSE,157,12.3,173,10.7,130,-1.6000000000000014
2020-3-11,Sydney (ERA5 grid point),-33.848858,151.19551,autumn,1,0.3,34.2,Q2,E,94,7.0,145,14.9,83,7.9
2020-3-12,Sydney (ERA5 grid point),-33.848858,151.19551,autumn,0,0.7,42.8,Q3,ENE,66,8.7,73,17.8,76,9.100000000000001
2020-3-13,Sydney (ERA5 grid point),-33.848858,151.19551,autumn,1,0.0,38.2,Q2,NNE,21,6.2,260,17.6,64,11.400000000000002
2020-3-14,Sydney (ERA5 grid point),-33.848858,151.19551,autumn,1,11.4,78.5,Q4,S,185,32.8,176,17.0,216,-15.799999999999997
2020-3-15,Sydney (ERA5 grid point),-33.848858,151.19551,autumn,1,4.0,50.4,Q3,S,185,22.3,180,22.8,175,0.5
2020-3-16,Sydney (ERA5 grid point),-33.848858,151.19551,autumn,1,6.2,49.7,Q3,SSE,163,20.0,152,23.3,158,3.3000000000000007
2020-3-17,Sydney (ERA5 grid point),-33.848858,151.19551,autumn,1,1.7,31.3,Q1,S,190,13.6,197,11.1,151,-2.5
2020-3-18,Sydney (ERA5 grid point),-33.848858,151.19551,autumn,0,0.1,37.8,Q2,N,10,5.5,293,15.6,50,10.1
2020-3-19,Sydney (ERA5 grid point),-33.848858,151.19551,autumn,0,0.0,28.1,Q1,NNW,341,10.5,286,9.0,90,-1.5
2020-3-20,Sydney (ERA5 grid point),-33.848858,151.19551,autumn,1,0.0,40.7,Q2,WNW,291,8.7,315,17.3,287,8.600000000000001
2020-3-21,Sydney (ERA5 grid point),-33.848858,151.19551,autumn,1,1.3,45.0,Q3,SSE,166,8.8,161,16.4,154,7.599999999999998
2020-3-22,Sydney (ERA5 grid point),-33.848858,151.19551,autumn,1,0.1,49.7,Q3,S,176,7.9,330,12.6,110,4.699999999999999
2020-3-23,Sydney (ERA5 grid point),-33.848858,151.19551,autumn,1,3.2,50.8,Q3,SSE,166,19.1,160,16.1,160,-3.0
2020-3-24,Sydney (ERA5 grid point),-33.848858,151.19551,autumn,1,1.2,34.6,Q2,NE,38,4.7,58,16.1,50,11.400000000000002
2020-3-25,Sydney (ERA5 grid point),-33.848858,151.19551,autumn,1,9.4,46.8,Q3,S,170,8.3,360,18.8,168,10.5
2020-3-26,Sydney (ERA5 grid point),-33.848858,151.19551,autumn,1,5.3,54.0,Q4,S,174,22.7,177,22.7,176,0.0
2020-3-27,Sydney (ERA5 grid point),-33.848858,151.19551,autumn,1,1.1,34.2,Q2,ESE,118,15.6,116,13.8,129,-1.799999999999999
2020-3-28,Sydney (ERA5 grid point),-33.848858,151.19551,autumn,1,1.5,32.8,Q1,E,82,7.9,93,14.4,87,6.5
2020-3-29,Sydney (ERA5 grid point),-33.848858,151.19551,autumn,1,1.4,40.7,Q2,NNE,33,9.5,29,19.9,41,10.399999999999999
2020-3-30,Sydney (ERA5 grid point),-33.848858,151.19551,autumn,1,0.2,31.3,Q1,NW,326,9.1,351,15.6,289,6.5
2020-3-31,Sydney (ERA5 grid point),-33.848858,151.19551,autumn,1,1.5,33.1,Q1,S,180,4.3,265,11.9,166,7.6000000000000005
2020-4-1,Sydney (ERA5 grid point),-33.848858,151.19551,autumn,1,2.6,42.1,Q3,ENE,60,4.8,63,19.7,75,14.899999999999999
2020-4-2,Sydney (ERA5 grid point),-33.848858,151.19551,autumn,1,10.8,37.1,Q2,NNE,14,10.6,10,10.4,46,-0.1999999999999993
2020-4-3,Sydney (ERA5 grid point),-33.848858,151.19551,autumn,1,9.2,42.5,Q3,N,1,9.5,299,10.6,55,1.0999999999999996
2020-4-4,Sydney (ERA5 grid point),-33.848858,151.19551,autumn,0,2.7,72.0,Q4,NW,322,23.2,334,27.2,285,4.0
2020-4-5,Sydney (ERA5 grid point),-33.848858,151.19551,autumn,1,0.0,41.8,Q2,WNW,300,16.7,307,18.0,282,1.3000000000000007
2020-4-6,Sydney (ERA5 grid point),-33.848858,151.19551,autumn,1,0.2,38.2,Q2,SSW,209,7.8,257,18.2,150,10.399999999999999
2020-4-7,Sydney (ERA5 grid point),-33.848858,151.19551,autumn,1,1.8,40.0,Q2,S,176,18.4,184,13.7,162,-4.699999999999999
2020-4-8,Sydney (ERA5 grid point),-33.848858,151.19551,autumn,1,35.3,36.7,Q2,S,180,10.5,254,17.4,162,6.899999999999999
2020-4-9,Sydney (ERA5 grid point),-33.848858,151.19551,autumn,1,0.9,32.8,Q1,S,178,12.0,196,9.7,121,-2.3000000000000007
2020-4-10,Sydney (ERA5 grid point),-33.848858,151.19551,autumn,0,6.1,45.0,Q3,N,352,13.6,12,16.6,1,3.0000000000000018
2020-4-11,Sydney (ERA5 grid point),-33.848858,151.19551,autumn,0,0.0,61.9,Q4,WNW,283,19.5,298,24.5,269,5.0
2020-4-12,Sydney (ERA5 grid point),-33.848858,151.19551,autumn,0,0.0,41.8,Q2,WSW,246,14.2,254,11.0,139,-3.1999999999999993
2020-4-13,Sydney (ERA5 grid point),-33.848858,151.19551,autumn,0,0.0,26.6,Q1,NNW,328,8.3,270,12.0,81,3.6999999999999993
2020-4-14,Sydney (ERA5 grid point),-33.848858,151.19551,autumn,0,0.0,25.2,Q1,N,351,7.0,282,11.2,88,4.199999999999999
2020-4-15,Sydney (ERA5 grid point),-33.848858,151.19551,autumn,0,0.0,33.5,Q1,N,4,5.5,281,14.1,50,8.6
2020-4-16,Sydney (ERA5 grid point),-33.848858,151.19551,autumn,0,0.0,40.0,Q2,NW,324,11.7,315,17.2,323,5.5
2020-4-17,Sydney (ERA5 grid point),-33.848858,151.19551,autumn,0,0.0,46.4,Q3,WSW,248,18.7,236,11.3,261,-7.399999999999999
2020-4-18,Sydney (ERA5 grid point),-33.848858,151.19551,autumn,1,0.0,47.2,Q3,WSW,239,22.4,259,11.6,120,-10.799999999999999
2020-4-19,Sydney (ERA5 grid point),-33.848858,151.19551,autumn,0,1.7,26.3,Q1,NNW,339,3.4,252,6.5,96,3.1
2020-4-20,Sydney (ERA5 grid point),-33.848858,151.19551,autumn,0,0.0,29.2,Q1,WNW,299,8.5,282,11.3,323,2.8000000000000007
2020-4-21,Sydney (ERA5 grid point),-33.848858,151.19551,autumn,0,0.0,31.0,Q1,NW,318,6.2,249,14.3,72,8.100000000000001
2020-4-22,Sydney (ERA5 grid point),-33.848858,151.19551,autumn,0,0.0,40.7,Q2,W,260,17.1,263,8.9,230,-8.200000000000001
2020-4-23,Sydney (ERA5 grid point),-33.848858,151.19551,autumn,0,0.0,27.4,Q1,NW,313,11.6,277,10.3,36,-1.299999999999999
2020-4-24,Sydney (ERA5 grid point),-33.848858,151.19551,autumn,0,0.0,31.0,Q1,W,279,11.0,281,10.5,254,-0.5
2020-4-25,Sydney (ERA5 grid point),-33.848858,151.19551,autumn,0,0.0,34.2,Q2,NNW,347,9.0,275,14.6,50,5.6
2020-4-26,Sydney (ERA5 grid point),-33.848858,151.19551,autumn,1,0.0,45.7,Q3,WNW,291,12.0,319,17.5,302,5.5
2020-4-27,Sydney (ERA5 grid point),-33.848858,151.19551,autumn,1,2.3,28.8,Q1,SE,144,8.8,235,11.7,99,2.8999999999999986
2020-4-28,Sydney (ERA5 grid point),-33.848858,151.19551,autumn,0,0.1,41.8,Q2,NE,38,17.4,40,17.1,44,-0.29999999999999716
2020-4-29,Sydney (ERA5 grid point),-33.848858,151.19551,autumn,1,0.0,33.8,Q1,NNE,19,14.6,20,14.3,49,-0.29999999999999893
2020-4-30,Sydney (ERA5 grid point),-33.848858,151.19551,autumn,0,16.0,57.6,Q4,NNW,329,17.9,19,17.3,293,-0.5999999999999979
2020-5-1,Sydney (ERA5 grid point),-33.848858,151.19551,autumn,0,0.0,67.3,Q4,NW,311,19.8,307,33.2,290,13.400000000000002
2020-5-2,Sydney (ERA5 grid point),-33.848858,151.19551,autumn,0,0.0,60.1,Q4,WNW,288,23.1,285,30.2,278,7.099999999999998
2020-5-3,Sydney (ERA5 grid point),-33.848858,151.19551,autumn,0,0.0,47.5,Q3,WSW,240,21.9,256,17.3,185,-4.599999999999998
2020-5-4,Sydney (ERA5 grid point),-33.848858,151.19551,autumn,1,0.0,46.4,Q3,SW,233,12.3,277,20.9,179,8.599999999999998
2020-5-5,Sydney (ERA5 grid point),-33.848858,151.19551,autumn,0,0.9,40.0,Q2,SSW,204,9.3,216,14.9,173,5.6
2020-5-6,Sydney (ERA5 grid point),-33.848858,151.19551,autumn,0,0.0,25.6,Q1,NNW,330,7.6,295,8.9,21,1.3000000000000007
2020-5-7,Sydney (ERA5 grid point),-33.848858,151.19551,autumn,0,0.0,30.6,Q1,NW,325,6.8,295,9.8,336,3.000000000000001
2020-5-8,Sydney (ERA5 grid point),-33.848858,151.19551,autumn,0,0.0,32.4,Q1,NNW,332,15.9,321,9.1,353,-6.800000000000001
2020-5-9,Sydney (ERA5 grid point),-33.848858,151.19551,autumn,0,0.0,49.3,Q3,NNW,333,20.1,339,24.4,326,4.299999999999997
2020-5-10,Sydney (ERA5 grid point),-33.848858,151.19551,autumn,0,0.0,63.4,Q4,WSW,251,32.0,271,13.5,222,-18.5
2020-5-11,Sydney (ERA5 grid point),-33.848858,151.19551,autumn,0,0.0,33.5,Q1,WSW,245,14.4,270,14.7,163,0.29999999999999893
2020-5-12,Sydney (ERA5 grid point),-33.848858,151.19551,autumn,0,0.0,27.7,Q1,NNW,333,11.0,281,10.1,35,-0.9000000000000004
2020-5-13,Sydney (ERA5 grid point),-33.848858,151.19551,autumn,1,0.0,26.3,Q1,W,270,11.3,279,12.3,249,1.0
2020-5-14,Sydney (ERA5 grid point),-33.848858,151.19551,autumn,1,2.7,49.3,Q3,S,186,18.1,175,24.5,178,6.399999999999999
2020-5-15,Sydney (ERA5 grid point),-33.848858,151.19551,autumn,1,4.1,46.4,Q3,SSW,202,11.5,238,15.5,168,4.0
2020-5-16,Sydney (ERA5 grid point),-33.848858,151.19551,autumn,1,0.4,26.3,Q1,S,169,10.9,261,9.8,126,-1.0999999999999996
2020-5-17,Sydney (ERA5 grid point),-33.848858,151.19551,autumn,1,0.8,23.4,Q1,SW,220,8.9,284,9.0,151,0.09999999999999964
2020-5-18,Sydney (ERA5 grid point),-33.848858,151.19551,autumn,0,0.3,19.8,Q1,WNW,297,2.3,288,4.5,104,2.2
2020-5-19,Sydney (ERA5 grid point),-33.848858,151.19551,autumn,0,0.0,24.1,Q1,N,357,3.8,287,11.4,55,7.6000000000000005
2020-5-20,Sydney (ERA5 grid point),-33.848858,151.19551,autumn,1,0.0,47.9,Q3,NNW,341,16.6,342,12.3,320,-4.300000000000001
2020-5-21,Sydney (ERA5 grid point),-33.848858,151.19551,autumn,1,18.9,51.1,Q4,WNW,297,9.5,331,5.1,4,-4.4
2020-5-22,Sydney (ERA5 grid point),-33.848858,151.19551,autumn,1,34.4,71.6,Q4,WSW,250,30.1,258,26.1,232,-4.0
2020-5-23,Sydney (ERA5 grid point),-33.848858,151.19551,autumn,1,5.8,51.5,Q4,W,265,23.8,267,22.3,269,-1.5
2020-5-24,Sydney (ERA5 grid point),-33.848858,151.19551,autumn,1,2.1,60.1,Q4,SW,228,25.9,215,27.1,209,1.2000000000000028
2020-5-25,Sydney (ERA5 grid point),-33.848858,151.19551,autumn,1,14.9,58.7,Q4,SSW,212,25.7,224,30.3,210,4.600000000000001
2020-5-26,Sydney (ERA5 grid point),-33.848858,151.19551,autumn,1,10.1,55.8,Q4,S,187,15.3,195,20.6,176,5.300000000000001
2020-5-27,Sydney (ERA5 grid point),-33.848858,151.19551,autumn,1,0.7,26.3,Q1,SW,222,8.4,245,7.6,161,-0.8000000000000007
2020-5-28,Sydney (ERA5 grid point),-33.848858,151.19551,autumn,1,0.1,27.7,Q1,W,266,11.4,281,7.1,255,-4.300000000000001
2020-5-29,Sydney (ERA5 grid point),-33.848858,151.19551,autumn,0,2.0,26.3,Q1,SW,222,6.4,254,8.8,171,2.4000000000000004
2020-5-30,Sydney (ERA5 grid point),-33.848858,151.19551,autumn,0,0.0,26.3,Q1,NNW,344,9.0,286,12.7,47,3.6999999999999993
2020-5-31,Sydney (ERA5 grid point),-33.848858,151.19551,autumn,0,0.0,31.3,Q1,NNW,343,13.0,346,10.0,334,-3.0
2020-6-1,Sydney (ERA5 grid point),-33.848858,151.19551,winter,1,0.0,49.7,Q3,NW,323,17.6,1,19.7,301,2.099999999999998
2020-6-2,Sydney (ERA5 grid point),-33.848858,151.19551,winter,0,1.4,53.6,Q4,W,267,23.6,262,25.9,260,2.299999999999997
2020-6-3,Sydney (ERA5 grid point),-33.848858,151.19551,winter,0,0.0,53.3,Q4,SW,230,23.1,255,24.9,175,1.7999999999999972
2020-6-4,Sydney (ERA5 grid point),-33.848858,151.19551,winter,0,0.0,50.4,Q3,SW,225,13.3,237,14.8,193,1.5
2020-6-5,Sydney (ERA5 grid point),-33.848858,151.19551,winter,0,0.0,24.8,Q1,WNW,293,11.0,281,3.1,45,-7.9
2020-6-6,Sydney (ERA5 grid point),-33.848858,151.19551,winter,1,0.0,28.4,Q1,WNW,293,13.0,289,1.5,166,-11.5
2020-6-7,Sydney (ERA5 grid point),-33.848858,151.19551,winter,1,3.9,31.0,Q1,SW,224,8.7,287,13.0,185,4.300000000000001
2020-6-8,Sydney (ERA5 grid point),-33.848858,151.19551,winter,1,2.3,48.6,Q3,SW,214,14.2,240,24.0,197,9.8
2020-6-9,Sydney (ERA5 grid point),-33.848858,151.19551,winter,1,1.6,32.8,Q1,SSW,203,8.4,230,6.5,146,-1.9000000000000004
2020-6-10,Sydney (ERA5 grid point),-33.848858,151.19551,winter,1,16.9,27.0,Q1,NNE,21,6.3,336,11.6,60,5.3
2020-6-11,Sydney (ERA5 grid point),-33.848858,151.19551,winter,1,0.6,39.2,Q2,SW,216,10.9,276,19.8,178,8.9
2020-6-12,Sydney (ERA5 grid point),-33.848858,151.19551,winter,0,5.0,29.2,Q1,SSW,209,11.2,176,11.1,167,-0.09999999999999964
2020-6-13,Sydney (ERA5 grid point),-33.848858,151.19551,winter,1,0.0,26.6,Q1,NNW,348,6.7,286,11.0,58,4.3
2020-6-14,Sydney (ERA5 grid point),-33.848858,151.19551,winter,0,6.7,41.8,Q2,WNW,301,16.1,318,14.5,264,-1.6000000000000014
2020-6-15,Sydney (ERA5 grid point),-33.848858,151.19551,winter,0,0.0,26.3,Q1,WNW,296,9.3,286,7.4,293,-1.9000000000000004
2020-6-16,Sydney (ERA5 grid point),-33.848858,151.19551,winter,1,0.0,23.8,Q1,WNW,298,10.8,307,6.5,276,-4.300000000000001
2020-6-17,Sydney (ERA5 grid point),-33.848858,151.19551,winter,0,2.3,42.1,Q3,S,184,7.6,265,17.7,153,10.1
2020-6-18,Sydney (ERA5 grid point),-33.848858,151.19551,winter,0,0.0,24.8,Q1,ESE,119,2.6,286,6.6,119,3.9999999999999996
2020-6-19,Sydney (ERA5 grid point),-33.848858,151.19551,winter,0,0.0,23.4,Q1,NNW,342,7.3,281,10.2,39,2.8999999999999995
2020-6-20,Sydney (ERA5 grid point),-33.848858,151.19551,winter,1,0.0,27.4,Q1,N,349,7.9,300,11.2,360,3.299999999999999
2020-6-21,Sydney (ERA5 grid point),-33.848858,151.19551,winter,0,5.6,37.4,Q2,NNW,342,16.6,355,12.0,316,-4.600000000000001
2020-6-22,Sydney (ERA5 grid point),-33.848858,151.19551,winter,0,0.0,40.7,Q2,WNW,286,9.1,279,15.6,262,6.5
2020-6-23,Sydney (ERA5 grid point),-33.848858,151.19551,winter,1,0.0,42.5,Q3,W,276,17.6,269,18.1,247,0.5
2020-6-24,Sydney (ERA5 grid point),-33.848858,151.19551,winter,0,0.3,48.2,Q3,W,263,22.0,270,16.7,251,-5.300000000000001
2020-6-25,Sydney (ERA5 grid point),-33.848858,151.19551,winter,1,0.0,37.1,Q2,W,262,17.9,260,13.1,249,-4.799999999999999
2020-6-26,Sydney (ERA5 grid point),-33.848858,151.19551,winter,1,0.1,30.6,Q1,WSW,241,12.6,272,13.0,152,0.40000000000000036
2020-6-27,Sydney (ERA5 grid point),-33.848858,151.19551,winter,1,1.8,36.4,Q2,SSW,204,13.0,199,17.7,175,4.699999999999999
2020-6-28,Sydney (ERA5 grid point),-33.848858,151.19551,winter,1,0.5,37.1,Q2,SSW,209,10.2,238,18.4,183,8.2
2020-6-29,Sydney (ERA5 grid point),-33.848858,151.19551,winter,1,1.3,26.6,Q1,SSW,202,7.1,221,12.9,150,5.800000000000001
2020-6-30,Sydney (ERA5 grid point),-33.848858,151.19551,winter,0,0.1,21.6,Q1,NNW,331,9.3,283,6.1,28,-3.200000000000001
2020-7-1,Sydney (ERA5 grid point),-33.848858,151.19551,winter,1,0.0,32.8,Q1,NNW,331,10.5,292,7.3,33,-3.2
2020-7-2,Sydney (ERA5 grid point),-33.848858,151.19551,winter,1,0.1,40.3,Q2,NNW,335,19.4,329,17.3,329,-2.099999999999998
2020-7-3,Sydney (ERA5 grid point),-33.848858,151.19551,winter,1,0.4,34.6,Q2,W,264,8.6,270,14.5,247,5.9
2020-7-4,Sydney (ERA5 grid point),-33.848858,151.19551,winter,0,4.8,43.2,Q3,W,262,16.6,252,12.2,242,-4.400000000000002
2020-7-5,Sydney (ERA5 grid point),-33.848858,151.19551,winter,0,0.0,50.4,Q3,WSW,252,16.9,259,10.7,194,-6.199999999999999
2020-7-6,Sydney (ERA5 grid point),-33.848858,151.19551,winter,1,0.0,28.4,Q1,WSW,244,13.7,268,9.9,147,-3.799999999999999
2020-7-7,Sydney (ERA5 grid point),-33.848858,151.19551,winter,1,1.4,35.3,Q2,SW,228,10.0,300,16.6,184,6.600000000000001
2020-7-8,Sydney (ERA5 grid point),-33.848858,151.19551,winter,1,0.7,22.3,Q1,SSW,210,9.8,234,7.2,117,-2.6000000000000005
2020-7-9,Sydney (ERA5 grid point),-33.848858,151.19551,winter,1,0.1,27.4,Q1,NNW,336,7.4,284,6.8,65,-0.6000000000000005
2020-7-10,Sydney (ERA5 grid point),-33.848858,151.19551,winter,1,1.2,21.2,Q1,NW,307,8.3,304,7.2,307,-1.1000000000000005
2020-7-11,Sydney (ERA5 grid point),-33.848858,151.19551,winter,1,6.4,19.1,Q1,W,280,6.3,301,6.2,249,-0.09999999999999964
2020-7-12,Sydney (ERA5 grid point),-33.848858,151.19551,winter,1,2.5,23.0,Q1,W,280,9.0,286,3.7,61,-5.3
2020-7-13,Sydney (ERA5 grid point),-33.848858,151.19551,winter,1,3.6,29.2,Q1,WSW,256,11.4,283,8.8,199,-2.5999999999999996
2020-7-14,Sydney (ERA5 grid point),-33.848858,151.19551,winter,1,13.5,75.6,Q4,SSW,211,31.7,195,28.9,199,-2.8000000000000007
2020-7-15,Sydney (ERA5 grid point),-33.848858,151.19551,winter,1,2.0,63.0,Q4,SW,223,24.0,229,25.1,205,1.1000000000000014
2020-7-16,Sydney (ERA5 grid point),-33.848858,151.19551,winter,1,0.2,50.8,Q3,SW,228,16.4,244,20.9,209,4.5
2020-7-17,Sydney (ERA5 grid point),-33.848858,151.19551,winter,1,0.7,47.9,Q3,SW,215,14.1,232,23.2,199,9.1
2020-7-18,Sydney (ERA5 grid point),-33.848858,151.19551,winter,0,0.2,27.4,Q1,W,274,12.1,282,2.1,59,-10.0
2020-7-19,Sydney (ERA5 grid point),-33.848858,151.19551,winter,0,0.0,32.4,Q1,NW,312,9.5,281,10.6,305,1.0999999999999996
2020-7-20,Sydney (ERA5 grid point),-33.848858,151.19551,winter,0,0.0,46.4,Q3,W,268,21.9,256,14.9,262,-6.999999999999998
2020-7-21,Sydney (ERA5 grid point),-33.848858,151.19551,winter,0,0.0,37.1,Q2,SW,233,11.8,243,13.0,180,1.1999999999999993
2020-7-22,Sydney (ERA5 grid point),-33.848858,151.19551,winter,0,0.0,23.0,Q1,NW,306,10.2,280,6.3,24,-3.8999999999999995
2020-7-23,Sydney (ERA5 grid point),-33.848858,151.19551,winter,0,0.0,24.8,Q1,WNW,284,10.0,285,6.9,129,-3.0999999999999996
2020-7-24,Sydney (ERA5 grid point),-33.848858,151.19551,winter,1,0.0,26.6,Q1,NNW,334,10.1,272,11.8,70,1.700000000000001
2020-7-25,Sydney (ERA5 grid point),-33.848858,151.19551,winter,1,3.0,30.6,Q1,NNW,347,4.6,288,8.9,58,4.300000000000001
2020-7-26,Sydney (ERA5 grid point),-33.848858,151.19551,winter,1,76.3,92.2,Q4,S,173,5.8,240,19.1,90,13.3
2020-7-27,Sydney (ERA5 grid point),-33.848858,151.19551,winter,1,23.3,57.6,Q4,WSW,245,25.2,239,21.6,240,-3.599999999999998
2020-7-28,Sydney (ERA5 grid point),-33.848858,151.19551,winter,0,13.1,58.0,Q4,SW,224,27.9,205,20.3,203,-7.599999999999998
2020-7-29,Sydney (ERA5 grid point),-33.848858,151.19551,winter,0,0.0,31.0,Q1,SW,229,9.4,277,11.8,192,2.4000000000000004
2020-7-30,Sydney (ERA5 grid point),-33.848858,151.19551,winter,0,0.0,46.8,Q3,SSW,207,10.5,254,19.2,174,8.7
2020-7-31,Sydney (ERA5 grid point),-33.848858,151.19551,winter,0,0.0,33.5,Q1,SSW,204,12.8,232,11.1,144,-1.700000000000001
2020-8-1,Sydney (ERA5 grid point),-33.848858,151.19551,winter,0,0.0,23.0,Q1,NW,323,8.1,291,4.7,23,-3.3999999999999995
2020-8-2,Sydney (ERA5 grid point),-33.848858,151.19551,winter,0,0.0,25.9,Q1,WNW,303,11.7,279,6.2,100,-5.499999999999999
2020-8-3,Sydney (ERA5 grid point),-33.848858,151.19551,winter,0,0.0,24.5,Q1,WNW,296,10.9,279,1.6,27,-9.3
2020-8-4,Sydney (ERA5 grid point),-33.848858,151.19551,winter,0,0.0,43.9,Q3,WNW,291,14.3,311,17.7,294,3.3999999999999986
2020-8-5,Sydney (ERA5 grid point),-33.848858,151.19551,winter,0,0.0,49.0,Q3,W,280,16.3,313,11.7,259,-4.600000000000001
2020-8-6,Sydney (ERA5 grid point),-33.848858,151.19551,winter,1,0.0,37.4,Q2,WSW,245,18.0,268,11.2,138,-6.800000000000001
2020-8-7,Sydney (ERA5 grid point),-33.848858,151.19551,winter,1,18.6,36.0,Q2,ENE,66,7.7,127,11.1,29,3.3999999999999995
2020-8-8,Sydney (ERA5 grid point),-33.848858,151.19551,winter,1,4.0,33.8,Q1,W,274,9.2,281,12.7,295,3.5
2020-8-9,Sydney (ERA5 grid point),-33.848858,151.19551,winter,1,21.9,73.4,Q4,W,274,10.2,280,24.5,246,14.3
2020-8-10,Sydney (ERA5 grid point),-33.848858,151.19551,winter,1,12.9,90.0,Q4,S,174,35.8,163,33.0,191,-2.799999999999997
2020-8-11,Sydney (ERA5 grid point),-33.848858,151.19551,winter,1,0.2,26.6,Q1,SW,228,6.2,263,11.4,101,5.2
2020-8-12,Sydney (ERA5 grid point),-33.848858,151.19551,winter,0,0.6,23.8,Q1,N,352,5.5,349,10.9,343,5.4
2020-8-13,Sydney (ERA5 grid point),-33.848858,151.19551,winter,1,0.0,28.1,Q1,WNW,300,9.0,275,3.2,297,-5.8
2020-8-14,Sydney (ERA5 grid point),-33.848858,151.19551,winter,1,5.8,25.6,Q1,NNW,328,6.0,287,3.1,159,-2.9
2020-8-15,Sydney (ERA5 grid point),-33.848858,151.19551,winter,0,0.5,45.4,Q3,W,272,13.3,272,20.8,256,7.5
2020-8-16,Sydney (ERA5 grid point),-33.848858,151.19551,winter,0,0.0,42.8,Q3,W,281,18.1,276,20.9,274,2.799999999999997
2020-8-17,Sydney (ERA5 grid point),-33.848858,151.19551,winter,1,0.0,42.8,Q3,W,266,20.5,267,17.9,245,-2.6000000000000014
2020-8-18,Sydney (ERA5 grid point),-33.848858,151.19551,winter,1,1.4,38.2,Q2,NW,325,15.3,341,13.7,305,-1.6000000000000014
2020-8-19,Sydney (ERA5 grid point),-33.848858,151.19551,winter,0,0.2,73.8,Q4,NW,304,15.8,360,35.8,285,19.999999999999996
2020-8-20,Sydney (ERA5 grid point),-33.848858,151.19551,winter,1,0.0,56.2,Q4,WNW,282,13.5,295,27.7,272,14.2
2020-8-21,Sydney (ERA5 grid point),-33.848858,151.19551,winter,1,0.1,50.4,Q3,NW,308,19.8,333,24.7,286,4.899999999999999
2020-8-22,Sydney (ERA5 grid point),-33.848858,151.19551,winter,0,0.2,64.1,Q4,WNW,289,24.3,285,27.8,273,3.5
2020-8-23,Sydney (ERA5 grid point),-33.848858,151.19551,winter,0,0.0,74.9,Q4,W,266,33.3,264,34.2,253,0.9000000000000057
2020-8-24,Sydney (ERA5 grid point),-33.848858,151.19551,winter,1,0.0,49.0,Q3,W,259,23.7,260,11.7,236,-12.0
2020-8-25,Sydney (ERA5 grid point),-33.848858,151.19551,winter,0,0.1,35.6,Q2,WSW,237,12.0,263,15.6,151,3.5999999999999996
2020-8-26,Sydney (ERA5 grid point),-33.848858,151.19551,winter,0,0.0,29.9,Q1,WNW,301,12.7,277,10.5,82,-2.1999999999999993
2020-8-27,Sydney (ERA5 grid point),-33.848858,151.19551,winter,0,0.0,27.0,Q1,WNW,288,10.5,278,11.8,301,1.3000000000000007
2020-8-28,Sydney (ERA5 grid point),-33.848858,151.19551,winter,0,0.0,41.8,Q2,WSW,250,19.3,249,17.5,166,-1.8000000000000007
2020-8-29,Sydney (ERA5 grid point),-33.848858,151.19551,winter,0,0.0,29.9,Q1,NNW,339,9.3,283,8.5,54,-0.8000000000000007
2020-8-30,Sydney (ERA5 grid point),-33.848858,151.19551,winter,1,0.0,25.9,Q1,NNW,339,8.2,319,9.9,33,1.700000000000001
2020-8-31,Sydney (ERA5 grid point),-33.848858,151.19551,winter,1,0.6,58.3,Q4,SSW,211,18.5,263,28.2,166,9.7
2020-9-1,Sydney (ERA5 grid point),-33.848858,151.19551,spring,0,0.1,34.9,Q2,ENE,76,4.4,235,14.2,74,9.799999999999999
2020-9-2,Sydney (ERA5 grid point),-33.848858,151.19551,spring,0,0.0,33.5,Q1,NNW,344,9.8,336,10.9,8,1.0999999999999996
2020-9-3,Sydney (ERA5 grid point),-33.848858,151.19551,spring,1,0.0,58.3,Q4,NNW,333,26.6,327,20.9,306,-5.700000000000003
2020-9-4,Sydney (ERA5 grid point),-33.848858,151.19551,spring,1,8.1,41.4,Q2,N,352,7.9,286,12.8,38,4.9
2020-9-5,Sydney (ERA5 grid point),-33.848858,151.19551,spring,1,0.6,43.2,Q3,WSW,237,16.4,279,14.2,117,-2.1999999999999993
2020-9-6,Sydney (ERA5 grid point),-33.848858,151.19551,spring,0,0.4,30.6,Q1,ENE,66,4.9,216,13.0,76,8.1
2020-9-7,Sydney (ERA5 grid point),-33.848858,151.19551,spring,0,0.0,43.6,Q3,NNE,26,7.8,13,20.9,46,13.099999999999998
2020-9-8,Sydney (ERA5 grid point),-33.848858,151.19551,spring,1,0.0,37.1,Q2,NNE,20,8.6,22,17.8,43,9.200000000000001
2020-9-9,Sydney (ERA5 grid point),-33.848858,151.19551,spring,1,16.1,55.4,Q4,S,182,21.8,171,18.4,178,-3.400000000000002
2020-9-10,Sydney (ERA5 grid point),-33.848858,151.19551,spring,0,1.3,45.7,Q3,SSE,151,22.0,142,19.5,161,-2.5
2020-9-11,Sydney (ERA5 grid point),-33.848858,151.19551,spring,0,0.0,35.3,Q2,ENE,58,3.7,299,16.6,66,12.900000000000002
2020-9-12,Sydney (ERA5 grid point),-33.848858,151.19551,spring,0,0.0,41.0,Q2,NNE,14,9.6,340,18.9,55,9.299999999999999
2020-9-13,Sydney (ERA5 grid point),-33.848858,151.19551,spring,0,0.0,31.0,Q1,WNW,297,9.5,295,5.8,248,-3.7
2020-9-14,Sydney (ERA5 grid point),-33.848858,151.19551,spring,1,0.0,36.7,Q2,SSE,147,6.1,225,15.8,111,9.700000000000001
2020-9-15,Sydney (ERA5 grid point),-33.848858,151.19551,spring,0,0.8,43.9,Q3,NNE,33,4.9,36,20.1,44,15.200000000000001
2020-9-16,Sydney (ERA5 grid point),-33.848858,151.19551,spring,1,0.0,37.8,Q2,N,11,5.9,346,17.9,50,11.999999999999998
2020-9-17,Sydney (ERA5 grid point),-33.848858,151.19551,spring,1,0.6,70.6,Q4,SW,228,11.8,297,9.8,298,-2.0
2020-9-18,Sydney (ERA5 grid point),-33.848858,151.19551,spring,1,3.0,34.6,Q2,SE,141,8.6,147,13.8,110,5.200000000000001
2020-9-19,Sydney (ERA5 grid point),-33.848858,151.19551,spring,1,2.4,52.2,Q4,NE,44,5.8,30,21.6,62,15.8
2020-9-20,Sydney (ERA5 grid point),-33.848858,151.19551,spring,1,7.8,51.5,Q4,NNE,24,16.3,25,20.9,29,4.599999999999998
2020-9-21,Sydney (ERA5 grid point),-33.848858,151.19551,spring,1,2.3,40.3,Q2,N,358,13.5,351,14.8,34,1.3000000000000007
2020-9-22,Sydney (ERA5 grid point),-33.848858,151.19551,spring,1,0.7,47.5,Q3,WNW,300,14.1,267,20.6,289,6.500000000000002
2020-9-23,Sydney (ERA5 grid point),-33.848858,151.19551,spring,0,0.5,38.9,Q2,WNW,292,11.1,335,18.7,268,7.6
2020-9-24,Sydney (ERA5 grid point),-33.848858,151.19551,spring,1,0.0,48.6,Q3,WNW,284,22.7,270,17.5,284,-5.199999999999999
2020-9-25,Sydney (ERA5 grid point),-33.848858,151.19551,spring,1,0.9,67.3,Q4,NW,322,20.9,1,27.8,319,6.900000000000002
2020-9-26,Sydney (ERA5 grid point),-33.848858,151.19551,spring,1,0.1,65.9,Q4,W,279,32.2,284,31.0,261,-1.2000000000000028
2020-9-27,Sydney (ERA5 grid point),-33.848858,151.19551,spring,0,0.2,44.6,Q3,SW,224,19.9,250,20.4,159,0.5
2020-9-28,Sydney (ERA5 grid point),-33.848858,151.19551,spring,1,0.0,41.4,Q2,NE,48,6.6,279,18.7,62,12.1
2020-9-29,Sydney (ERA5 grid point),-33.848858,151.19551,spring,1,0.3,37.1,Q2,ENE,69,3.8,139,15.5,65,11.7
2020-9-30,Sydney (ERA5 grid point),-33.848858,151.19551,spring,1,0.1,42.8,Q3,N,356,12.7,15,19.8,348,7.100000000000001
2020-10-1,Sydney (ERA5 grid point),-33.848858,151.19551,spring,0,0.7,45.7,Q3,NW,305,16.1,254,19.3,119,3.1999999999999993
2020-10-2,Sydney (ERA5 grid point),-33.848858,151.19551,spring,0,0.0,35.3,Q2,N,3,6.0,295,13.0,62,7.0
2020-10-3,Sydney (ERA5 grid point),-33.848858,151.19551,spring,0,0.0,51.1,Q4,NNE,29,6.1,40,21.9,45,15.799999999999999
2020-10-4,Sydney (ERA5 grid point),-33.848858,151.19551,spring,0,0.0,47.9,Q3,NNE,29,9.5,25,21.1,43,11.600000000000001
2020-10-5,Sydney (ERA5 grid point),-33.848858,151.19551,spring,1,0.0,73.4,Q4,N,2,20.7,353,10.1,17,-10.6
2020-10-6,Sydney (ERA5 grid point),-33.848858,151.19551,spring,1,0.1,65.2,Q4,S,183,19.6,193,17.3,168,-2.3000000000000007
2020-10-7,Sydney (ERA5 grid point),-33.848858,151.19551,spring,1,5.5,25.9,Q1,SSE,151,7.2,217,6.9,129,-0.2999999999999998
2020-10-8,Sydney (ERA5 grid point),-33.848858,151.19551,spring,0,3.2,47.2,Q3,N,354,15.1,12,4.6,315,-10.5
2020-10-9,Sydney (ERA5 grid point),-33.848858,151.19551,spring,0,0.0,56.9,Q4,W,272,14.2,277,22.5,276,8.3
2020-10-10,Sydney (ERA5 grid point),-33.848858,151.19551,spring,0,0.0,37.4,Q2,W,272,15.7,254,17.2,80,1.5
2020-10-11,Sydney (ERA5 grid point),-33.848858,151.19551,spring,1,0.0,45.4,Q3,N,356,6.0,287,22.9,42,16.9
2020-10-12,Sydney (ERA5 grid point),-33.848858,151.19551,spring,0,0.9,36.7,Q2,ESE,103,10.5,131,13.0,96,2.5
2020-10-13,Sydney (ERA5 grid point),-33.848858,151.19551,spring,0,0.0,49.3,Q3,SE,127,4.0,297,16.5,58,12.5
2020-10-14,Sydney (ERA5 grid point),-33.848858,151.19551,spring,0,0.0,36.7,Q2,SSE,160,16.4,165,15.3,129,-1.0999999999999979
2020-10-15,Sydney (ERA5 grid point),-33.848858,151.19551,spring,1,0.0,47.5,Q3,NNE,24,14.0,23,21.2,40,7.199999999999999
2020-10-16,Sydney (ERA5 grid point),-33.848858,151.19551,spring,1,0.6,56.2,Q4,S,175,24.5,183,19.8,155,-4.699999999999999
2020-10-17,Sydney (ERA5 grid point),-33.848858,151.19551,spring,1,0.6,59.8,Q4,NNE,29,21.8,31,20.2,31,-1.6000000000000014
2020-10-18,Sydney (ERA5 grid point),-33.848858,151.19551,spring,1,2.4,49.0,Q3,SSE,153,8.2,285,15.9,96,7.700000000000001
2020-10-19,Sydney (ERA5 grid point),-33.848858,151.19551,spring,1,1.4,40.0,Q2,SSE,155,17.7,160,18.7,142,1.0
2020-10-20,Sydney (ERA5 grid point),-33.848858,151.19551,spring,0,0.9,34.2,Q2,E,80,10.1,90,15.2,76,5.1
2020-10-21,Sydney (ERA5 grid point),-33.848858,151.19551,spring,0,0.0,45.4,Q3,NNE,32,16.2,37,21.4,46,5.199999999999999
2020-10-22,Sydney (ERA5 grid point),-33.848858,151.19551,spring,0,0.0,41.8,Q2,ENE,57,11.4,152,16.7,71,5.299999999999999
2020-10-23,Sydney (ERA5 grid point),-33.848858,151.19551,spring,1,0.0,52.2,Q4,NE,39,8.2,38,23.7,44,15.5
2020-10-24,Sydney (ERA5 grid point),-33.848858,151.19551,spring,1,16.1,58.7,Q4,N,358,16.5,350,11.4,18,-5.1
2020-10-25,Sydney (ERA5 grid point),-33.848858,151.19551,spring,1,29.1,63.4,Q4,S,181,25.6,190,22.4,206,-3.200000000000003
2020-10-26,Sydney (ERA5 grid point),-33.848858,151.19551,spring,1,25.9,77.4,Q4,SSE,166,35.1,161,33.5,171,-1.6000000000000014
2020-10-27,Sydney (ERA5 grid point),-33.848858,151.19551,spring,1,5.4,48.6,Q3,S,186,23.4,182,20.5,177,-2.8999999999999986
2020-10-28,Sydney (ERA5 grid point),-33.848858,151.19551,spring,1,3.3,34.6,Q2,S,177,12.4,163,13.6,143,1.1999999999999993
2020-10-29,Sydney (ERA5 grid point),-33.848858,151.19551,spring,1,9.5,35.3,Q2,S,179,15.1,192,10.1,163,-5.0
2020-10-30,Sydney (ERA5 grid point),-33.848858,151.19551,spring,1,0.5,34.9,Q2,ESE,114,6.9,171,11.3,112,4.4
2020-10-31,Sydney (ERA5 grid point),-33.848858,151.19551,spring,1,28.9,65.9,Q4,E,92,9.2,321,15.5,175,6.300000000000001
2020-11-1,Sydney (ERA5 grid point),-33.848858,151.19551,spring,0,16.7,69.8,Q4,SSW,208,30.3,184,35.1,190,4.800000000000001
2020-11-2,Sydney (ERA5 grid point),-33.848858,151.19551,spring,1,0.0,47.2,Q3,S,179,22.5,173,17.8,166,-4.699999999999999
2020-11-3,Sydney (ERA5 grid point),-33.848858,151.19551,spring,0,0.3,29.5,Q1,ESE,116,10.0,159,11.5,104,1.5
2020-11-4,Sydney (ERA5 grid point),-33.848858,151.19551,spring,1,0.0,40.7,Q2,NNE,16,11.2,15,19.4,40,8.2
2020-11-5,Sydney (ERA5 grid point),-33.848858,151.19551,spring,1,24.8,76.3,Q4,SSW,202,28.4,179,24.6,212,-3.799999999999997
2020-11-6,Sydney (ERA5 grid point),-33.848858,151.19551,spring,1,3.7,63.0,Q4,S,189,24.2,195,16.0,149,-8.2
2020-11-7,Sydney (ERA5 grid point),-33.848858,151.19551,spring,0,1.5,67.0,Q4,S,177,15.8,179,30.1,168,14.3
2020-11-8,Sydney (ERA5 grid point),-33.848858,151.19551,spring,1,0.0,44.3,Q3,SE,143,15.1,142,15.9,123,0.8000000000000007
2020-11-9,Sydney (ERA5 grid point),-33.848858,151.19551,spring,0,0.3,31.7,Q1,ENE,68,7.9,87,14.1,86,6.199999999999999
2020-11-10,Sydney (ERA5 grid point),-33.848858,151.19551,spring,0,0.0,41.0,Q2,NE,41,6.9,47,19.3,63,12.4
2020-11-11,Sydney (ERA5 grid point),-33.848858,151.19551,spring,1,0.0,47.9,Q3,NE,35,13.0,42,23.3,51,10.3
2020-11-12,Sydney (ERA5 grid point),-33.848858,151.19551,spring,1,0.8,41.0,Q2,NNE,16,11.0,308,8.0,10,-3.0
2020-11-13,Sydney (ERA5 grid point),-33.848858,151.19551,spring,0,19.1,49.3,Q3,N,356,19.0,10,5.2,295,-13.8
2020-11-14,Sydney (ERA5 grid point),-33.848858,151.19551,spring,0,0.0,42.5,Q3,ESE,102,10.0,240,17.2,119,7.199999999999999
2020-11-15,Sydney (ERA5 grid point),-33.848858,151.19551,spring,0,0.0,44.3,Q3,NNE,33,3.8,41,17.9,56,14.099999999999998
2020-11-16,Sydney (ERA5 grid point),-33.848858,151.19551,spring,1,0.0,59.4,Q4,NE,37,12.4,30,4.3,24,-8.100000000000001
2020-11-17,Sydney (ERA5 grid point),-33.848858,151.19551,spring,1,0.5,55.4,Q4,SE,131,15.8,137,20.7,107,4.899999999999999
2020-11-18,Sydney (ERA5 grid point),-33.848858,151.19551,spring,0,0.4,46.1,Q3,ENE,60,12.9,72,18.0,61,5.1
2020-11-19,Sydney (ERA5 grid point),-33.848858,151.19551,spring,0,0.0,53.6,Q4,NE,36,16.1,40,26.0,47,9.899999999999999
2020-11-20,Sydney (ERA5 grid point),-33.848858,151.19551,spring,0,0.0,62.6,Q4,NE,54,10.8,37,13.3,360,2.5
2020-11-21,Sydney (ERA5 grid point),-33.848858,151.19551,spring,0,0.0,47.2,Q3,S,174,19.1,180,15.0,136,-4.100000000000001
2020-11-22,Sydney (ERA5 grid point),-33.848858,151.19551,spring,1,0.0,36.7,Q2,N,1,9.7,39,8.7,24,-1.0
2020-11-23,Sydney (ERA5 grid point),-33.848858,151.19551,spring,0,3.9,52.9,Q4,WNW,283,14.1,328,17.1,321,3.0000000000000018
2020-11-24,Sydney (ERA5 grid point),-33.848858,151.19551,spring,1,0.0,52.2,Q4,S,171,25.2,181,20.3,153,-4.899999999999999
2020-11-25,Sydney (ERA5 grid point),-33.848858,151.19551,spring,0,0.9,40.0,Q2,ENE,58,6.8,90,17.4,60,10.599999999999998
2020-11-26,Sydney (ERA5 grid point),-33.848858,151.19551,spring,0,0.0,62.3,Q4,ESE,119,5.4,8,15.3,66,9.9
2020-11-27,Sydney (ERA5 grid point),-33.848858,151.19551,spring,0,0.0,50.8,Q3,E,100,5.2,155,20.9,58,15.7
2020-11-28,Sydney (ERA5 grid point),-33.848858,151.19551,spring,1,0.0,45.4,Q3,NNW,328,13.2,315,17.2,323,4.0
2020-11-29,Sydney (ERA5 grid point),-33.848858,151.19551,spring,1,1.9,76.0,Q4,WNW,296,35.4,322,33.3,292,-2.1000000000000014
2020-11-30,Sydney (ERA5 grid point),-33.848858,151.19551,spring,0,0.2,44.6,Q3,ESE,115,11.5,134,15.9,87,4.4
2020-12-1,Sydney (ERA5 grid point),-33.848858,151.19551,summer,1,0.0,61.9,Q4,NNE,30,18.3,32,30.1,40,11.8
2020-12-2,Sydney (ERA5 grid point),-33.848858,151.19551,summer,1,0.5,56.5,Q4,SSE,151,24.4,164,17.4,124,-7.0
2020-12-3,Sydney (ERA5 grid point),-33.848858,151.19551,summer,0,1.2,48.6,Q3,NE,49,15.8,49,23.2,49,7.399999999999999
2020-12-4,Sydney (ERA5 grid point),-33.848858,151.19551,summer,1,0.0,41.0,Q2,SSE,148,7.6,188,16.6,89,9.000000000000002
2020-12-5,Sydney (ERA5 grid point),-33.848858,151.19551,summer,0,8.5,79.6,Q4,NE,36,10.9,46,18.4,39,7.499999999999998
2020-12-6,Sydney (ERA5 grid point),-33.848858,151.19551,summer,0,0.0,55.1,Q4,WNW,299,19.5,286,27.5,284,8.0
2020-12-7,Sydney (ERA5 grid point),-33.848858,151.19551,summer,1,0.0,50.0,Q3,WNW,287,18.5,297,22.4,289,3.8999999999999986
2020-12-8,Sydney (ERA5 grid point),-33.848858,151.19551,summer,0,0.1,50.8,Q3,SSW,198,21.7,195,22.3,149,0.6000000000000014
2020-12-9,Sydney (ERA5 grid point),-33.848858,151.19551,summer,1,0.0,48.6,Q3,NE,46,3.3,6,22.2,63,18.9
2020-12-10,Sydney (ERA5 grid point),-33.848858,151.19551,summer,1,0.5,82.1,Q4,SSE,165,7.3,160,35.2,162,27.900000000000002
2020-12-11,Sydney (ERA5 grid point),-33.848858,151.19551,summer,1,0.4,55.1,Q4,SSE,149,21.5,149,21.5,157,0.0
2020-12-12,Sydney (ERA5 grid point),-33.848858,151.19551,summer,1,1.4,50.4,Q3,ESE,121,18.8,126,22.9,120,4.099999999999998
2020-12-13,Sydney (ERA5 grid point),-33.848858,151.19551,summer,1,1.3,42.5,Q3,E,85,14.1,103,17.4,83,3.299999999999999
2020-12-14,Sydney (ERA5 grid point),-33.848858,151.19551,summer,1,3.3,42.8,Q3,ENE,77,20.5,75,16.3,85,-4.199999999999999
2020-12-15,Sydney (ERA5 grid point),-33.848858,151.19551,summer,1,20.0,44.6,Q3,ENE,72,13.8,57,20.0,72,6.199999999999999
2020-12-16,Sydney (ERA5 grid point),-33.848858,151.19551,summer,1,6.8,52.2,Q4,NE,48,23.5,54,18.4,50,-5.100000000000001
2020-12-17,Sydney (ERA5 grid point),-33.848858,151.19551,summer,1,1.0,37.8,Q2,NNE,22,12.4,10,16.5,32,4.1
2020-12-18,Sydney (ERA5 grid point),-33.848858,151.19551,summer,1,2.3,59.0,Q4,WSW,240,11.5,268,6.9,298,-4.6
2020-12-19,Sydney (ERA5 grid point),-33.848858,151.19551,summer,1,11.7,41.8,Q2,SE,146,18.1,157,15.1,142,-3.0000000000000018
2020-12-20,Sydney (ERA5 grid point),-33.848858,151.19551,summer,1,5.7,35.6,Q2,ESE,106,7.6,149,13.5,119,5.9
2020-12-21,Sydney (ERA5 grid point),-33.848858,151.19551,summer,1,16.8,49.3,Q3,ENE,75,7.0,102,9.4,72,2.4000000000000004
2020-12-22,Sydney (ERA5 grid point),-33.848858,151.19551,summer,0,11.2,48.2,Q3,W,277,16.4,285,24.3,282,7.900000000000002
2020-12-23,Sydney (ERA5 grid point),-33.848858,151.19551,summer,1,0.0,52.6,Q4,SSW,204,18.5,213,22.7,165,4.199999999999999
2020-12-24,Sydney (ERA5 grid point),-33.848858,151.19551,summer,1,0.2,46.8,Q3,NNE,30,8.4,25,21.2,40,12.799999999999999
2020-12-25,Sydney (ERA5 grid point),-33.848858,151.19551,summer,1,3.1,57.2,Q4,SSE,154,24.6,153,20.3,150,-4.300000000000001
2020-12-26,Sydney (ERA5 grid point),-33.848858,151.19551,summer,1,4.4,49.0,Q3,NE,48,15.1,50,23.4,53,8.299999999999999
2020-12-27,Sydney (ERA5 grid point),-33.848858,151.19551,summer,1,0.2,40.7,Q2,N,8,15.8,297,18.9,51,3.099999999999998
2020-12-28,Sydney (ERA5 grid point),-33.848858,151.19551,summer,1,0.7,61.2,Q4,SSE,167,23.6,172,26.0,156,2.3999999999999986
2020-12-29,Sydney (ERA5 grid point),-33.848858,151.19551,summer,1,13.3,44.3,Q3,S,185,13.7,183,15.3,195,1.6000000000000014
2020-12-30,Sydney (ERA5 grid point),-33.848858,151.19551,summer,1,5.5,44.3,Q3,SE,137,18.3,144,16.7,127,-1.6000000000000014
2020-12-31,Sydney (ERA5 grid point),-33.848858,151.19551,summer,1,1.7,40.3,Q2,SSE,153,14.6,140,16.4,140,1.799999999999999
2021-1-1,Sydney (ERA5 grid point),-33.848858,151.19551,summer,1,2.0,43.6,Q3,SSE,152,21.3,154,18.8,160,-2.5
2021-1-2,Sydney (ERA5 grid point),-33.848858,151.19551,summer,1,6.8,33.1,Q1,ESE,104,9.7,112,13.7,93,4.0
2021-1-3,Sydney (ERA5 grid point),-33.848858,151.19551,summer,1,4.4,41.4,Q2,NE,39,20.6,36,14.5,55,-6.100000000000001
2021-1-4,Sydney (ERA5 grid point),-33.848858,151.19551,summer,1,1.3,21.6,Q1,N,356,5.1,266,8.4,317,3.3000000000000007
2021-1-5,Sydney (ERA5 grid point),-33.848858,151.19551,summer,1,0.8,40.7,Q2,ESE,123,7.6,225,14.7,62,7.1
2021-1-6,Sydney (ERA5 grid point),-33.848858,151.19551,summer,1,2.6,56.5,Q4,S,175,22.0,181,26.5,168,4.5
2021-1-7,Sydney (ERA5 grid point),-33.848858,151.19551,summer,1,2.4,48.2,Q3,SSE,168,20.6,175,21.8,158,1.1999999999999993
2021-1-8,Sydney (ERA5 grid point),-33.848858,151.19551,summer,1,4.6,50.0,Q3,SSE,157,24.6,145,20.5,152,-4.100000000000001
2021-1-9,Sydney (ERA5 grid point),-33.848858,151.19551,summer,0,0.1,36.0,Q2,SE,142,15.4,147,13.8,123,-1.5999999999999996
2021-1-10,Sydney (ERA5 grid point),-33.848858,151.19551,summer,0,0.0,40.0,Q2,NE,39,3.3,257,18.8,64,15.5
2021-1-11,Sydney (ERA5 grid point),-33.848858,151.19551,summer,0,0.0,46.1,Q3,NE,35,8.4,43,21.6,60,13.200000000000001
2021-1-12,Sydney (ERA5 grid point),-33.848858,151.19551,summer,0,0.0,41.4,Q2,NE,36,11.1,29,18.9,51,7.799999999999999
2021-1-13,Sydney (ERA5 grid point),-33.848858,151.19551,summer,0,0.0,46.4,Q3,NE,41,14.0,35,22.3,51,8.3
2021-1-14,Sydney (ERA5 grid point),-33.848858,151.19551,summer,0,0.0,57.6,Q4,NE,46,11.0,19,15.6,52,4.6
2021-1-15,Sydney (ERA5 grid point),-33.848858,151.19551,summer,0,0.0,49.0,Q3,SSE,152,10.0,193,23.1,59,13.100000000000001
2021-1-16,Sydney (ERA5 grid point),-33.848858,151.19551,summer,0,0.0,51.5,Q4,WSW,256,18.9,249,16.2,93,-2.6999999999999993
2021-1-17,Sydney (ERA5 grid point),-33.848858,151.19551,summer,0,0.0,42.8,Q3,SSE,157,16.0,194,16.8,113,0.8000000000000007
2021-1-18,Sydney (ERA5 grid point),-33.848858,151.19551,summer,1,0.0,49.7,Q3,NNE,23,9.0,360,20.4,58,11.399999999999999
2021-1-19,Sydney (ERA5 grid point),-33.848858,151.19551,summer,1,2.7,60.1,Q4,S,169,28.1,171,29.1,162,1.0
2021-1-20,Sydney (ERA5 grid point),-33.848858,151.19551,summer,0,0.3,31.3,Q1,SSE,162,13.4,153,12.6,143,-0.8000000000000007
2021-1-21,Sydney (ERA5 grid point),-33.848858,151.19551,summer,0,0.0,45.4,Q3,NNE,30,5.1,352,21.2,58,16.1
2021-1-22,Sydney (ERA5 grid point),-33.848858,151.19551,summer,0,0.0,42.5,Q3,NNE,20,5.1,4,19.7,50,14.6
2021-1-23,Sydney (ERA5 grid point),-33.848858,151.19551,summer,0,0.0,47.2,Q3,ENE,63,8.9,166,18.9,55,9.999999999999998
2021-1-24,Sydney (ERA5 grid point),-33.848858,151.19551,summer,0,0.0,47.2,Q3,NE,35,10.6,28,20.9,42,10.299999999999999
2021-1-25,Sydney (ERA5 grid point),-33.848858,151.19551,summer,0,0.0,51.5,Q4,NE,41,9.9,46,23.6,51,13.700000000000001
2021-1-26,Sydney (ERA5 grid point),-33.848858,151.19551,summer,1,0.0,44.6,Q3,NNE,21,11.3,338,14.6,33,3.299999999999999
2021-1-27,Sydney (ERA5 grid point),-33.848858,151.19551,summer,1,9.4,64.1,Q4,S,173,29.5,171,27.7,181,-1.8000000000000007
2021-1-28,Sydney (ERA5 grid point),-33.848858,151.19551,summer,1,8.5,49.0,Q3,SE,138,24.5,133,21.3,143,-3.1999999999999993
2021-1-29,Sydney (ERA5 grid point),-33.848858,151.19551,summer,1,12.0,46.8,Q3,ENE,76,18.9,76,24.0,66,5.100000000000001
2021-1-30,Sydney (ERA5 grid point),-33.848858,151.19551,summer,1,7.1,45.7,Q3,NNE,24,11.0,19,16.1,29,5.100000000000001
2021-1-31,Sydney (ERA5 grid point),-33.848858,151.19551,summer,1,4.0,47.5,Q3,SSE,161,21.1,166,21.9,155,0.7999999999999972
2021-2-1,Sydney (ERA5 grid point),-33.848858,151.19551,summer,1,3.1,44.6,Q3,ENE,74,9.9,100,17.6,62,7.700000000000001
2021-2-2,Sydney (ERA5 grid point),-33.848858,151.19551,summer,1,20.7,48.2,Q3,S,185,22.8,192,19.1,148,-3.6999999999999993
2021-2-3,Sydney (ERA5 grid point),-33.848858,151.19551,summer,0,1.0,47.5,Q3,SSE,157,11.5,194,15.7,106,4.199999999999999
2021-2-4,Sydney (ERA5 grid point),-33.848858,151.19551,summer,0,0.0,50.8,Q3,NE,35,16.8,31,24.2,47,7.399999999999999
2021-2-5,Sydney (ERA5 grid point),-33.848858,151.19551,summer,1,0.0,59.8,Q4,NE,40,21.0,39,27.2,46,6.199999999999999
2021-2-6,Sydney (ERA5 grid point),-33.848858,151.19551,summer,1,15.4,47.5,Q3,NNE,18,18.4,2,14.7,22,-3.6999999999999993
2021-2-7,Sydney (ERA5 grid point),-33.848858,151.19551,summer,1,0.4,50.4,Q3,S,170,13.9,253,21.6,136,7.700000000000001
2021-2-8,Sydney (ERA5 grid point),-33.848858,151.19551,summer,1,3.4,48.6,Q3,S,173,23.4,182,18.6,162,-4.799999999999997
2021-2-9,Sydney (ERA5 grid point),-33.848858,151.19551,summer,1,0.2,40.7,Q2,SSE,157,13.2,137,17.7,167,4.5
2021-2-10,Sydney (ERA5 grid point),-33.848858,151.19551,summer,0,1.2,31.3,Q1,ESE,108,6.4,142,13.4,96,7.0
2021-2-11,Sydney (ERA5 grid point),-33.848858,151.19551,summer,1,0.0,44.6,Q3,NE,35,8.6,15,21.2,55,12.6
2021-2-12,Sydney (ERA5 grid point),-33.848858,151.19551,summer,1,0.4,43.6,Q3,NNE,16,10.4,14,18.1,49,7.700000000000001
2021-2-13,Sydney (ERA5 grid point),-33.848858,151.19551,summer,1,8.3,57.2,Q4,S,173,21.3,183,27.1,157,5.800000000000001
2021-2-14,Sydney (ERA5 grid point),-33.848858,151.19551,summer,1,1.8,51.8,Q4,S,186,23.6,188,24.9,175,1.2999999999999972
2021-2-15,Sydney (ERA5 grid point),-33.848858,151.19551,summer,1,4.1,74.2,Q4,S,185,29.5,179,36.9,186,7.399999999999999
2021-2-16,Sydney (ERA5 grid point),-33.848858,151.19551,summer,1,3.2,46.8,Q3,SE,132,14.7,144,21.9,136,7.199999999999999
2021-2-17,Sydney (ERA5 grid point),-33.848858,151.19551,summer,1,5.5,47.5,Q3,SE,127,19.9,125,22.9,118,3.0
2021-2-18,Sydney (ERA5 grid point),-33.848858,151.19551,summer,1,2.2,42.1,Q3,E,99,17.7,110,19.5,88,1.8000000000000007
2021-2-19,Sydney (ERA5 grid point),-33.848858,151.19551,summer,1,3.9,36.4,Q2,ENE,75,6.5,90,13.0,90,6.5
2021-2-20,Sydney (ERA5 grid point),-33.848858,151.19551,summer,1,1.0,33.1,Q1,ENE,71,5.8,97,14.5,84,8.7
2021-2-21,Sydney (ERA5 grid point),-33.848858,151.19551,summer,1,1.6,36.7,Q2,SSE,163,14.6,160,14.6,140,0.0
2021-2-22,Sydney (ERA5 grid point),-33.848858,151.19551,summer,1,1.1,55.1,Q4,S,187,11.2,182,25.2,180,14.0
2021-2-23,Sydney (ERA5 grid point),-33.848858,151.19551,summer,1,1.7,60.1,Q4,S,184,29.9,181,27.4,179,-2.5
2021-2-24,Sydney (ERA5 grid point),-33.848858,151.19551,summer,1,5.3,33.5,Q1,SE,140,13.8,173,12.0,123,-1.8000000000000007
2021-2-25,Sydney (ERA5 grid point),-33.848858,151.19551,summer,1,18.7,42.5,Q3,NNE,26,14.2,21,14.6,40,0.40000000000000036
2021-2-26,Sydney (ERA5 grid point),-33.848858,151.19551,summer,1,0.3,50.4,Q3,SSE,150,12.2,182,21.1,137,8.900000000000002
2021-2-27,Sydney (ERA5 grid point),-33.848858,151.19551,summer,1,2.2,33.5,Q1,NE,49,5.1,86,14.5,48,9.4
2021-2-28,Sydney (ERA5 grid point),-33.848858,151.19551,summer,1,0.1,31.7,Q1,SSE,149,9.7,182,12.5,134,2.8000000000000007
2021-3-1,Sydney (ERA5 grid point),-33.848858,151.19551,autumn,1,0.2,47.5,Q3,N,7,10.4,340,17.7,29,7.299999999999999
2021-3-2,Sydney (ERA5 grid point),-33.848858,151.19551,autumn,1,0.9,53.6,Q4,S,171,19.1,160,25.1,159,6.0
2021-3-3,Sydney (ERA5 grid point),-33.848858,151.19551,autumn,1,1.5,44.3,Q3,S,173,21.2,190,17.0,159,-4.199999999999999
2021-3-4,Sydney (ERA5 grid point),-33.848858,151.19551,autumn,1,0.8,38.9,Q2,N,355,5.5,281,17.4,63,11.899999999999999
2021-3-5,Sydney (ERA5 grid point),-33.848858,151.19551,autumn,0,1.7,57.6,Q4,S,186,8.7,197,24.6,159,15.900000000000002
2021-3-6,Sydney (ERA5 grid point),-33.848858,151.19551,autumn,1,0.0,40.7,Q2,S,178,19.2,188,17.6,152,-1.5999999999999979
2021-3-7,Sydney (ERA5 grid point),-33.848858,151.19551,autumn,1,0.1,41.8,Q2,NE,34,2.3,342,17.8,54,15.5
2021-3-8,Sydney (ERA5 grid point),-33.848858,151.19551,autumn,0,0.1,32.8,Q1,NNW,347,5.7,342,14.4,22,8.7
2021-3-9,Sydney (ERA5 grid point),-33.848858,151.19551,autumn,1,0.0,50.0,Q3,S,175,11.7,261,22.2,148,10.5
2021-3-10,Sydney (ERA5 grid point),-33.848858,151.19551,autumn,1,1.5,36.7,Q2,E,97,12.1,113,16.6,90,4.500000000000002
2021-3-11,Sydney (ERA5 grid point),-33.848858,151.19551,autumn,1,0.7,45.7,Q3,NE,37,13.0,46,21.9,42,8.899999999999999
2021-3-12,Sydney (ERA5 grid point),-33.848858,151.19551,autumn,1,8.5,42.1,Q3,NNE,22,13.1,352,11.9,29,-1.1999999999999993
2021-3-13,Sydney (ERA5 grid point),-33.848858,151.19551,autumn,1,0.6,38.5,Q2,NNE,20,5.9,349,17.1,51,11.200000000000001
2021-3-14,Sydney (ERA5 grid point),-33.848858,151.19551,autumn,1,23.5,60.8,Q4,S,191,20.6,186,27.2,188,6.599999999999998
2021-3-15,Sydney (ERA5 grid point),-33.848858,151.19551,autumn,1,1.1,42.1,Q3,SSW,192,13.3,199,16.0,157,2.6999999999999993
2021-3-16,Sydney (ERA5 grid point),-33.848858,151.19551,autumn,1,4.8,39.6,Q2,SSE,163,12.7,195,15.1,142,2.4000000000000004
2021-3-17,Sydney (ERA5 grid point),-33.848858,151.19551,autumn,1,5.6,49.3,Q3,ESE,112,17.0,107,24.0,98,7.0
2021-3-18,Sydney (ERA5 grid point),-33.848858,151.19551,autumn,1,34.6,48.2,Q3,E,97,21.2,91,13.4,84,-7.799999999999999
2021-3-19,Sydney (ERA5 grid point),-33.848858,151.19551,autumn,1,4.1,46.1,Q3,ESE,116,16.1,110,21.6,118,5.5
2021-3-20,Sydney (ERA5 grid point),-33.848858,151.19551,autumn,1,67.2,69.8,Q4,E,95,26.1,108,36.7,74,10.600000000000001
2021-3-21,Sydney (ERA5 grid point),-33.848858,151.19551,autumn,1,44.5,55.8,Q4,ENE,74,28.3,72,22.4,79,-5.900000000000002
2021-3-22,Sydney (ERA5 grid point),-33.848858,151.19551,autumn,1,50.9,49.3,Q3,NE,53,21.6,53,24.1,55,2.5
2021-3-23,Sydney (ERA5 grid point),-33.848858,151.19551,autumn,0,27.0,67.3,Q4,NNE,32,27.7,46,24.3,24,-3.3999999999999986
2021-3-24,Sydney (ERA5 grid point),-33.848858,151.19551,autumn,0,0.0,48.2,Q3,WNW,295,12.8,328,12.6,267,-0.20000000000000107
2021-3-25,Sydney (ERA5 grid point),-33.848858,151.19551,autumn,1,0.0,37.4,Q2,W,279,8.9,291,10.5,254,1.5999999999999996
2021-3-26,Sydney (ERA5 grid point),-33.848858,151.19551,autumn,1,1.5,33.5,Q1,SW,217,9.1,261,10.8,120,1.700000000000001
2021-3-27,Sydney (ERA5 grid point),-33.848858,151.19551,autumn,0,0.1,26.6,Q1,NW,317,6.6,283,6.0,25,-0.5999999999999996
2021-3-28,Sydney (ERA5 grid point),-33.848858,151.19551,autumn,1,0.0,34.9,Q2,S,184,6.3,204,15.8,131,9.5
2021-3-29,Sydney (ERA5 grid point),-33.848858,151.19551,autumn,1,0.8,35.3,Q2,S,186,8.0,265,16.3,137,8.3
2021-3-30,Sydney (ERA5 grid point),-33.848858,151.19551,autumn,1,0.5,45.0,Q3,S,188,19.0,195,21.7,175,2.6999999999999993
2021-3-31,Sydney (ERA5 grid point),-33.848858,151.19551,autumn,1,2.4,43.6,Q3,SSW,195,11.3,207,19.3,171,8.0
2021-4-1,Sydney (ERA5 grid point),-33.848858,151.19551,autumn,0,0.5,28.8,Q1,SW,232,13.1,254,9.3,118,-3.799999999999999
2021-4-2,Sydney (ERA5 grid point),-33.848858,151.19551,autumn,0,0.0,28.1,Q1,NNW,347,7.9,267,12.3,97,4.4
2021-4-3,Sydney (ERA5 grid point),-33.848858,151.19551,autumn,0,0.0,36.0,Q2,NNE,13,7.2,273,16.9,50,9.7
2021-4-4,Sydney (ERA5 grid point),-33.848858,151.19551,autumn,1,0.0,33.8,Q1,N,9,3.8,287,14.0,44,10.2
2021-4-5,Sydney (ERA5 grid point),-33.848858,151.19551,autumn,1,0.7,33.5,Q1,SSE,168,15.8,180,12.9,144,-2.9000000000000004
2021-4-6,Sydney (ERA5 grid point),-33.848858,151.19551,autumn,1,2.4,33.1,Q1,ESE,122,5.4,176,15.7,101,10.299999999999999
2021-4-7,Sydney (ERA5 grid point),-33.848858,151.19551,autumn,1,9.0,28.1,Q1,SE,129,8.4,121,10.1,125,1.6999999999999993
2021-4-8,Sydney (ERA5 grid point),-33.848858,151.19551,autumn,1,1.9,27.0,Q1,ESE,114,4.6,129,11.2,92,6.6
2021-4-9,Sydney (ERA5 grid point),-33.848858,151.19551,autumn,0,0.2,67.3,Q4,WSW,257,11.6,300,11.4,283,-0.1999999999999993
2021-4-10,Sydney (ERA5 grid point),-33.848858,151.19551,autumn,0,0.0,43.2,Q3,WSW,256,13.0,264,19.1,248,6.100000000000001
2021-4-11,Sydney (ERA5 grid point),-33.848858,151.19551,autumn,0,0.0,62.3,Q4,W,268,28.5,274,26.9,252,-1.6000000000000014
2021-4-12,Sydney (ERA5 grid point),-33.848858,151.19551,autumn,0,0.0,39.2,Q2,WSW,241,16.2,258,12.5,168,-3.6999999999999993
2021-4-13,Sydney (ERA5 grid point),-33.848858,151.19551,autumn,0,0.0,32.4,Q1,NNW,337,9.2,281,9.3,16,0.10000000000000142
2021-4-14,Sydney (ERA5 grid point),-33.848858,151.19551,autumn,0,0.0,28.8,Q1,NW,319,12.7,325,12.1,307,-0.5999999999999996
2021-4-15,Sydney (ERA5 grid point),-33.848858,151.19551,autumn,1,0.0,27.4,Q1,W,272,10.1,266,4.4,261,-5.699999999999999
2021-4-16,Sydney (ERA5 grid point),-33.848858,151.19551,autumn,1,0.1,51.8,Q4,S,190,11.5,200,21.3,154,9.8
2021-4-17,Sydney (ERA5 grid point),-33.848858,151.19551,autumn,1,0.3,20.9,Q1,W,273,7.3,279,3.5,294,-3.8
2021-4-18,Sydney (ERA5 grid point),-33.848858,151.19551,autumn,0,0.1,28.1,Q1,WNW,283,7.6,251,12.6,121,5.0
2021-4-19,Sydney (ERA5 grid point),-33.848858,151.19551,autumn,0,0.0,25.6,Q1,NW,323,10.1,276,8.0,72,-2.0999999999999996
2021-4-20,Sydney (ERA5 grid point),-33.848858,151.19551,autumn,0,0.0,34.2,Q2,NW,305,10.6,305,1.8,360,-8.799999999999999
2021-4-21,Sydney (ERA5 grid point),-33.848858,151.19551,autumn,0,0.0,45.0,Q3,SW,227,20.9,246,18.1,167,-2.799999999999997
2021-4-22,Sydney (ERA5 grid point),-33.848858,151.19551,autumn,0,0.0,42.1,Q3,W,266,11.5,268,18.9,231,7.399999999999999
2021-4-23,Sydney (ERA5 grid point),-33.848858,151.19551,autumn,0,0.0,40.0,Q2,W,265,7.6,278,9.8,186,2.200000000000001
2021-4-24,Sydney (ERA5 grid point),-33.848858,151.19551,autumn,1,0.0,28.4,Q1,WNW,294,13.0,270,4.3,85,-8.7
2021-4-25,Sydney (ERA5 grid point),-33.848858,151.19551,autumn,0,0.4,30.6,Q1,SW,229,9.4,268,12.1,143,2.6999999999999993
2021-4-26,Sydney (ERA5 grid point),-33.848858,151.19551,autumn,1,0.0,30.6,Q1,NW,306,8.4,280,13.5,99,5.1
2021-4-27,Sydney (ERA5 grid point),-33.848858,151.19551,autumn,1,0.1,32.4,Q1,SSW,209,9.1,277,15.1,108,6.0
2021-4-28,Sydney (ERA5 grid point),-33.848858,151.19551,autumn,0,0.7,31.3,Q1,NNE,17,2.3,231,14.8,64,12.5
2021-4-29,Sydney (ERA5 grid point),-33.848858,151.19551,autumn,1,0.0,29.2,Q1,NNE,23,4.3,265,13.4,76,9.100000000000001
2021-4-30,Sydney (ERA5 grid point),-33.848858,151.19551,autumn,1,0.6,27.4,Q1,N,357,6.2,277,9.3,126,3.1000000000000005
2021-5-1,Sydney (ERA5 grid point),-33.848858,151.19551,autumn,1,1.7,34.9,Q2,NNE,31,1.8,307,10.6,62,8.799999999999999
2021-5-2,Sydney (ERA5 grid point),-33.848858,151.19551,autumn,0,0.3,32.0,Q1,NNE,20,6.2,324,14.8,47,8.600000000000001
2021-5-3,Sydney (ERA5 grid point),-33.848858,151.19551,autumn,1,0.0,27.4,Q1,N,352,4.2,290,10.8,69,6.6000000000000005
2021-5-4,Sydney (ERA5 grid point),-33.848858,151.19551,autumn,1,16.8,23.0,Q1,W,266,9.1,279,6.7,216,-2.3999999999999995
2021-5-5,Sydney (ERA5 grid point),-33.848858,151.19551,autumn,1,28.7,45.4,Q3,S,189,24.1,142,16.0,189,-8.100000000000001
2021-5-6,Sydney (ERA5 grid point),-33.848858,151.19551,autumn,1,20.5,61.9,Q4,SSE,148,29.1,131,22.7,139,-6.400000000000002
2021-5-7,Sydney (ERA5 grid point),-33.848858,151.19551,autumn,0,10.3,42.5,Q3,S,180,10.8,150,20.8,190,10.0
2021-5-8,Sydney (ERA5 grid point),-33.848858,151.19551,autumn,0,0.0,23.8,Q1,WNW,287,9.3,286,5.7,288,-3.6000000000000005
2021-5-9,Sydney (ERA5 grid point),-33.848858,151.19551,autumn,0,0.0,20.2,Q1,WNW,289,5.6,255,2.5,98,-3.0999999999999996
2021-5-10,Sydney (ERA5 grid point),-33.848858,151.19551,autumn,1,0.0,24.1,Q1,WNW,303,10.6,288,1.4,180,-9.2
2021-5-11,Sydney (ERA5 grid point),-33.848858,151.19551,autumn,1,0.4,26.6,Q1,WNW,296,7.6,315,2.5,278,-5.1
2021-5-12,Sydney (ERA5 grid point),-33.848858,151.19551,autumn,1,2.9,31.7,Q1,SSW,199,10.5,184,5.4,42,-5.1
2021-5-13,Sydney (ERA5 grid point),-33.848858,151.19551,autumn,0,0.6,33.5,Q1,W,267,11.5,270,4.4,305,-7.1
2021-5-14,Sydney (ERA5 grid point),-33.848858,151.19551,autumn,0,0.0,51.1,Q4,W,266,25.4,263,20.6,251,-4.799999999999997
2021-5-15,Sydney (ERA5 grid point),-33.848858,151.19551,autumn,0,0.0,56.5,Q4,W,275,13.8,317,28.5,268,14.7
2021-5-16,Sydney (ERA5 grid point),-33.848858,151.19551,autumn,0,0.0,43.6,Q3,W,264,15.2,265,8.4,277,-6.799999999999999
2021-5-17,Sydney (ERA5 grid point),-33.848858,151.19551,autumn,0,0.0,45.7,Q3,WSW,257,21.5,260,11.8,149,-9.7
2021-5-18,Sydney (ERA5 grid point),-33.848858,151.19551,autumn,0,0.0,26.3,Q1,WNW,296,12.0,277,5.0,111,-7.0
2021-5-19,Sydney (ERA5 grid point),-33.848858,151.19551,autumn,0,0.0,23.8,Q1,NW,315,9.7,285,6.4,52,-3.299999999999999
2021-5-20,Sydney (ERA5 grid point),-33.848858,151.19551,autumn,1,0.0,28.8,Q1,W,277,10.8,285,8.0,207,-2.8000000000000007
2021-5-21,Sydney (ERA5 grid point),-33.848858,151.19551,autumn,0,2.2,32.8,Q1,SW,217,11.4,193,15.1,181,3.6999999999999993
2021-5-22,Sydney (ERA5 grid point),-33.848858,151.19551,autumn,1,0.0,27.4,Q1,WSW,257,11.0,281,11.9,151,0.9000000000000004
2021-5-23,Sydney (ERA5 grid point),-33.848858,151.19551,autumn,1,0.9,33.8,Q1,SW,228,9.8,287,16.3,174,6.5
2021-5-24,Sydney (ERA5 grid point),-33.848858,151.19551,autumn,1,2.6,22.7,Q1,N,359,8.3,275,9.3,54,1.0
2021-5-25,Sydney (ERA5 grid point),-33.848858,151.19551,autumn,0,0.2,37.8,Q2,N,9,7.4,313,16.8,45,9.4
2021-5-26,Sydney (ERA5 grid point),-33.848858,151.19551,autumn,0,0.0,53.3,Q4,W,281,9.6,236,11.1,257,1.5
2021-5-27,Sydney (ERA5 grid point),-33.848858,151.19551,autumn,0,0.0,43.6,Q3,W,260,21.5,260,17.0,257,-4.5
2021-5-28,Sydney (ERA5 grid point),-33.848858,151.19551,autumn,1,0.0,54.7,Q4,SW,223,21.1,240,24.6,192,3.5
2021-5-29,Sydney (ERA5 grid point),-33.848858,151.19551,autumn,0,0.2,56.9,Q4,SW,224,17.9,240,24.2,205,6.300000000000001
2021-5-30,Sydney (ERA5 grid point),-33.848858,151.19551,autumn,0,0.0,47.2,Q3,SW,221,13.6,238,17.1,198,3.5000000000000018
2021-5-31,Sydney (ERA5 grid point),-33.848858,151.19551,autumn,0,0.0,25.9,Q1,WNW,296,10.5,278,5.8,120,-4.7
2021-6-1,Sydney (ERA5 grid point),-33.848858,151.19551,winter,0,0.0,22.0,Q1,WNW,292,8.9,291,6.1,273,-2.8000000000000007
2021-6-2,Sydney (ERA5 grid point),-33.848858,151.19551,winter,1,0.0,24.1,Q1,NW,322,11.2,285,8.4,59,-2.799999999999999
2021-6-3,Sydney (ERA5 grid point),-33.848858,151.19551,winter,1,14.3,23.8,Q1,WNW,292,7.3,303,2.5,225,-4.8
2021-6-4,Sydney (ERA5 grid point),-33.848858,151.19551,winter,0,0.3,45.4,Q3,WSW,252,20.7,257,17.7,246,-3.0
2021-6-5,Sydney (ERA5 grid point),-33.848858,151.19551,winter,0,0.0,29.9,Q1,W,262,11.5,272,7.6,295,-3.9000000000000004
2021-6-6,Sydney (ERA5 grid point),-33.848858,151.19551,winter,0,0.0,31.3,Q1,W,275,15.6,262,5.6,140,-10.0
2021-6-7,Sydney (ERA5 grid point),-33.848858,151.19551,winter,1,0.0,30.2,Q1,NNW,338,9.2,296,13.1,37,3.9000000000000004
2021-6-8,Sydney (ERA5 grid point),-33.848858,151.19551,winter,1,6.4,44.3,Q3,N,3,19.2,334,18.4,23,-0.8000000000000007
2021-6-9,Sydney (ERA5 grid point),-33.848858,151.19551,winter,1,1.5,41.4,Q2,WNW,301,14.7,287,19.7,291,5.0
2021-6-10,Sydney (ERA5 grid point),-33.848858,151.19551,winter,0,6.8,34.2,Q2,NNW,333,9.2,21,2.6,196,-6.6
2021-6-11,Sydney (ERA5 grid point),-33.848858,151.19551,winter,0,0.0,37.8,Q2,WNW,287,13.6,292,16.7,276,3.0999999999999996
2021-6-12,Sydney (ERA5 grid point),-33.848858,151.19551,winter,0,0.0,38.5,Q2,NW,313,15.1,332,19.1,286,4.000000000000002
2021-6-13,Sydney (ERA5 grid point),-33.848858,151.19551,winter,0,0.0,35.6,Q2,W,281,11.9,305,11.0,259,-0.9000000000000004
2021-6-14,Sydney (ERA5 grid point),-33.848858,151.19551,winter,1,0.0,28.4,Q1,WSW,258,12.6,283,10.4,178,-2.1999999999999993
2021-6-15,Sydney (ERA5 grid point),-33.848858,151.19551,winter,1,3.0,22.7,Q1,W,260,9.8,294,8.3,178,-1.5
2021-6-16,Sydney (ERA5 grid point),-33.848858,151.19551,winter,1,2.7,31.7,Q1,NNW,330,8.7,287,10.2,32,1.5
2021-6-17,Sydney (ERA5 grid point),-33.848858,151.19551,winter,1,5.2,52.2,Q4,WNW,291,14.7,306,26.0,274,11.3
2021-6-18,Sydney (ERA5 grid point),-33.848858,151.19551,winter,1,1.5,55.4,Q4,W,268,13.7,288,24.9,250,11.2
2021-6-19,Sydney (ERA5 grid point),-33.848858,151.19551,winter,1,9.5,70.9,Q4,SW,224,33.4,226,36.6,209,3.200000000000003
2021-6-20,Sydney (ERA5 grid point),-33.848858,151.19551,winter,1,6.2,54.7,Q4,SSW,204,20.4,206,22.4,195,2.0
2021-6-21,Sydney (ERA5 grid point),-33.848858,151.19551,winter,1,1.2,34.2,Q2,SW,220,10.3,216,14.8,193,4.5
2021-6-22,Sydney (ERA5 grid point),-33.848858,151.19551,winter,0,0.3,25.6,Q1,WNW,290,9.5,279,4.0,117,-5.5
2021-6-23,Sydney (ERA5 grid point),-33.848858,151.19551,winter,1,0.0,33.1,Q1,N,2,9.0,360,11.4,24,2.4000000000000004
2021-6-24,Sydney (ERA5 grid point),-33.848858,151.19551,winter,0,4.9,43.9,Q3,N,352,16.0,351,18.7,344,2.6999999999999993
2021-6-25,Sydney (ERA5 grid point),-33.848858,151.19551,winter,0,0.0,40.7,Q2,NW,308,11.2,312,17.8,284,6.600000000000001
2021-6-26,Sydney (ERA5 grid point),-33.848858,151.19551,winter,0,0.0,43.9,Q3,WNW,294,14.8,299,18.7,268,3.8999999999999986
2021-6-27,Sydney (ERA5 grid point),-33.848858,151.19551,winter,1,0.0,29.5,Q1,W,275,11.9,275,3.0,256,-8.9
2021-6-28,Sydney (ERA5 grid point),-33.848858,151.19551,winter,1,1.7,37.4,Q2,SW,217,7.7,229,18.4,183,10.7
2021-6-29,Sydney (ERA5 grid point),-33.848858,151.19551,winter,1,6.8,27.4,Q1,SSW,201,7.4,247,8.0,117,0.5999999999999996
2021-6-30,Sydney (ERA5 grid point),-33.848858,151.19551,winter,1,2.5,31.0,Q1,N,5,5.8,7,6.9,84,1.1000000000000005
2021-7-1,Sydney (ERA5 grid point),-33.848858,151.19551,winter,0,0.5,25.2,Q1,NNW,342,5.8,300,12.2,62,6.3999999999999995
2021-7-2,Sydney (ERA5 grid point),-33.848858,151.19551,winter,1,0.0,27.7,Q1,NW,322,9.4,320,5.4,278,-4.0
2021-7-3,Sydney (ERA5 grid point),-33.848858,151.19551,winter,0,0.2,24.1,Q1,WNW,284,10.5,286,1.6,27,-8.9
2021-7-4,Sydney (ERA5 grid point),-33.848858,151.19551,winter,0,0.0,32.4,Q1,WNW,286,9.4,310,8.4,290,-1.0
2021-7-5,Sydney (ERA5 grid point),-33.848858,151.19551,winter,0,0.0,40.3,Q2,W,263,20.5,259,8.1,225,-12.4
2021-7-6,Sydney (ERA5 grid point),-33.848858,151.19551,winter,0,0.0,35.6,Q2,W,261,15.9,267,4.7,238,-11.2
2021-7-7,Sydney (ERA5 grid point),-33.848858,151.19551,winter,0,0.0,27.0,Q1,W,268,11.0,281,5.2,168,-5.8
2021-7-8,Sydney (ERA5 grid point),-33.848858,151.19551,winter,1,0.0,23.0,Q1,NW,310,9.5,281,5.9,79,-3.5999999999999996
2021-7-9,Sydney (ERA5 grid point),-33.848858,151.19551,winter,1,12.3,36.7,Q2,WSW,241,6.5,273,14.3,190,7.800000000000001
2021-7-10,Sydney (ERA5 grid point),-33.848858,151.19551,winter,1,10.8,63.4,Q4,SW,215,27.0,214,27.5,191,0.5
2021-7-11,Sydney (ERA5 grid point),-33.848858,151.19551,winter,1,2.5,34.2,Q2,SSW,204,10.5,218,14.5,173,4.0
2021-7-12,Sydney (ERA5 grid point),-33.848858,151.19551,winter,0,0.1,23.8,Q1,NNW,342,9.2,291,10.5,31,1.3000000000000007
2021-7-13,Sydney (ERA5 grid point),-33.848858,151.19551,winter,1,0.0,28.4,Q1,NW,315,11.9,295,6.3,329,-5.6000000000000005
2021-7-14,Sydney (ERA5 grid point),-33.848858,151.19551,winter,1,1.9,37.8,Q2,NNW,344,15.0,336,14.4,338,-0.5999999999999996
2021-7-15,Sydney (ERA5 grid point),-33.848858,151.19551,winter,1,0.2,33.1,Q1,NNW,334,12.3,339,8.6,345,-3.700000000000001
2021-7-16,Sydney (ERA5 grid point),-33.848858,151.19551,winter,0,0.1,65.9,Q4,NW,305,21.4,331,27.0,283,5.600000000000001
2021-7-17,Sydney (ERA5 grid point),-33.848858,151.19551,winter,0,0.0,85.0,Q4,WNW,296,26.1,296,34.1,277,8.0
2021-7-18,Sydney (ERA5 grid point),-33.848858,151.19551,winter,0,0.0,60.5,Q4,W,265,21.7,263,21.0,265,-0.6999999999999993
2021-7-19,Sydney (ERA5 grid point),-33.848858,151.19551,winter,1,0.0,33.8,Q1,W,279,14.8,273,9.2,281,-5.600000000000001
2021-7-20,Sydney (ERA5 grid point),-33.848858,151.19551,winter,0,0.1,54.4,Q4,WNW,297,18.7,298,22.7,293,4.0
2021-7-21,Sydney (ERA5 grid point),-33.848858,151.19551,winter,0,0.0,59.4,Q4,SW,229,21.7,234,26.9,200,5.199999999999999
2021-7-22,Sydney (ERA5 grid point),-33.848858,151.19551,winter,1,0.0,31.0,Q1,NW,321,12.5,282,12.8,22,0.3000000000000007
2021-7-23,Sydney (ERA5 grid point),-33.848858,151.19551,winter,0,0.3,26.6,Q1,N,354,11.2,354,6.9,9,-4.299999999999999
2021-7-24,Sydney (ERA5 grid point),-33.848858,151.19551,winter,0,0.0,51.8,Q4,NW,310,12.0,277,24.9,284,12.899999999999999
2021-7-25,Sydney (ERA5 grid point),-33.848858,151.19551,winter,1,0.0,71.3,Q4,WNW,291,26.1,263,24.1,270,-2.0
2021-7-26,Sydney (ERA5 grid point),-33.848858,151.19551,winter,0,1.3,48.2,Q3,NW,305,13.3,322,20.5,280,7.199999999999999
2021-7-27,Sydney (ERA5 grid point),-33.848858,151.19551,winter,1,0.0,32.4,Q1,NNW,334,12.4,350,13.8,309,1.4000000000000004
2021-7-28,Sydney (ERA5 grid point),-33.848858,151.19551,winter,0,0.1,59.4,Q4,NNW,333,19.4,349,18.1,293,-1.2999999999999972
2021-7-29,Sydney (ERA5 grid point),-33.848858,151.19551,winter,0,0.0,41.8,Q2,WSW,254,15.0,249,16.0,239,1.0
2021-7-30,Sydney (ERA5 grid point),-33.848858,151.19551,winter,0,0.0,28.8,Q1,NW,324,8.4,290,9.5,53,1.0999999999999996
2021-7-31,Sydney (ERA5 grid point),-33.848858,151.19551,winter,1,0.0,40.7,Q2,N,355,12.6,340,17.6,28,5.000000000000002
2021-8-1,Sydney (ERA5 grid point),-33.848858,151.19551,winter,0,0.5,45.7,Q3,WNW,287,19.8,335,15.4,233,-4.4
2021-8-2,Sydney (ERA5 grid point),-33.848858,151.19551,winter,1,0.0,39.6,Q2,N,3,8.8,282,12.5,57,3.6999999999999993
2021-8-3,Sydney (ERA5 grid point),-33.848858,151.19551,winter,0,3.1,53.6,Q4,NW,309,17.4,322,26.8,282,9.400000000000002
2021-8-4,Sydney (ERA5 grid point),-33.848858,151.19551,winter,0,0.0,76.7,Q4,W,274,26.4,281,34.4,260,8.0
2021-8-5,Sydney (ERA5 grid point),-33.848858,151.19551,winter,0,0.0,47.9,Q3,W,262,23.2,258,22.6,253,-0.5999999999999979
2021-8-6,Sydney (ERA5 grid point),-33.848858,151.19551,winter,0,0.0,40.3,Q2,W,266,19.9,264,7.2,276,-12.7
2021-8-7,Sydney (ERA5 grid point),-33.848858,151.19551,winter,1,0.0,38.5,Q2,W,263,12.6,273,5.8,292,-6.8
2021-8-8,Sydney (ERA5 grid point),-33.848858,151.19551,winter,0,2.5,32.0,Q1,S,170,9.8,172,12.0,134,2.1999999999999993
2021-8-9,Sydney (ERA5 grid point),-33.848858,151.19551,winter,0,0.0,30.6,Q1,N,3,2.9,300,12.5,46,9.6
2021-8-10,Sydney (ERA5 grid point),-33.848858,151.19551,winter,0,0.0,29.5,Q1,NNW,345,6.7,306,12.1,23,5.3999999999999995
2021-8-11,Sydney (ERA5 grid point),-33.848858,151.19551,winter,1,0.0,45.0,Q3,NNW,344,20.6,341,22.2,331,1.5999999999999979
2021-8-12,Sydney (ERA5 grid point),-33.848858,151.19551,winter,0,0.3,43.9,Q3,W,264,16.6,240,7.9,156,-8.700000000000001
2021-8-13,Sydney (ERA5 grid point),-33.848858,151.19551,winter,0,0.0,30.6,Q1,W,271,11.9,272,4.8,228,-7.1000000000000005
2021-8-14,Sydney (ERA5 grid point),-33.848858,151.19551,winter,0,0.0,27.4,Q1,NW,316,7.9,286,11.9,87,4.0
2021-8-15,Sydney (ERA5 grid point),-33.848858,151.19551,winter,0,0.0,31.0,Q1,WNW,284,10.0,283,7.6,278,-2.4000000000000004
2021-8-16,Sydney (ERA5 grid point),-33.848858,151.19551,winter,0,0.0,49.7,Q3,W,270,5.0,339,9.1,261,4.1
2021-8-17,Sydney (ERA5 grid point),-33.848858,151.19551,winter,0,0.0,45.0,Q3,WSW,238,18.4,258,16.1,129,-2.299999999999997
2021-8-18,Sydney (ERA5 grid point),-33.848858,151.19551,winter,0,0.0,32.4,Q1,NNW,334,9.2,281,13.4,82,4.200000000000001
2021-8-19,Sydney (ERA5 grid point),-33.848858,151.19551,winter,0,0.0,33.1,Q1,N,11,5.0,291,15.3,66,10.3
2021-8-20,Sydney (ERA5 grid point),-33.848858,151.19551,winter,1,0.0,26.6,Q1,NW,306,10.3,282,2.2,99,-8.100000000000001
2021-8-21,Sydney (ERA5 grid point),-33.848858,151.19551,winter,0,0.3,31.7,Q1,NW,312,11.5,314,12.9,297,1.4000000000000004
2021-8-22,Sydney (ERA5 grid point),-33.848858,151.19551,winter,1,0.0,39.2,Q2,N,357,6.5,304,17.3,45,10.8
2021-8-23,Sydney (ERA5 grid point),-33.848858,151.19551,winter,1,0.8,51.8,Q4,NNW,344,24.6,328,24.9,329,0.29999999999999716
2021-8-24,Sydney (ERA5 grid point),-33.848858,151.19551,winter,1,71.4,95.8,Q4,WSW,253,17.3,253,31.8,275,14.5
2021-8-25,Sydney (ERA5 grid point),-33.848858,151.19551,winter,0,3.4,73.1,Q4,WSW,253,27.2,262,29.2,246,2.0
2021-8-26,Sydney (ERA5 grid point),-33.848858,151.19551,winter,0,0.0,36.0,Q2,WSW,237,17.3,265,12.9,162,-4.4
2021-8-27,Sydney (ERA5 grid point),-33.848858,151.19551,winter,0,0.0,42.5,Q3,W,273,13.7,268,20.5,304,6.800000000000001
2021-8-28,Sydney (ERA5 grid point),-33.848858,151.19551,winter,1,0.0,40.3,Q2,WSW,244,19.1,266,13.0,185,-6.100000000000001
2021-8-29,Sydney (ERA5 grid point),-33.848858,151.19551,winter,0,0.5,34.2,Q2,NNW,328,4.8,283,12.6,63,7.8
2021-8-30,Sydney (ERA5 grid point),-33.848858,151.19551,winter,0,0.0,30.6,Q1,WNW,284,14.2,261,4.4,81,-9.799999999999999
2021-8-31,Sydney (ERA5 grid point),-33.848858,151.19551,winter,0,0.0,29.2,Q1,NNW,334,7.6,278,10.5,38,2.9000000000000004
2021-9-1,Sydney (ERA5 grid point),-33.848858,151.19551,spring,0,0.0,24.8,Q1,WNW,297,9.4,274,10.5,131,1.0999999999999996
2021-9-2,Sydney (ERA5 grid point),-33.848858,151.19551,spring,0,0.0,52.9,Q4,NNE,30,20.6,33,25.0,41,4.399999999999999
2021-9-3,Sydney (ERA5 grid point),-33.848858,151.19551,spring,1,0.0,50.0,Q3,NNE,27,12.8,10,24.5,40,11.7
2021-9-4,Sydney (ERA5 grid point),-33.848858,151.19551,spring,1,12.3,37.8,Q2,N,3,17.6,359,5.0,330,-12.600000000000001
2021-9-5,Sydney (ERA5 grid point),-33.848858,151.19551,spring,0,5.8,55.8,Q4,WNW,282,19.8,286,27.9,250,8.099999999999998
2021-9-6,Sydney (ERA5 grid point),-33.848858,151.19551,spring,1,0.0,67.0,Q4,SW,224,22.2,253,28.5,176,6.300000000000001
2021-9-7,Sydney (ERA5 grid point),-33.848858,151.19551,spring,0,0.5,42.1,Q3,WSW,257,4.1,308,14.8,225,10.700000000000001
2021-9-8,Sydney (ERA5 grid point),-33.848858,151.19551,spring,0,0.0,29.2,Q1,NNW,332,8.6,272,8.9,58,0.3000000000000007
2021-9-9,Sydney (ERA5 grid point),-33.848858,151.19551,spring,0,0.0,41.8,Q2,WNW,298,8.7,300,6.3,239,-2.3999999999999995
2021-9-10,Sydney (ERA5 grid point),-33.848858,151.19551,spring,0,0.0,45.7,Q3,WSW,254,15.0,249,15.3,137,0.3000000000000007
2021-9-11,Sydney (ERA5 grid point),-33.848858,151.19551,spring,0,0.0,32.0,Q1,NW,321,8.0,306,15.4,307,7.4
2021-9-12,Sydney (ERA5 grid point),-33.848858,151.19551,spring,1,0.0,53.3,Q4,NW,311,18.1,319,24.2,293,6.099999999999998
2021-9-13,Sydney (ERA5 grid point),-33.848858,151.19551,spring,1,2.8,53.6,Q4,SSW,196,11.5,194,26.7,184,15.2
2021-9-14,Sydney (ERA5 grid point),-33.848858,151.19551,spring,1,8.4,63.4,Q4,SSW,197,27.7,205,30.5,187,2.8000000000000007
2021-9-15,Sydney (ERA5 grid point),-33.848858,151.19551,spring,1,0.5,47.9,Q3,SSW,203,19.9,202,23.2,186,3.3000000000000007
2021-9-16,Sydney (ERA5 grid point),-33.848858,151.19551,spring,0,0.9,40.0,Q2,SSW,198,15.9,185,11.9,166,-4.0
2021-9-17,Sydney (ERA5 grid point),-33.848858,151.19551,spring,1,0.0,52.6,Q4,NNE,20,6.2,339,23.9,45,17.7
2021-9-18,Sydney (ERA5 grid point),-33.848858,151.19551,spring,0,0.3,56.9,Q4,NW,316,22.0,349,17.2,286,-4.800000000000001
2021-9-19,Sydney (ERA5 grid point),-33.848858,151.19551,spring,0,0.0,38.9,Q2,NW,314,11.5,314,10.1,6,-1.4000000000000004
2021-9-20,Sydney (ERA5 grid point),-33.848858,151.19551,spring,1,0.0,67.3,Q4,WNW,300,16.5,349,28.8,290,12.3
2021-9-21,Sydney (ERA5 grid point),-33.848858,151.19551,spring,0,0.1,86.8,Q4,SW,215,23.3,212,37.2,189,13.900000000000002
2021-9-22,Sydney (ERA5 grid point),-33.848858,151.19551,spring,0,0.0,45.4,Q3,SW,225,11.5,231,11.5,160,0.0
2021-9-23,Sydney (ERA5 grid point),-33.848858,151.19551,spring,0,0.0,29.2,Q1,WNW,296,10.6,280,9.0,61,-1.5999999999999996
2021-9-24,Sydney (ERA5 grid point),-33.848858,151.19551,spring,1,0.0,53.6,Q4,NW,306,14.6,310,23.8,295,9.200000000000001
2021-9-25,Sydney (ERA5 grid point),-33.848858,151.19551,spring,1,0.5,62.3,Q4,S,182,26.5,228,29.7,157,3.1999999999999993
2021-9-26,Sydney (ERA5 grid point),-33.848858,151.19551,spring,0,4.6,52.6,Q4,SSE,164,19.6,166,22.0,165,2.3999999999999986
2021-9-27,Sydney (ERA5 grid point),-33.848858,151.19551,spring,1,0.0,40.7,Q2,NNE,30,2.5,225,15.0,48,12.5
2021-9-28,Sydney (ERA5 grid point),-33.848858,151.19551,spring,1,0.2,44.3,Q3,NNE,26,7.6,3,20.9,45,13.299999999999999
2021-9-29,Sydney (ERA5 grid point),-33.848858,151.19551,spring,1,3.8,42.5,Q3,NNE,30,12.2,24,10.9,46,-1.299999999999999
2021-9-30,Sydney (ERA5 grid point),-33.848858,151.19551,spring,1,4.5,40.3,Q2,N,9,10.6,350,18.4,35,7.799999999999999
2021-10-1,Sydney (ERA5 grid point),-33.848858,151.19551,spring,1,4.9,36.0,Q2,N,349,6.3,301,15.8,24,9.5
2021-10-2,Sydney (ERA5 grid point),-33.848858,151.19551,spring,1,1.5,36.0,Q2,WNW,295,9.4,266,6.6,49,-2.8000000000000007
2021-10-3,Sydney (ERA5 grid point),-33.848858,151.19551,spring,1,0.4,36.7,Q2,WNW,288,14.1,251,6.5,87,-7.6
2021-10-4,Sydney (ERA5 grid point),-33.848858,151.19551,spring,0,0.4,51.8,Q4,W,272,2.9,270,23.8,252,20.900000000000002
2021-10-5,Sydney (ERA5 grid point),-33.848858,151.19551,spring,0,0.0,60.1,Q4,W,265,22.8,264,25.8,257,3.0
2021-10-6,Sydney (ERA5 grid point),-33.848858,151.19551,spring,1,0.0,46.1,Q3,WNW,295,15.2,263,21.9,67,6.699999999999999
2021-10-7,Sydney (ERA5 grid point),-33.848858,151.19551,spring,1,0.3,71.3,Q4,WSW,249,13.7,342,22.3,280,8.600000000000001
2021-10-8,Sydney (ERA5 grid point),-33.848858,151.19551,spring,0,0.3,51.8,Q4,NE,50,7.1,66,24.8,54,17.700000000000003
2021-10-9,Sydney (ERA5 grid point),-33.848858,151.19551,spring,1,0.0,39.6,Q2,NNE,25,4.9,306,18.7,56,13.799999999999999
2021-10-10,Sydney (ERA5 grid point),-33.848858,151.19551,spring,1,11.7,66.6,Q4,SSW,192,4.6,309,25.9,178,21.299999999999997
2021-10-11,Sydney (ERA5 grid point),-33.848858,151.19551,spring,1,6.9,51.8,Q4,S,182,18.1,203,16.6,182,-1.5
2021-10-12,Sydney (ERA5 grid point),-33.848858,151.19551,spring,1,3.7,38.2,Q2,ESE,109,16.4,99,15.2,112,-1.1999999999999993
2021-10-13,Sydney (ERA5 grid point),-33.848858,151.19551,spring,1,8.2,49.0,Q3,NE,55,22.0,79,19.5,39,-2.5
2021-10-14,Sydney (ERA5 grid point),-33.848858,151.19551,spring,1,22.8,55.1,Q4,NNE,22,11.8,23,22.6,31,10.8
2021-10-15,Sydney (ERA5 grid point),-33.848858,151.19551,spring,1,1.3,48.2,Q3,WNW,298,14.2,306,19.1,281,4.900000000000002
2021-10-16,Sydney (ERA5 grid point),-33.848858,151.19551,spring,0,0.1,65.5,Q4,WNW,282,32.2,264,32.4,273,0.19999999999999574
2021-10-17,Sydney (ERA5 grid point),-33.848858,151.19551,spring,0,0.0,36.0,Q2,NW,306,12.5,258,15.9,95,3.4000000000000004
2021-10-18,Sydney (ERA5 grid point),-33.848858,151.19551,spring,1,0.0,35.6,Q2,N,360,10.1,274,15.5,86,5.4
2021-10-19,Sydney (ERA5 grid point),-33.848858,151.19551,spring,1,3.4,62.6,Q4,SSW,195,19.1,168,30.4,174,11.299999999999997
2021-10-20,Sydney (ERA5 grid point),-33.848858,151.19551,spring,1,0.2,38.9,Q2,S,187,7.1,139,18.3,164,11.200000000000001
2021-10-21,Sydney (ERA5 grid point),-33.848858,151.19551,spring,1,0.6,31.7,Q1,ESE,109,8.6,178,13.4,96,4.800000000000001
2021-10-22,Sydney (ERA5 grid point),-33.848858,151.19551,spring,1,1.5,31.7,Q1,ENE,70,6.4,137,12.6,90,6.199999999999999
2021-10-23,Sydney (ERA5 grid point),-33.848858,151.19551,spring,1,9.1,35.6,Q2,NE,40,6.6,22,16.4,64,9.799999999999999
2021-10-24,Sydney (ERA5 grid point),-33.848858,151.19551,spring,1,1.8,50.0,Q3,S,175,25.0,186,22.7,153,-2.3000000000000007
2021-10-25,Sydney (ERA5 grid point),-33.848858,151.19551,spring,0,1.2,45.0,Q3,SSW,196,6.6,261,16.9,130,10.299999999999999
2021-10-26,Sydney (ERA5 grid point),-33.848858,151.19551,spring,0,0.0,39.6,Q2,ESE,105,7.6,180,17.7,102,10.1
2021-10-27,Sydney (ERA5 grid point),-33.848858,151.19551,spring,0,0.0,38.5,Q2,ENE,67,3.3,41,17.3,73,14.0
2021-10-28,Sydney (ERA5 grid point),-33.848858,151.19551,spring,0,0.0,33.5,Q1,N,7,6.2,280,14.8,67,8.600000000000001
2021-10-29,Sydney (ERA5 grid point),-33.848858,151.19551,spring,1,0.0,64.1,Q4,NW,304,27.6,319,30.5,287,2.8999999999999986
2021-10-30,Sydney (ERA5 grid point),-33.848858,151.19551,spring,0,0.2,45.0,Q3,SSE,167,17.0,163,19.2,146,2.1999999999999993
2021-10-31,Sydney (ERA5 grid point),-33.848858,151.19551,spring,0,0.0,36.7,Q2,NE,50,5.5,101,16.2,78,10.7
2021-11-1,Sydney (ERA5 grid point),-33.848858,151.19551,spring,1,0.0,41.8,Q2,NNE,33,7.7,37,20.8,53,13.100000000000001
2021-11-2,Sydney (ERA5 grid point),-33.848858,151.19551,spring,0,0.2,45.4,Q3,NE,52,16.1,61,20.9,66,4.799999999999997
2021-11-3,Sydney (ERA5 grid point),-33.848858,151.19551,spring,1,0.0,52.6,Q4,NE,36,20.2,39,26.0,56,5.800000000000001
2021-11-4,Sydney (ERA5 grid point),-33.848858,151.19551,spring,1,14.6,27.0,Q1,NE,47,7.9,47,7.6,59,-0.3000000000000007
2021-11-5,Sydney (ERA5 grid point),-33.848858,151.19551,spring,1,9.9,42.8,Q3,ENE,66,12.6,92,19.0,71,6.4
2021-11-6,Sydney (ERA5 grid point),-33.848858,151.19551,spring,1,0.3,47.2,Q3,NE,37,9.4,43,22.2,47,12.799999999999999
2021-11-7,Sydney (ERA5 grid point),-33.848858,151.19551,spring,1,9.6,29.2,Q1,NNW,344,6.4,196,6.4,47,0.0
2021-11-8,Sydney (ERA5 grid point),-33.848858,151.19551,spring,1,11.8,34.2,Q2,S,173,9.1,189,14.0,136,4.9
2021-11-9,Sydney (ERA5 grid point),-33.848858,151.19551,spring,1,0.3,35.6,Q2,SE,130,10.5,174,15.5,77,5.0
2021-11-10,Sydney (ERA5 grid point),-33.848858,151.19551,spring,1,7.7,29.2,Q1,NNE,23,1.6,297,11.2,48,9.6
2021-11-11,Sydney (ERA5 grid point),-33.848858,151.19551,spring,1,4.8,47.2,Q3,SSE,154,23.3,172,17.4,130,-5.900000000000002
2021-11-12,Sydney (ERA5 grid point),-33.848858,151.19551,spring,1,16.7,38.9,Q2,SSE,157,5.9,227,11.2,147,5.299999999999999
2021-11-13,Sydney (ERA5 grid point),-33.848858,151.19551,spring,1,0.3,74.9,Q4,WNW,286,33.0,288,34.2,278,1.2000000000000028
2021-11-14,Sydney (ERA5 grid point),-33.848858,151.19551,spring,0,2.1,62.3,Q4,WNW,291,25.6,280,25.2,287,-0.40000000000000213
2021-11-15,Sydney (ERA5 grid point),-33.848858,151.19551,spring,0,0.0,59.0,Q4,W,280,17.8,262,27.6,250,9.8
2021-11-16,Sydney (ERA5 grid point),-33.848858,151.19551,spring,1,0.0,46.1,Q3,S,186,17.9,242,21.9,150,4.0
2021-11-17,Sydney (ERA5 grid point),-33.848858,151.19551,spring,1,1.0,36.0,Q2,ENE,66,10.3,155,16.6,66,6.300000000000001
2021-11-18,Sydney (ERA5 grid point),-33.848858,151.19551,spring,1,0.8,51.8,Q4,NNE,30,21.6,33,25.5,45,3.8999999999999986
2021-11-19,Sydney (ERA5 grid point),-33.848858,151.19551,spring,1,0.3,35.6,Q2,NNE,25,7.3,349,17.8,32,10.5
2021-11-20,Sydney (ERA5 grid point),-33.848858,151.19551,spring,1,1.8,38.2,Q2,S,185,2.3,219,14.0,157,11.7
2021-11-21,Sydney (ERA5 grid point),-33.848858,151.19551,spring,1,24.0,56.2,Q4,SSE,155,22.4,138,27.6,165,5.200000000000003
2021-11-22,Sydney (ERA5 grid point),-33.848858,151.19551,spring,1,3.8,47.9,Q3,SSE,148,24.3,145,20.1,159,-4.199999999999999
2021-11-23,Sydney (ERA5 grid point),-33.848858,151.19551,spring,1,3.3,37.1,Q2,ESE,122,18.3,100,16.1,132,-2.1999999999999993
2021-11-24,Sydney (ERA5 grid point),-33.848858,151.19551,spring,1,0.9,45.4,Q3,NE,36,10.7,40,22.0,50,11.3
2021-11-25,Sydney (ERA5 grid point),-33.848858,151.19551,spring,1,11.8,38.5,Q2,NNE,31,10.2,23,16.9,50,6.699999999999999
2021-11-26,Sydney (ERA5 grid point),-33.848858,151.19551,spring,1,21.6,66.6,Q4,S,179,29.2,171,34.6,171,5.400000000000002
2021-11-27,Sydney (ERA5 grid point),-33.848858,151.19551,spring,1,4.5,63.0,Q4,S,180,29.9,179,32.5,176,2.6000000000000014
2021-11-28,Sydney (ERA5 grid point),-33.848858,151.19551,spring,1,1.7,48.6,Q3,S,181,23.6,164,23.2,173,-0.40000000000000213
2021-11-29,Sydney (ERA5 grid point),-33.848858,151.19551,spring,1,0.6,31.3,Q1,SE,131,11.9,166,12.7,97,0.7999999999999989
2021-11-30,Sydney (ERA5 grid point),-33.848858,151.19551,spring,1,0.1,29.9,Q1,ENE,64,5.0,90,14.1,77,9.1
2021-12-1,Sydney (ERA5 grid point),-33.848858,151.19551,summer,0,4.4,37.4,Q2,NE,51,12.4,60,17.2,57,4.799999999999999
2021-12-2,Sydney (ERA5 grid point),-33.848858,151.19551,summer,1,0.0,41.0,Q2,NE,42,6.6,68,19.2,62,12.6
2021-12-3,Sydney (ERA5 grid point),-33.848858,151.19551,summer,1,0.1,58.0,Q4,S,179,1.0,45,24.9,175,23.9
2021-12-4,Sydney (ERA5 grid point),-33.848858,151.19551,summer,1,9.5,57.2,Q4,S,176,15.9,185,27.1,169,11.200000000000001
2021-12-5,Sydney (ERA5 grid point),-33.848858,151.19551,summer,1,2.0,49.0,Q3,SSE,151,24.3,142,21.7,137,-2.6000000000000014
2021-12-6,Sydney (ERA5 grid point),-33.848858,151.19551,summer,1,0.4,30.6,Q1,ENE,57,12.9,72,12.7,43,-0.20000000000000107
2021-12-7,Sydney (ERA5 grid point),-33.848858,151.19551,summer,1,0.7,40.3,Q2,N,7,8.9,21,11.6,355,2.6999999999999993
2021-12-8,Sydney (ERA5 grid point),-33.848858,151.19551,summer,1,13.9,49.7,Q3,S,181,24.9,182,17.7,167,-7.199999999999999
2021-12-9,Sydney (ERA5 grid point),-33.848858,151.19551,summer,1,17.7,33.8,Q1,SSE,168,15.6,187,14.9,172,-0.6999999999999993
2021-12-10,Sydney (ERA5 grid point),-33.848858,151.19551,summer,1,12.4,57.6,Q4,W,259,12.2,298,31.1,257,18.900000000000002
2021-12-11,Sydney (ERA5 grid point),-33.848858,151.19551,summer,1,0.1,60.1,Q4,SSW,206,25.1,201,30.5,187,5.399999999999999
2021-12-12,Sydney (ERA5 grid point),-33.848858,151.19551,summer,0,1.0,47.9,Q3,S,190,22.9,187,22.1,164,-0.7999999999999972
2021-12-13,Sydney (ERA5 grid point),-33.848858,151.19551,summer,0,0.0,37.1,Q2,S,178,12.3,185,14.8,141,2.5
2021-12-14,Sydney (ERA5 grid point),-33.848858,151.19551,summer,1,0.0,33.5,Q1,S,176,4.5,166,12.8,142,8.3
2021-12-15,Sydney (ERA5 grid point),-33.848858,151.19551,summer,1,0.2,37.8,Q2,NNE,31,4.6,72,18.6,54,14.000000000000002
2021-12-16,Sydney (ERA5 grid point),-33.848858,151.19551,summer,1,1.4,48.6,Q3,SSE,161,18.1,159,24.4,143,6.299999999999997
2021-12-17,Sydney (ERA5 grid point),-33.848858,151.19551,summer,1,0.7,41.4,Q2,ENE,61,7.9,114,19.3,66,11.4
2021-12-18,Sydney (ERA5 grid point),-33.848858,151.19551,summer,1,0.3,43.9,Q3,NNE,12,14.6,20,17.6,49,3.0000000000000018
2021-12-19,Sydney (ERA5 grid point),-33.848858,151.19551,summer,1,0.2,51.5,Q4,NNW,332,19.6,346,26.7,307,7.099999999999998
2021-12-20,Sydney (ERA5 grid point),-33.848858,151.19551,summer,0,0.8,45.0,Q3,NE,43,4.2,110,20.5,52,16.3
2021-12-21,Sydney (ERA5 grid point),-33.848858,151.19551,summer,1,0.0,35.3,Q2,S,170,5.8,180,14.6,140,8.8
2021-12-22,Sydney (ERA5 grid point),-33.848858,151.19551,summer,1,0.3,39.6,Q2,SSE,153,11.9,177,19.1,131,7.200000000000001
2021-12-23,Sydney (ERA5 grid point),-33.848858,151.19551,summer,1,4.8,37.1,Q2,ENE,63,13.1,53,16.3,49,3.200000000000001
2021-12-24,Sydney (ERA5 grid point),-33.848858,151.19551,summer,0,2.2,37.1,Q2,SSE,152,13.8,174,17.4,140,3.599999999999998
2021-12-25,Sydney (ERA5 grid point),-33.848858,151.19551,summer,1,0.0,48.2,Q3,NE,34,9.2,31,24.2,48,15.0
2021-12-26,Sydney (ERA5 grid point),-33.848858,151.19551,summer,1,4.1,51.5,Q4,SSE,167,20.6,185,23.9,169,3.299999999999997
2021-12-27,Sydney (ERA5 grid point),-33.848858,151.19551,summer,1,6.9,60.8,Q4,S,171,29.9,171,26.6,179,-3.299999999999997
2021-12-28,Sydney (ERA5 grid point),-33.848858,151.19551,summer,1,6.1,50.4,Q3,SSE,160,23.7,160,20.7,160,-3.0
2021-12-29,Sydney (ERA5 grid point),-33.848858,151.19551,summer,0,6.5,30.6,Q1,S,173,9.8,186,11.7,135,1.8999999999999986
2021-12-30,Sydney (ERA5 grid point),-33.848858,151.19551,summer,0,0.0,41.8,Q2,NNE,27,4.3,294,18.9,50,14.599999999999998
2021-12-31,Sydney (ERA5 grid point),-33.848858,151.19551,summer,1,0.0,47.9,Q3,NE,37,9.4,32,23.4,56,13.999999999999998
2022-1-1,Sydney (ERA5 grid point),-33.848858,151.19551,summer,0,0.1,46.4,Q3,NE,35,16.8,42,22.4,48,5.599999999999998
2022-1-2,Sydney (ERA5 grid point),-33.848858,151.19551,summer,0,0.0,49.0,Q3,NE,37,10.9,44,21.8,52,10.9
2022-1-3,Sydney (ERA5 grid point),-33.848858,151.19551,summer,1,0.0,36.4,Q2,ESE,121,9.4,133,17.1,134,7.700000000000001
2022-1-4,Sydney (ERA5 grid point),-33.848858,151.19551,summer,1,0.7,42.5,Q3,SE,144,20.3,153,17.9,142,-2.400000000000002
2022-1-5,Sydney (ERA5 grid point),-33.848858,151.19551,summer,1,25.1,39.2,Q2,ESE,110,15.0,125,14.0,102,-1.0
2022-1-6,Sydney (ERA5 grid point),-33.848858,151.19551,summer,1,5.7,61.6,Q4,NE,53,24.0,50,30.3,58,6.300000000000001
2022-1-7,Sydney (ERA5 grid point),-33.848858,151.19551,summer,1,14.2,65.9,Q4,NE,40,31.1,41,32.4,43,1.2999999999999972
2022-1-8,Sydney (ERA5 grid point),-33.848858,151.19551,summer,1,8.1,42.8,Q3,NE,56,12.9,23,9.0,90,-3.9000000000000004
2022-1-9,Sydney (ERA5 grid point),-33.848858,151.19551,summer,1,5.8,38.9,Q2,SSE,156,18.4,163,16.3,145,-2.099999999999998
2022-1-10,Sydney (ERA5 grid point),-33.848858,151.19551,summer,1,0.6,41.4,Q2,NE,51,13.8,39,19.7,62,5.899999999999999
2022-1-11,Sydney (ERA5 grid point),-33.848858,151.19551,summer,1,3.0,37.8,Q2,NE,55,17.9,50,17.7,51,-0.1999999999999993
2022-1-12,Sydney (ERA5 grid point),-33.848858,151.19551,summer,1,4.4,39.2,Q2,SSE,149,15.5,167,18.4,154,2.8999999999999986
2022-1-13,Sydney (ERA5 grid point),-33.848858,151.19551,summer,1,10.5,28.8,Q1,SSE,148,8.2,151,8.8,109,0.6000000000000014
2022-1-14,Sydney (ERA5 grid point),-33.848858,151.19551,summer,1,0.9,38.2,Q2,NE,38,13.0,42,16.5,58,3.5
2022-1-15,Sydney (ERA5 grid point),-33.848858,151.19551,summer,0,2.4,39.2,Q2,NNE,18,15.8,27,17.5,32,1.6999999999999993
2022-1-16,Sydney (ERA5 grid point),-33.848858,151.19551,summer,0,0.0,40.3,Q2,S,174,19.6,187,18.1,157,-1.5
2022-1-17,Sydney (ERA5 grid point),-33.848858,151.19551,summer,1,0.0,34.6,Q2,NE,37,5.9,52,16.0,59,10.1
2022-1-18,Sydney (ERA5 grid point),-33.848858,151.19551,summer,1,7.2,41.0,Q2,S,175,19.8,182,19.4,165,-0.40000000000000213
2022-1-19,Sydney (ERA5 grid point),-33.848858,151.19551,summer,1,11.8,61.9,Q4,S,169,29.3,174,27.8,161,-1.5
2022-1-20,Sydney (ERA5 grid point),-33.848858,151.19551,summer,1,2.3,60.1,Q4,SE,141,29.1,144,26.0,139,-3.1000000000000014
2022-1-21,Sydney (ERA5 grid point),-33.848858,151.19551,summer,1,2.5,41.8,Q2,ESE,122,19.4,121,15.3,124,-4.099999999999998
2022-1-22,Sydney (ERA5 grid point),-33.848858,151.19551,summer,1,1.1,41.8,Q2,SSE,155,17.0,148,18.6,144,1.6000000000000014
2022-1-23,Sydney (ERA5 grid point),-33.848858,151.19551,summer,1,3.9,32.0,Q1,SSE,154,11.1,151,14.0,145,2.9000000000000004
2022-1-24,Sydney (ERA5 grid point),-33.848858,151.19551,summer,1,4.5,28.8,Q1,SE,127,10.0,142,11.2,132,1.1999999999999993
2022-1-25,Sydney (ERA5 grid point),-33.848858,151.19551,summer,1,0.2,35.6,Q2,NE,53,6.8,65,16.9,70,10.099999999999998
2022-1-26,Sydney (ERA5 grid point),-33.848858,151.19551,summer,1,0.1,40.3,Q2,ENE,64,9.0,95,18.7,71,9.7
2022-1-27,Sydney (ERA5 grid point),-33.848858,151.19551,summer,0,0.1,42.8,Q3,NE,45,15.0,44,19.2,52,4.199999999999999
2022-1-28,Sydney (ERA5 grid point),-33.848858,151.19551,summer,0,0.0,46.8,Q3,NE,39,19.4,31,22.5,50,3.1000000000000014
2022-1-29,Sydney (ERA5 grid point),-33.848858,151.19551,summer,1,0.0,46.1,Q3,NE,43,15.8,43,22.0,50,6.199999999999999
2022-1-30,Sydney (ERA5 grid point),-33.848858,151.19551,summer,1,0.5,34.2,Q2,ENE,58,12.7,47,15.6,71,2.9000000000000004
2022-1-31,Sydney (ERA5 grid point),-33.848858,151.19551,summer,1,0.8,34.6,Q2,ENE,70,5.4,138,15.2,83,9.799999999999999
2022-2-1,Sydney (ERA5 grid point),-33.848858,151.19551,summer,1,2.3,25.6,Q1,N,354,4.5,29,11.6,60,7.1
2022-2-2,Sydney (ERA5 grid point),-33.848858,151.19551,summer,1,12.1,56.2,Q4,S,180,29.0,174,25.3,169,-3.6999999999999993
2022-2-3,Sydney (ERA5 grid point),-33.848858,151.19551,summer,1,3.3,73.4,Q4,SSW,192,29.2,189,37.8,182,8.599999999999998
2022-2-4,Sydney (ERA5 grid point),-33.848858,151.19551,summer,1,5.7,64.4,Q4,S,172,23.9,169,30.3,156,6.400000000000002
2022-2-5,Sydney (ERA5 grid point),-33.848858,151.19551,summer,1,3.4,52.2,Q4,SSE,151,24.6,145,24.3,156,-0.3000000000000007
2022-2-6,Sydney (ERA5 grid point),-33.848858,151.19551,summer,1,5.8,54.7,Q4,SSE,149,26.8,144,26.1,156,-0.6999999999999993
2022-2-7,Sydney (ERA5 grid point),-33.848858,151.19551,summer,1,4.6,51.5,Q4,SSE,168,21.2,162,24.6,159,3.400000000000002
2022-2-8,Sydney (ERA5 grid point),-33.848858,151.19551,summer,0,4.7,34.9,Q2,S,189,17.0,193,13.5,151,-3.5
2022-2-9,Sydney (ERA5 grid point),-33.848858,151.19551,summer,1,0.0,41.4,Q2,N,1,7.6,301,17.3,89,9.700000000000001
2022-2-10,Sydney (ERA5 grid point),-33.848858,151.19551,summer,1,0.6,37.4,Q2,E,84,1.8,323,14.4,58,12.6
2022-2-11,Sydney (ERA5 grid point),-33.848858,151.19551,summer,1,4.5,57.2,Q4,S,174,16.9,179,28.5,164,11.600000000000001
2022-2-12,Sydney (ERA5 grid point),-33.848858,151.19551,summer,1,8.4,41.8,Q2,SSE,153,18.5,156,14.8,137,-3.6999999999999993
2022-2-13,Sydney (ERA5 grid point),-33.848858,151.19551,summer,1,1.6,36.4,Q2,ENE,76,6.1,87,14.7,65,8.6
2022-2-14,Sydney (ERA5 grid point),-33.848858,151.19551,summer,1,0.1,42.8,Q3,NNE,32,9.5,37,20.2,51,10.7
2022-2-15,Sydney (ERA5 grid point),-33.848858,151.19551,summer,1,0.1,45.7,Q3,NE,40,14.8,39,21.8,56,7.0
2022-2-16,Sydney (ERA5 grid point),-33.848858,151.19551,summer,1,0.2,43.2,Q3,NE,34,11.7,43,20.9,49,9.2
2022-2-17,Sydney (ERA5 grid point),-33.848858,151.19551,summer,1,0.9,46.8,Q3,NNE,27,5.4,20,8.4,20,3.0
2022-2-18,Sydney (ERA5 grid point),-33.848858,151.19551,summer,1,1.5,45.0,Q3,SE,139,6.6,171,18.0,116,11.4
2022-2-19,Sydney (ERA5 grid point),-33.848858,151.19551,summer,1,2.5,40.7,Q2,SE,126,16.5,136,9.8,96,-6.699999999999999
2022-2-20,Sydney (ERA5 grid point),-33.848858,151.19551,summer,1,0.1,48.2,Q3,NNE,25,7.3,9,21.6,44,14.3
2022-2-21,Sydney (ERA5 grid point),-33.848858,151.19551,summer,1,0.2,42.5,Q3,SE,140,7.5,287,18.4,169,10.899999999999999
2022-2-22,Sydney (ERA5 grid point),-33.848858,151.19551,summer,1,27.2,35.3,Q2,SE,129,13.0,161,14.8,77,1.8000000000000007
2022-2-23,Sydney (ERA5 grid point),-33.848858,151.19551,summer,1,9.5,33.5,Q1,E,89,6.6,112,13.0,136,6.4
2022-2-24,Sydney (ERA5 grid point),-33.848858,151.19551,summer,1,19.4,38.2,Q2,ENE,57,11.5,49,18.7,62,7.199999999999999
2022-2-25,Sydney (ERA5 grid point),-33.848858,151.19551,summer,1,14.8,32.4,Q1,E,82,9.8,66,3.2,153,-6.6000000000000005
2022-2-26,Sydney (ERA5 grid point),-33.848858,151.19551,summer,1,41.4,31.3,Q1,ESE,103,8.0,108,15.7,81,7.699999999999999
2022-2-27,Sydney (ERA5 grid point),-33.848858,151.19551,summer,1,5.1,26.3,Q1,ENE,76,2.9,97,8.8,99,5.9
2022-2-28,Sydney (ERA5 grid point),-33.848858,151.19551,summer,1,6.1,39.6,Q2,ENE,68,10.7,50,18.0,78,7.300000000000001
2022-3-1,Sydney (ERA5 grid point),-33.848858,151.19551,autumn,1,20.2,44.6,Q3,ESE,102,15.3,120,18.1,103,2.8000000000000007
2022-3-2,Sydney (ERA5 grid point),-33.848858,151.19551,autumn,1,47.8,43.2,Q3,ESE,103,22.7,79,16.3,118,-6.399999999999999
2022-3-3,Sydney (ERA5 grid point),-33.848858,151.19551,autumn,1,35.3,54.4,Q4,SSE,156,22.3,171,24.9,149,2.599999999999998
2022-3-4,Sydney (ERA5 grid point),-33.848858,151.19551,autumn,1,7.4,43.2,Q3,SSE,157,21.4,167,17.4,153,-4.0
2022-3-5,Sydney (ERA5 grid point),-33.848858,151.19551,autumn,1,2.9,38.5,Q2,NNE,29,8.6,15,16.8,45,8.200000000000001
2022-3-6,Sydney (ERA5 grid point),-33.848858,151.19551,autumn,1,25.0,54.4,Q4,SSE,159,18.4,130,27.1,176,8.700000000000003
2022-3-7,Sydney (ERA5 grid point),-33.848858,151.19551,autumn,1,43.7,44.3,Q3,ESE,120,16.3,96,15.6,105,-0.7000000000000011
2022-3-8,Sydney (ERA5 grid point),-33.848858,151.19551,autumn,1,62.3,82.8,Q4,SSW,193,15.5,136,32.8,203,17.299999999999997
2022-3-9,Sydney (ERA5 grid point),-33.848858,151.19551,autumn,0,4.3,69.5,Q4,SW,215,26.7,224,30.9,197,4.199999999999999
2022-3-10,Sydney (ERA5 grid point),-33.848858,151.19551,autumn,1,0.0,41.8,Q2,SSW,196,15.1,213,19.3,166,4.200000000000001
2022-3-11,Sydney (ERA5 grid point),-33.848858,151.19551,autumn,1,2.2,31.7,Q1,S,171,10.5,202,10.2,138,-0.3000000000000007
2022-3-12,Sydney (ERA5 grid point),-33.848858,151.19551,autumn,1,0.6,36.4,Q2,ENE,69,5.4,250,17.7,84,12.299999999999999
2022-3-13,Sydney (ERA5 grid point),-33.848858,151.19551,autumn,1,0.6,26.6,Q1,ENE,74,4.0,80,11.6,116,7.6
2022-3-14,Sydney (ERA5 grid point),-33.848858,151.19551,autumn,1,1.3,35.3,Q2,SE,132,9.8,172,14.7,118,4.899999999999999
2022-3-15,Sydney (ERA5 grid point),-33.848858,151.19551,autumn,1,0.1,33.1,Q1,ESE,119,16.0,126,15.3,131,-0.6999999999999993
2022-3-16,Sydney (ERA5 grid point),-33.848858,151.19551,autumn,1,6.0,29.2,Q1,ENE,70,3.5,246,9.7,90,6.199999999999999
2022-3-17,Sydney (ERA5 grid point),-33.848858,151.19551,autumn,1,0.3,28.1,Q1,NNE,18,5.1,278,13.3,49,8.200000000000001
2022-3-18,Sydney (ERA5 grid point),-33.848858,151.19551,autumn,1,3.1,31.3,Q1,SE,146,0.8,63,9.7,92,8.899999999999999
2022-3-19,Sydney (ERA5 grid point),-33.848858,151.19551,autumn,0,4.5,54.4,Q4,S,175,23.1,159,25.1,173,2.0
2022-3-20,Sydney (ERA5 grid point),-33.848858,151.19551,autumn,1,0.0,33.8,Q1,SW,219,10.9,261,16.1,151,5.200000000000001
2022-3-21,Sydney (ERA5 grid point),-33.848858,151.19551,autumn,0,0.8,34.2,Q2,S,184,16.5,190,12.6,167,-3.9000000000000004
2022-3-22,Sydney (ERA5 grid point),-33.848858,151.19551,autumn,1,0.0,36.0,Q2,NNE,12,6.4,313,17.1,42,10.700000000000001
2022-3-23,Sydney (ERA5 grid point),-33.848858,151.19551,autumn,1,0.7,50.8,Q3,SSE,168,16.6,182,25.7,162,9.099999999999998
2022-3-24,Sydney (ERA5 grid point),-33.848858,151.19551,autumn,1,26.1,26.6,Q1,E,96,11.0,131,9.7,68,-1.3000000000000007
2022-3-25,Sydney (ERA5 grid point),-33.848858,151.19551,autumn,1,5.7,41.0,Q2,SE,140,9.7,135,19.6,139,9.900000000000002
2022-3-26,Sydney (ERA5 grid point),-33.848858,151.19551,autumn,1,9.1,28.8,Q1,SE,132,14.0,136,8.6,147,-5.4
2022-3-27,Sydney (ERA5 grid point),-33.848858,151.19551,autumn,1,6.5,29.2,Q1,ESE,119,7.9,87,8.8,145,0.9000000000000004
2022-3-28,Sydney (ERA5 grid point),-33.848858,151.19551,autumn,1,14.8,28.4,Q1,S,178,5.8,240,10.9,134,5.1000000000000005
2022-3-29,Sydney (ERA5 grid point),-33.848858,151.19551,autumn,1,8.0,22.7,Q1,SSW,210,10.9,262,5.1,98,-5.800000000000001
2022-3-30,Sydney (ERA5 grid point),-33.848858,151.19551,autumn,1,3.8,56.2,Q4,S,186,14.1,174,26.3,181,12.200000000000001
2022-3-31,Sydney (ERA5 grid point),-33.848858,151.19551,autumn,1,10.2,73.1,Q4,SSW,196,24.8,213,33.7,173,8.900000000000002
2022-4-1,Sydney (ERA5 grid point),-33.848858,151.19551,autumn,1,7.7,70.6,Q4,SW,216,31.1,205,30.9,212,-0.20000000000000284
2022-4-2,Sydney (ERA5 grid point),-33.848858,151.19551,autumn,0,1.0,46.1,Q3,WSW,254,19.7,261,20.5,255,0.8000000000000007
2022-4-3,Sydney (ERA5 grid point),-33.848858,151.19551,autumn,0,0.0,30.6,Q1,NW,310,12.7,295,13.0,309,0.3000000000000007
2022-4-4,Sydney (ERA5 grid point),-33.848858,151.19551,autumn,1,0.0,27.4,Q1,WNW,300,10.0,296,10.7,168,0.6999999999999993
2022-4-5,Sydney (ERA5 grid point),-33.848858,151.19551,autumn,1,0.1,33.5,Q1,SW,219,9.7,274,15.0,163,5.300000000000001
2022-4-6,Sydney (ERA5 grid point),-33.848858,151.19551,autumn,1,34.7,56.9,Q4,SSE,155,15.8,156,22.9,143,7.099999999999998
2022-4-7,Sydney (ERA5 grid point),-33.848858,151.19551,autumn,1,65.8,51.5,Q4,E,92,25.0,96,18.8,87,-6.199999999999999
2022-4-8,Sydney (ERA5 grid point),-33.848858,151.19551,autumn,1,5.1,43.2,Q3,E,95,16.8,105,20.6,84,3.8000000000000007
2022-4-9,Sydney (ERA5 grid point),-33.848858,151.19551,autumn,1,3.4,36.7,Q2,NE,55,12.0,49,15.4,53,3.4000000000000004
2022-4-10,Sydney (ERA5 grid point),-33.848858,151.19551,autumn,1,3.6,24.1,Q1,NNE,13,5.2,258,7.0,55,1.7999999999999998
2022-4-11,Sydney (ERA5 grid point),-33.848858,151.19551,autumn,1,0.3,39.6,Q2,SW,217,9.5,281,16.6,141,7.100000000000001
2022-4-12,Sydney (ERA5 grid point),-33.848858,151.19551,autumn,1,2.1,36.7,Q2,S,180,14.8,214,16.0,157,1.1999999999999993
2022-4-13,Sydney (ERA5 grid point),-33.848858,151.19551,autumn,1,6.1,39.6,Q2,S,175,19.7,171,11.3,171,-8.399999999999999
2022-4-14,Sydney (ERA5 grid point),-33.848858,151.19551,autumn,0,1.4,24.8,Q1,SSW,198,8.6,237,10.9,81,2.3000000000000007
2022-4-15,Sydney (ERA5 grid point),-33.848858,151.19551,autumn,1,0.0,31.0,Q1,NNW,338,6.8,267,12.1,78,5.3
2022-4-16,Sydney (ERA5 grid point),-33.848858,151.19551,autumn,1,0.2,18.7,Q1,WNW,296,4.8,283,7.1,135,2.3
2022-4-17,Sydney (ERA5 grid point),-33.848858,151.19551,autumn,0,0.2,33.1,Q1,N,354,5.6,297,15.3,63,9.700000000000001
2022-4-18,Sydney (ERA5 grid point),-33.848858,151.19551,autumn,1,0.0,24.5,Q1,N,2,5.4,290,11.4,62,6.0
2022-4-19,Sydney (ERA5 grid point),-33.848858,151.19551,autumn,1,6.9,44.6,Q3,NNE,15,5.9,11,15.3,56,9.4
2022-4-20,Sydney (ERA5 grid point),-33.848858,151.19551,autumn,1,0.1,42.8,Q3,W,274,19.5,273,13.4,246,-6.1
2022-4-21,Sydney (ERA5 grid point),-33.848858,151.19551,autumn,1,1.3,49.7,Q3,SSW,197,10.8,266,23.3,158,12.5
2022-4-22,Sydney (ERA5 grid point),-33.848858,151.19551,autumn,1,3.5,41.4,Q2,SSE,155,13.7,145,16.3,145,2.6000000000000014
2022-4-23,Sydney (ERA5 grid point),-33.848858,151.19551,autumn,1,2.5,22.3,Q1,SE,138,3.3,229,9.2,132,5.8999999999999995
2022-4-24,Sydney (ERA5 grid point),-33.848858,151.19551,autumn,1,0.7,29.9,Q1,SSE,165,9.4,187,13.1,159,3.6999999999999993
2022-4-25,Sydney (ERA5 grid point),-33.848858,151.19551,autumn,1,4.6,27.4,Q1,SW,234,8.3,270,10.9,163,2.5999999999999996
2022-4-26,Sydney (ERA5 grid point),-33.848858,151.19551,autumn,1,0.9,21.6,Q1,SW,236,6.8,267,6.6,131,-0.20000000000000018
2022-4-27,Sydney (ERA5 grid point),-33.848858,151.19551,autumn,1,4.8,24.8,Q1,N,9,4.0,360,8.5,28,4.5
2022-4-28,Sydney (ERA5 grid point),-33.848858,151.19551,autumn,1,6.1,31.7,Q1,N,1,4.4,325,15.2,356,10.799999999999999
2022-4-29,Sydney (ERA5 grid point),-33.848858,151.19551,autumn,1,0.3,23.8,Q1,N,357,7.3,261,6.9,43,-0.39999999999999947
2022-4-30,Sydney (ERA5 grid point),-33.848858,151.19551,autumn,0,4.5,45.0,Q3,NW,316,20.9,315,3.6,276,-17.299999999999997
2022-5-1,Sydney (ERA5 grid point),-33.848858,151.19551,autumn,1,0.0,26.3,Q1,W,266,12.3,273,7.3,123,-5.000000000000001
2022-5-2,Sydney (ERA5 grid point),-33.848858,151.19551,autumn,0,0.2,23.4,Q1,NNW,331,7.6,289,11.2,57,3.5999999999999996
2022-5-3,Sydney (ERA5 grid point),-33.848858,151.19551,autumn,0,0.0,28.4,Q1,NNW,341,7.2,288,11.3,68,4.1000000000000005
2022-5-4,Sydney (ERA5 grid point),-33.848858,151.19551,autumn,1,0.0,24.1,Q1,N,349,5.9,284,10.9,63,5.0
2022-5-5,Sydney (ERA5 grid point),-33.848858,151.19551,autumn,1,5.7,28.4,Q1,WSW,256,8.3,268,8.7,135,0.3999999999999986
2022-5-6,Sydney (ERA5 grid point),-33.848858,151.19551,autumn,0,2.2,34.6,Q2,W,262,15.2,265,6.8,267,-8.399999999999999
2022-5-7,Sydney (ERA5 grid point),-33.848858,151.19551,autumn,0,0.0,29.5,Q1,WNW,294,14.0,299,13.7,267,-0.3000000000000007
2022-5-8,Sydney (ERA5 grid point),-33.848858,151.19551,autumn,1,0.0,33.1,Q1,W,271,12.5,288,8.4,170,-4.1
2022-5-9,Sydney (ERA5 grid point),-33.848858,151.19551,autumn,1,12.8,24.8,Q1,SW,219,8.9,207,10.6,198,1.6999999999999993
2022-5-10,Sydney (ERA5 grid point),-33.848858,151.19551,autumn,1,1.1,41.0,Q2,ESE,119,6.8,115,18.9,104,12.099999999999998
2022-5-11,Sydney (ERA5 grid point),-33.848858,151.19551,autumn,1,18.7,33.8,Q1,ENE,68,12.6,70,5.0,270,-7.6
2022-5-12,Sydney (ERA5 grid point),-33.848858,151.19551,autumn,1,9.9,47.9,Q3,NNE,26,16.1,20,21.3,26,5.199999999999999
2022-5-13,Sydney (ERA5 grid point),-33.848858,151.19551,autumn,1,11.5,31.7,Q1,N,4,6.2,10,7.2,37,1.0
2022-5-14,Sydney (ERA5 grid point),-33.848858,151.19551,autumn,1,0.1,29.5,Q1,N,359,5.8,330,12.7,55,6.8999999999999995
2022-5-15,Sydney (ERA5 grid point),-33.848858,151.19551,autumn,0,0.5,19.8,Q1,WNW,287,7.3,290,1.4,180,-5.9
2022-5-16,Sydney (ERA5 grid point),-33.848858,151.19551,autumn,0,0.0,25.6,Q1,WNW,301,5.4,307,4.8,63,-0.6000000000000005
2022-5-17,Sydney (ERA5 grid point),-33.848858,151.19551,autumn,0,0.0,39.6,Q2,W,273,19.1,266,6.2,277,-12.900000000000002
2022-5-18,Sydney (ERA5 grid point),-33.848858,151.19551,autumn,0,0.0,39.2,Q2,W,265,14.1,273,16.4,255,2.299999999999999
2022-5-19,Sydney (ERA5 grid point),-33.848858,151.19551,autumn,1,0.0,31.3,Q1,WSW,250,14.0,269,9.0,164,-5.0
2022-5-20,Sydney (ERA5 grid point),-33.848858,151.19551,autumn,1,9.6,32.8,Q1,SW,217,12.7,215,17.3,197,4.600000000000001
2022-5-21,Sydney (ERA5 grid point),-33.848858,151.19551,autumn,1,11.2,31.0,Q1,S,174,7.9,231,13.8,147,5.9
2022-5-22,Sydney (ERA5 grid point),-33.848858,151.19551,autumn,1,6.0,38.2,Q2,S,184,9.0,180,7.0,55,-2.0
2022-5-23,Sydney (ERA5 grid point),-33.848858,151.19551,autumn,1,11.8,31.0,Q1,SSE,167,7.9,156,12.8,128,4.9
2022-5-24,Sydney (ERA5 grid point),-33.848858,151.19551,autumn,1,10.1,26.6,Q1,SSW,199,10.4,284,12.2,166,1.799999999999999
2022-5-25,Sydney (ERA5 grid point),-33.848858,151.19551,autumn,0,0.5,21.6,Q1,WSW,251,5.5,281,6.4,133,0.9000000000000004
2022-5-26,Sydney (ERA5 grid point),-33.848858,151.19551,autumn,0,0.0,21.2,Q1,NW,326,9.5,279,8.8,55,-0.6999999999999993
2022-5-27,Sydney (ERA5 grid point),-33.848858,151.19551,autumn,0,0.0,18.7,Q1,NW,321,6.5,289,8.7,73,2.1999999999999993
2022-5-28,Sydney (ERA5 grid point),-33.848858,151.19551,autumn,0,0.0,27.0,Q1,W,277,12.0,286,6.5,264,-5.5
2022-5-29,Sydney (ERA5 grid point),-33.848858,151.19551,autumn,1,0.0,39.6,Q2,W,260,18.8,266,15.5,252,-3.3000000000000007
2022-5-30,Sydney (ERA5 grid point),-33.848858,151.19551,autumn,0,6.9,49.3,Q3,NNW,327,10.5,333,24.5,30,14.0
2022-5-31,Sydney (ERA5 grid point),-33.848858,151.19551,autumn,0,0.0,75.2,Q4,WNW,291,22.2,295,29.9,285,7.699999999999999
2022-6-1,Sydney (ERA5 grid point),-33.848858,151.19551,winter,0,0.0,70.2,Q4,W,273,30.3,283,33.8,269,3.4999999999999964
2022-6-2,Sydney (ERA5 grid point),-33.848858,151.19551,winter,1,0.0,47.5,Q3,W,268,15.5,274,5.8,248,-9.7
2022-6-3,Sydney (ERA5 grid point),-33.848858,151.19551,winter,1,0.7,32.4,Q1,NW,314,5.8,300,8.7,312,2.8999999999999995
2022-6-4,Sydney (ERA5 grid point),-33.848858,151.19551,winter,0,0.8,42.8,Q3,WNW,294,18.7,268,19.6,263,0.9000000000000021
2022-6-5,Sydney (ERA5 grid point),-33.848858,151.19551,winter,0,0.0,50.8,Q3,NNW,342,20.9,349,21.7,336,0.8000000000000007
2022-6-6,Sydney (ERA5 grid point),-33.848858,151.19551,winter,0,0.0,60.1,Q4,NW,312,25.0,297,24.3,282,-0.6999999999999993
2022-6-7,Sydney (ERA5 grid point),-33.848858,151.19551,winter,0,0.0,50.4,Q3,WNW,301,19.0,327,23.8,290,4.800000000000001
2022-6-8,Sydney (ERA5 grid point),-33.848858,151.19551,winter,0,0.0,51.5,Q4,W,272,23.1,273,21.5,256,-1.6000000000000014
2022-6-9,Sydney (ERA5 grid point),-33.848858,151.19551,winter,0,0.0,52.2,Q4,W,277,21.3,276,26.9,262,5.599999999999998
2022-6-10,Sydney (ERA5 grid point),-33.848858,151.19551,winter,0,0.0,41.8,Q2,W,270,18.4,274,21.8,257,3.400000000000002
2022-6-11,Sydney (ERA5 grid point),-33.848858,151.19551,winter,0,0.0,49.7,Q3,W,268,19.4,260,21.2,269,1.8000000000000007
2022-6-12,Sydney (ERA5 grid point),-33.848858,151.19551,winter,0,0.0,56.9,Q4,W,266,22.6,261,23.4,256,0.7999999999999972
2022-6-13,Sydney (ERA5 grid point),-33.848858,151.19551,winter,0,0.0,30.2,Q1,W,265,11.9,270,5.4,172,-6.5
2022-6-14,Sydney (ERA5 grid point),-33.848858,151.19551,winter,0,0.0,24.5,Q1,NW,314,11.5,284,8.5,36,-3.0
2022-6-15,Sydney (ERA5 grid point),-33.848858,151.19551,winter,1,0.0,23.4,Q1,NW,307,7.6,295,5.4,48,-2.1999999999999993
2022-6-16,Sydney (ERA5 grid point),-33.848858,151.19551,winter,0,0.3,26.3,Q1,WNW,294,15.5,316,8.1,302,-7.4
2022-6-17,Sydney (ERA5 grid point),-33.848858,151.19551,winter,1,0.0,40.7,Q2,WSW,240,15.2,265,11.9,209,-3.299999999999999
2022-6-18,Sydney (ERA5 grid point),-33.848858,151.19551,winter,1,0.7,46.8,Q3,SSW,213,13.6,230,24.2,184,10.6
2022-6-19,Sydney (ERA5 grid point),-33.848858,151.19551,winter,1,2.2,48.6,Q3,SSW,205,13.4,216,19.4,169,5.999999999999998
2022-6-20,Sydney (ERA5 grid point),-33.848858,151.19551,winter,1,1.6,22.0,Q1,WSW,253,11.0,259,6.6,103,-4.4
2022-6-21,Sydney (ERA5 grid point),-33.848858,151.19551,winter,0,4.8,25.9,Q1,WNW,302,8.7,315,8.9,320,0.20000000000000107
2022-6-22,Sydney (ERA5 grid point),-33.848858,151.19551,winter,0,0.0,41.0,Q2,W,266,15.5,265,4.0,275,-11.5
2022-6-23,Sydney (ERA5 grid point),-33.848858,151.19551,winter,0,0.0,27.0,Q1,WNW,282,15.5,292,11.9,272,-3.5999999999999996
2022-6-24,Sydney (ERA5 grid point),-33.848858,151.19551,winter,0,0.0,34.9,Q2,WNW,298,11.5,314,12.6,268,1.0999999999999996
2022-6-25,Sydney (ERA5 grid point),-33.848858,151.19551,winter,0,0.0,33.8,Q1,WNW,282,14.8,293,13.9,249,-0.9000000000000004
2022-6-26,Sydney (ERA5 grid point),-33.848858,151.19551,winter,1,0.0,21.2,Q1,W,273,8.0,252,5.5,212,-2.5
2022-6-27,Sydney (ERA5 grid point),-33.848858,151.19551,winter,1,0.9,58.3,Q4,SW,216,16.8,223,29.0,197,12.2
2022-6-28,Sydney (ERA5 grid point),-33.848858,151.19551,winter,0,0.7,38.2,Q2,SW,216,9.4,220,17.8,187,8.4
2022-6-29,Sydney (ERA5 grid point),-33.848858,151.19551,winter,1,0.0,25.9,Q1,NW,323,9.5,279,11.7,18,2.1999999999999993
2022-6-30,Sydney (ERA5 grid point),-33.848858,151.19551,winter,1,0.3,28.4,Q1,WSW,245,9.3,286,9.5,169,0.1999999999999993
2022-7-1,Sydney (ERA5 grid point),-33.848858,151.19551,winter,1,40.4,27.7,Q1,SW,231,13.5,226,14.1,212,0.5999999999999996
2022-7-2,Sydney (ERA5 grid point),-33.848858,151.19551,winter,1,29.4,26.6,Q1,SE,143,3.2,243,11.8,117,8.600000000000001
2022-7-3,Sydney (ERA5 grid point),-33.848858,151.19551,winter,1,52.8,84.2,Q4,SE,136,31.2,126,30.0,145,-1.1999999999999993
2022-7-4,Sydney (ERA5 grid point),-33.848858,151.19551,winter,1,34.2,63.4,Q4,SSE,162,15.8,181,18.9,172,3.099999999999998
2022-7-5,Sydney (ERA5 grid point),-33.848858,151.19551,winter,1,38.6,71.3,Q4,SSE,151,31.9,150,30.8,147,-1.0999999999999979
2022-7-6,Sydney (ERA5 grid point),-33.848858,151.19551,winter,1,27.0,50.0,Q3,SSE,152,23.7,136,23.1,159,-0.5999999999999979
2022-7-7,Sydney (ERA5 grid point),-33.848858,151.19551,winter,0,6.2,39.6,Q2,SW,219,15.6,241,14.6,189,-1.0
2022-7-8,Sydney (ERA5 grid point),-33.848858,151.19551,winter,0,0.0,58.0,Q4,W,268,22.0,266,28.4,271,6.399999999999999
2022-7-9,Sydney (ERA5 grid point),-33.848858,151.19551,winter,1,0.0,40.7,Q2,WSW,258,19.8,258,12.5,224,-7.300000000000001
2022-7-10,Sydney (ERA5 grid point),-33.848858,151.19551,winter,1,12.9,54.0,Q4,S,179,17.0,167,19.5,155,2.5
2022-7-11,Sydney (ERA5 grid point),-33.848858,151.19551,winter,1,1.3,30.2,Q1,SW,218,10.6,246,10.1,180,-0.5
2022-7-12,Sydney (ERA5 grid point),-33.848858,151.19551,winter,1,2.0,22.3,Q1,WNW,289,7.9,286,4.6,225,-3.3000000000000007
2022-7-13,Sydney (ERA5 grid point),-33.848858,151.19551,winter,1,0.9,42.8,Q3,SW,232,16.4,251,19.7,201,3.3000000000000007
2022-7-14,Sydney (ERA5 grid point),-33.848858,151.19551,winter,0,0.7,64.8,Q4,SSW,213,27.4,207,28.8,198,1.4000000000000021
2022-7-15,Sydney (ERA5 grid point),-33.848858,151.19551,winter,0,0.0,30.2,Q1,W,279,12.8,280,5.9,256,-6.9
2022-7-16,Sydney (ERA5 grid point),-33.848858,151.19551,winter,0,0.0,32.8,Q1,NW,311,8.5,298,7.4,346,-1.0999999999999996
2022-7-17,Sydney (ERA5 grid point),-33.848858,151.19551,winter,0,0.0,52.6,Q4,NNW,332,25.6,343,23.6,308,-2.0
2022-7-18,Sydney (ERA5 grid point),-33.848858,151.19551,winter,1,0.0,50.0,Q3,W,267,12.8,230,16.7,251,3.8999999999999986
2022-7-19,Sydney (ERA5 grid point),-33.848858,151.19551,winter,1,4.5,51.8,Q4,SSW,197,19.1,196,23.9,174,4.799999999999997
2022-7-20,Sydney (ERA5 grid point),-33.848858,151.19551,winter,1,3.0,26.3,Q1,SSW,205,13.2,225,11.8,168,-1.3999999999999986
2022-7-21,Sydney (ERA5 grid point),-33.848858,151.19551,winter,1,5.0,37.1,Q2,ESE,103,16.7,96,18.4,102,1.6999999999999993
2022-7-22,Sydney (ERA5 grid point),-33.848858,151.19551,winter,1,2.1,42.5,Q3,ESE,104,17.1,98,20.3,107,3.1999999999999993
2022-7-23,Sydney (ERA5 grid point),-33.848858,151.19551,winter,1,2.1,24.8,Q1,SE,142,1.5,135,12.3,130,10.8
2022-7-24,Sydney (ERA5 grid point),-33.848858,151.19551,winter,0,1.2,22.0,Q1,WNW,297,10.4,284,4.5,151,-5.9
2022-7-25,Sydney (ERA5 grid point),-33.848858,151.19551,winter,1,0.0,23.8,Q1,NNW,337,10.0,283,11.3,53,1.3000000000000007
2022-7-26,Sydney (ERA5 grid point),-33.848858,151.19551,winter,0,4.2,52.6,Q4,W,268,10.5,329,24.4,248,13.899999999999999
2022-7-27,Sydney (ERA5 grid point),-33.848858,151.19551,winter,0,0.0,48.6,Q3,WSW,256,23.5,265,15.4,191,-8.1
2022-7-28,Sydney (ERA5 grid point),-33.848858,151.19551,winter,0,0.0,39.6,Q2,W,260,18.8,267,4.4,279,-14.4
2022-7-29,Sydney (ERA5 grid point),-33.848858,151.19551,winter,0,0.0,49.3,Q3,SW,215,16.4,237,24.9,178,8.5
2022-7-30,Sydney (ERA5 grid point),-33.848858,151.19551,winter,0,0.0,24.8,Q1,WNW,292,11.5,284,2.6,106,-8.9
2022-7-31,Sydney (ERA5 grid point),-33.848858,151.19551,winter,1,0.0,31.3,Q1,N,356,7.4,313,16.3,31,8.9
2022-8-1,Sydney (ERA5 grid point),-33.848858,151.19551,winter,0,0.6,41.4,Q2,NW,323,20.3,343,13.1,279,-7.200000000000001
2022-8-2,Sydney (ERA5 grid point),-33.848858,151.19551,winter,1,0.0,26.6,Q1,NNW,330,7.5,305,8.7,30,1.1999999999999993
2022-8-3,Sydney (ERA5 grid point),-33.848858,151.19551,winter,1,0.3,40.0,Q2,N,0,15.9,354,18.5,8,2.5999999999999996
2022-8-4,Sydney (ERA5 grid point),-33.848858,151.19551,winter,0,7.1,59.8,Q4,N,351,28.1,344,23.9,355,-4.200000000000003
2022-8-5,Sydney (ERA5 grid point),-33.848858,151.19551,winter,1,0.0,46.4,Q3,NW,317,17.6,313,22.1,298,4.5
2022-8-6,Sydney (ERA5 grid point),-33.848858,151.19551,winter,1,0.2,43.6,Q3,WNW,297,16.8,313,23.1,274,6.300000000000001
2022-8-7,Sydney (ERA5 grid point),-33.848858,151.19551,winter,1,3.4,40.7,Q2,SW,225,15.5,257,16.9,192,1.3999999999999986
2022-8-8,Sydney (ERA5 grid point),-33.848858,151.19551,winter,1,0.1,42.8,Q3,SSW,211,12.3,232,21.3,185,9.0
2022-8-9,Sydney (ERA5 grid point),-33.848858,151.19551,winter,1,2.2,49.7,Q3,SSW,210,13.8,213,22.8,185,9.0
2022-8-10,Sydney (ERA5 grid point),-33.848858,151.19551,winter,1,2.1,32.4,Q1,SSW,204,11.9,205,15.6,165,3.6999999999999993
2022-8-11,Sydney (ERA5 grid point),-33.848858,151.19551,winter,1,0.1,27.0,Q1,NNW,346,4.5,299,12.4,10,7.9
2022-8-12,Sydney (ERA5 grid point),-33.848858,151.19551,winter,1,11.4,31.7,Q1,N,359,16.0,329,14.4,13,-1.5999999999999996
2022-8-13,Sydney (ERA5 grid point),-33.848858,151.19551,winter,0,3.7,36.0,Q2,WNW,295,12.9,288,16.6,274,3.700000000000001
2022-8-14,Sydney (ERA5 grid point),-33.848858,151.19551,winter,0,0.0,49.7,Q3,NW,308,20.9,314,23.8,285,2.900000000000002
2022-8-15,Sydney (ERA5 grid point),-33.848858,151.19551,winter,0,0.0,42.8,Q3,NW,309,19.6,302,20.1,291,0.5
2022-8-16,Sydney (ERA5 grid point),-33.848858,151.19551,winter,0,0.0,37.8,Q2,W,274,12.6,294,16.0,262,3.4000000000000004
2022-8-17,Sydney (ERA5 grid point),-33.848858,151.19551,winter,0,0.0,30.6,Q1,W,260,13.8,277,11.8,140,-2.0
2022-8-18,Sydney (ERA5 grid point),-33.848858,151.19551,winter,1,0.0,28.4,Q1,NW,317,5.0,291,8.7,300,3.6999999999999993
2022-8-19,Sydney (ERA5 grid point),-33.848858,151.19551,winter,0,1.6,43.2,Q3,WNW,283,10.8,345,10.4,316,-0.40000000000000036
2022-8-20,Sydney (ERA5 grid point),-33.848858,151.19551,winter,0,0.0,41.4,Q2,W,271,10.1,297,18.8,263,8.700000000000001
2022-8-21,Sydney (ERA5 grid point),-33.848858,151.19551,winter,0,0.0,33.5,Q1,WNW,283,9.3,257,13.5,61,4.199999999999999
2022-8-22,Sydney (ERA5 grid point),-33.848858,151.19551,winter,1,0.0,45.0,Q3,NW,322,11.9,335,20.7,311,8.799999999999999
2022-8-23,Sydney (ERA5 grid point),-33.848858,151.19551,winter,1,23.6,67.0,Q4,W,267,14.9,353,33.1,189,18.200000000000003
2022-8-24,Sydney (ERA5 grid point),-33.848858,151.19551,winter,1,0.6,50.0,Q3,SW,234,18.4,258,18.4,169,0.0
2022-8-25,Sydney (ERA5 grid point),-33.848858,151.19551,winter,1,0.4,39.2,Q2,WSW,253,17.3,266,4.6,219,-12.700000000000001
2022-8-26,Sydney (ERA5 grid point),-33.848858,151.19551,winter,1,0.8,46.8,Q3,SSW,200,11.5,226,22.4,175,10.899999999999999
2022-8-27,Sydney (ERA5 grid point),-33.848858,151.19551,winter,0,1.6,27.0,Q1,SSW,194,7.2,180,7.9,120,0.7000000000000002
2022-8-28,Sydney (ERA5 grid point),-33.848858,151.19551,winter,0,0.0,33.8,Q1,NNE,16,4.3,275,16.6,49,12.3
2022-8-29,Sydney (ERA5 grid point),-33.848858,151.19551,winter,1,0.0,38.9,Q2,NNE,17,10.7,20,19.2,34,8.5
2022-8-30,Sydney (ERA5 grid point),-33.848858,151.19551,winter,1,0.1,49.3,Q3,NW,320,19.3,336,16.2,302,-3.1000000000000014
2022-8-31,Sydney (ERA5 grid point),-33.848858,151.19551,winter,1,2.0,34.9,Q2,SSW,202,7.2,276,11.3,143,4.1000000000000005
2022-9-1,Sydney (ERA5 grid point),-33.848858,151.19551,spring,1,1.0,34.9,Q2,NNE,17,4.3,275,16.4,71,12.099999999999998
2022-9-2,Sydney (ERA5 grid point),-33.848858,151.19551,spring,1,2.5,53.3,Q4,S,189,16.2,201,27.8,176,11.600000000000001
2022-9-3,Sydney (ERA5 grid point),-33.848858,151.19551,spring,1,7.6,65.2,Q4,S,172,26.4,175,33.2,167,6.800000000000004
2022-9-4,Sydney (ERA5 grid point),-33.848858,151.19551,spring,1,3.0,62.3,Q4,S,178,28.5,167,23.2,168,-5.300000000000001
2022-9-5,Sydney (ERA5 grid point),-33.848858,151.19551,spring,1,0.5,49.0,Q3,SSW,200,11.9,241,22.7,178,10.799999999999999
2022-9-6,Sydney (ERA5 grid point),-33.848858,151.19551,spring,1,2.2,34.2,Q2,SSW,194,13.8,200,12.9,167,-0.9000000000000004
2022-9-7,Sydney (ERA5 grid point),-33.848858,151.19551,spring,1,0.9,29.9,Q1,NE,52,1.5,194,13.2,68,11.7
2022-9-8,Sydney (ERA5 grid point),-33.848858,151.19551,spring,1,0.1,54.0,Q4,NNE,33,17.1,25,26.0,43,8.899999999999999
2022-9-9,Sydney (ERA5 grid point),-33.848858,151.19551,spring,1,6.6,36.0,Q2,N,7,12.6,5,12.8,11,0.20000000000000107
2022-9-10,Sydney (ERA5 grid point),-33.848858,151.19551,spring,0,0.1,37.8,Q2,WNW,290,17.1,288,17.2,260,0.09999999999999787
2022-9-11,Sydney (ERA5 grid point),-33.848858,151.19551,spring,0,0.0,35.3,Q2,W,265,17.3,266,13.8,263,-3.5
2022-9-12,Sydney (ERA5 grid point),-33.848858,151.19551,spring,1,0.0,40.3,Q2,WSW,258,18.4,269,17.5,104,-0.8999999999999986
2022-9-13,Sydney (ERA5 grid point),-33.848858,151.19551,spring,1,0.4,43.2,Q3,S,188,16.1,190,20.3,163,4.199999999999999
2022-9-14,Sydney (ERA5 grid point),-33.848858,151.19551,spring,1,0.3,27.4,Q1,NNW,328,8.3,214,10.9,82,2.5999999999999996
2022-9-15,Sydney (ERA5 grid point),-33.848858,151.19551,spring,1,11.1,40.7,Q2,NNE,14,8.5,28,15.0,46,6.5
2022-9-16,Sydney (ERA5 grid point),-33.848858,151.19551,spring,0,0.5,42.5,Q3,NW,308,15.6,285,18.1,293,2.5000000000000018
2022-9-17,Sydney (ERA5 grid point),-33.848858,151.19551,spring,0,0.0,49.3,Q3,NW,309,16.6,312,25.0,285,8.399999999999999
2022-9-18,Sydney (ERA5 grid point),-33.848858,151.19551,spring,0,0.0,41.8,Q2,WNW,303,10.5,292,19.8,280,9.3
2022-9-19,Sydney (ERA5 grid point),-33.848858,151.19551,spring,1,0.0,42.1,Q3,W,271,8.7,277,19.7,230,11.0
2022-9-20,Sydney (ERA5 grid point),-33.848858,151.19551,spring,1,0.1,41.8,Q2,NNE,21,6.8,273,20.9,42,14.099999999999998
2022-9-21,Sydney (ERA5 grid point),-33.848858,151.19551,spring,1,1.9,53.3,Q4,NE,34,26.3,36,22.7,42,-3.6000000000000014
2022-9-22,Sydney (ERA5 grid point),-33.848858,151.19551,spring,1,6.6,49.3,Q3,NE,50,22.3,56,21.2,55,-1.1000000000000014
2022-9-23,Sydney (ERA5 grid point),-33.848858,151.19551,spring,1,10.1,32.4,Q1,NE,34,13.7,27,13.2,43,-0.5
2022-9-24,Sydney (ERA5 grid point),-33.848858,151.19551,spring,0,4.8,36.0,Q2,SW,215,8.5,216,14.4,181,5.9
2022-9-25,Sydney (ERA5 grid point),-33.848858,151.19551,spring,1,0.0,31.3,Q1,W,259,12.3,263,14.6,99,2.299999999999999
2022-9-26,Sydney (ERA5 grid point),-33.848858,151.19551,spring,1,1.2,25.6,Q1,N,358,4.7,270,8.7,66,3.999999999999999
2022-9-27,Sydney (ERA5 grid point),-33.848858,151.19551,spring,1,0.1,36.0,Q2,NNE,14,7.9,317,16.4,40,8.499999999999998
2022-9-28,Sydney (ERA5 grid point),-33.848858,151.19551,spring,1,8.1,33.5,Q1,WSW,237,10.2,260,11.5,148,1.3000000000000007
2022-9-29,Sydney (ERA5 grid point),-33.848858,151.19551,spring,1,4.9,63.4,Q4,SSW,202,23.7,193,31.2,191,7.5
2022-9-30,Sydney (ERA5 grid point),-33.848858,151.19551,spring,1,9.7,56.5,Q4,S,186,29.8,195,25.6,178,-4.199999999999999
2022-10-1,Sydney (ERA5 grid point),-33.848858,151.19551,spring,1,0.6,40.3,Q2,SSE,156,20.1,156,16.8,145,-3.3000000000000007
2022-10-2,Sydney (ERA5 grid point),-33.848858,151.19551,spring,0,3.9,34.6,Q2,S,180,11.2,178,13.6,122,2.4000000000000004
2022-10-3,Sydney (ERA5 grid point),-33.848858,151.19551,spring,0,0.0,34.6,Q2,NNE,15,10.1,264,16.2,69,6.1
2022-10-4,Sydney (ERA5 grid point),-33.848858,151.19551,spring,1,0.0,32.0,Q1,E,100,1.5,194,14.1,93,12.6
2022-10-5,Sydney (ERA5 grid point),-33.848858,151.19551,spring,1,13.9,37.1,Q2,E,91,18.0,110,18.0,74,0.0
2022-10-6,Sydney (ERA5 grid point),-33.848858,151.19551,spring,1,11.3,38.9,Q2,NE,42,16.6,34,17.8,42,1.1999999999999993
2022-10-7,Sydney (ERA5 grid point),-33.848858,151.19551,spring,1,11.4,33.5,Q1,NNE,18,9.9,33,14.1,32,4.199999999999999
2022-10-8,Sydney (ERA5 grid point),-33.848858,151.19551,spring,1,44.4,33.5,Q1,SSE,153,4.3,246,16.3,145,12.0
2022-10-9,Sydney (ERA5 grid point),-33.848858,151.19551,spring,1,15.8,56.9,Q4,SSW,202,20.0,208,19.6,174,-0.3999999999999986
2022-10-10,Sydney (ERA5 grid point),-33.848858,151.19551,spring,1,0.9,30.2,Q1,SE,137,14.0,157,10.4,124,-3.5999999999999996
2022-10-11,Sydney (ERA5 grid point),-33.848858,151.19551,spring,1,0.1,31.7,Q1,ENE,58,10.6,62,14.0,61,3.4000000000000004
2022-10-12,Sydney (ERA5 grid point),-33.848858,151.19551,spring,0,1.7,40.0,Q2,NE,45,17.6,47,19.8,53,2.1999999999999993
2022-10-13,Sydney (ERA5 grid point),-33.848858,151.19551,spring,1,0.0,51.5,Q4,NE,34,23.2,41,23.2,41,0.0
2022-10-14,Sydney (ERA5 grid point),-33.848858,151.19551,spring,0,7.8,50.4,Q3,NW,308,15.7,323,22.4,264,6.699999999999999
2022-10-15,Sydney (ERA5 grid point),-33.848858,151.19551,spring,1,0.0,38.9,Q2,NNE,31,7.0,215,19.4,72,12.399999999999999
2022-10-16,Sydney (ERA5 grid point),-33.848858,151.19551,spring,1,3.9,39.2,Q2,SSE,152,3.9,214,18.5,114,14.6
2022-10-17,Sydney (ERA5 grid point),-33.848858,151.19551,spring,1,4.1,40.7,Q2,SSE,152,20.2,145,18.4,141,-1.8000000000000007
2022-10-18,Sydney (ERA5 grid point),-33.848858,151.19551,spring,1,0.9,33.1,Q1,ENE,58,12.1,73,14.2,69,2.0999999999999996
2022-10-19,Sydney (ERA5 grid point),-33.848858,151.19551,spring,1,0.1,32.8,Q1,SSE,151,5.2,164,10.7,138,5.499999999999999
2022-10-20,Sydney (ERA5 grid point),-33.848858,151.19551,spring,1,5.1,42.8,Q3,ENE,68,15.1,50,16.6,56,1.5000000000000018
2022-10-21,Sydney (ERA5 grid point),-33.848858,151.19551,spring,1,9.4,54.7,Q4,NE,35,13.9,25,14.5,46,0.5999999999999996
2022-10-22,Sydney (ERA5 grid point),-33.848858,151.19551,spring,1,1.8,46.1,Q3,NNE,30,17.6,31,21.6,33,4.0
2022-10-23,Sydney (ERA5 grid point),-33.848858,151.19551,spring,1,7.1,35.6,Q2,NE,53,12.0,16,14.1,96,2.0999999999999996
2022-10-24,Sydney (ERA5 grid point),-33.848858,151.19551,spring,1,15.2,40.7,Q2,E,92,20.6,96,9.0,85,-11.600000000000001
2022-10-25,Sydney (ERA5 grid point),-33.848858,151.19551,spring,1,6.5,35.6,Q2,NW,324,8.9,333,16.4,40,7.499999999999998
2022-10-26,Sydney (ERA5 grid point),-33.848858,151.19551,spring,1,0.1,40.0,Q2,WNW,296,14.5,277,15.0,291,0.5
2022-10-27,Sydney (ERA5 grid point),-33.848858,151.19551,spring,1,1.8,41.0,Q2,WNW,301,10.6,294,7.6,355,-3.0
2022-10-28,Sydney (ERA5 grid point),-33.848858,151.19551,spring,1,0.3,54.4,Q4,WNW,287,18.1,283,27.1,275,9.0
2022-10-29,Sydney (ERA5 grid point),-33.848858,151.19551,spring,0,0.7,41.8,Q2,W,276,16.2,273,18.5,263,2.3000000000000007
2022-10-30,Sydney (ERA5 grid point),-33.848858,151.19551,spring,1,0.0,40.3,Q2,NNE,16,8.0,234,20.0,64,12.0
2022-10-31,Sydney (ERA5 grid point),-33.848858,151.19551,spring,1,3.6,53.3,Q4,N,354,17.8,14,22.4,341,4.599999999999998
2022-11-1,Sydney (ERA5 grid point),-33.848858,151.19551,spring,1,2.8,58.3,Q4,NW,306,27.3,288,25.4,295,-1.9000000000000021
2022-11-2,Sydney (ERA5 grid point),-33.848858,151.19551,spring,1,0.2,66.2,Q4,W,270,30.0,266,23.7,250,-6.300000000000001
2022-11-3,Sydney (ERA5 grid point),-33.848858,151.19551,spring,1,0.6,41.8,Q2,SW,224,20.6,245,14.1,148,-6.500000000000002
2022-11-4,Sydney (ERA5 grid point),-33.848858,151.19551,spring,1,0.4,29.5,Q1,E,85,8.4,130,13.2,73,4.799999999999999
2022-11-5,Sydney (ERA5 grid point),-33.848858,151.19551,spring,0,0.6,36.7,Q2,NE,47,8.7,85,17.8,58,9.100000000000001
2022-11-6,Sydney (ERA5 grid point),-33.848858,151.19551,spring,1,0.0,39.6,Q2,NE,46,8.7,73,18.7,71,10.0
2022-11-7,Sydney (ERA5 grid point),-33.848858,151.19551,spring,1,1.2,42.8,Q3,NE,47,12.8,52,19.9,55,7.099999999999998
2022-11-8,Sydney (ERA5 grid point),-33.848858,151.19551,spring,1,0.2,37.4,Q2,NE,54,10.5,68,18.0,74,7.5
2022-11-9,Sydney (ERA5 grid point),-33.848858,151.19551,spring,0,0.2,41.0,Q2,ENE,60,10.6,66,20.2,71,9.6
2022-11-10,Sydney (ERA5 grid point),-33.848858,151.19551,spring,0,0.0,42.1,Q3,NE,53,8.4,50,19.6,70,11.200000000000001
2022-11-11,Sydney (ERA5 grid point),-33.848858,151.19551,spring,0,0.0,36.7,Q2,NNE,26,9.7,45,17.3,43,7.600000000000001
2022-11-12,Sydney (ERA5 grid point),-33.848858,151.19551,spring,1,0.0,33.8,Q1,SSE,147,1.9,158,9.9,109,8.0
2022-11-13,Sydney (ERA5 grid point),-33.848858,151.19551,spring,1,2.4,46.1,Q3,NNE,14,5.7,35,22.7,23,17.0
2022-11-14,Sydney (ERA5 grid point),-33.848858,151.19551,spring,1,1.1,65.2,Q4,WNW,303,8.6,268,31.2,277,22.6
2022-11-15,Sydney (ERA5 grid point),-33.848858,151.19551,spring,1,1.7,38.2,Q2,SSW,211,12.2,227,17.4,130,5.199999999999999
2022-11-16,Sydney (ERA5 grid point),-33.848858,151.19551,spring,0,1.5,48.2,Q3,SW,224,15.1,220,17.3,180,2.200000000000001
2022-11-17,Sydney (ERA5 grid point),-33.848858,151.19551,spring,0,0.0,44.6,Q3,SSW,200,14.6,200,19.4,158,4.799999999999999
2022-11-18,Sydney (ERA5 grid point),-33.848858,151.19551,spring,0,0.0,44.6,Q3,S,185,18.5,187,19.7,140,1.1999999999999993
2022-11-19,Sydney (ERA5 grid point),-33.848858,151.19551,spring,0,0.0,49.0,Q3,NNE,31,11.0,41,24.5,57,13.5
2022-11-20,Sydney (ERA5 grid point),-33.848858,151.19551,spring,0,0.0,64.4,Q4,WNW,290,27.9,281,31.5,275,3.6000000000000014
2022-11-21,Sydney (ERA5 grid point),-33.848858,151.19551,spring,0,0.0,73.4,Q4,WNW,288,24.6,275,34.2,278,9.600000000000001
2022-11-22,Sydney (ERA5 grid point),-33.848858,151.19551,spring,1,0.0,60.8,Q4,W,263,28.3,258,22.9,244,-5.400000000000002
2022-11-23,Sydney (ERA5 grid point),-33.848858,151.19551,spring,0,0.1,51.1,Q4,W,267,17.6,271,12.4,253,-5.200000000000001
2022-11-24,Sydney (ERA5 grid point),-33.848858,151.19551,spring,1,0.0,41.8,Q2,SE,134,7.9,219,18.9,108,10.999999999999998
2022-11-25,Sydney (ERA5 grid point),-33.848858,151.19551,spring,1,1.6,42.5,Q3,E,99,6.0,17,15.0,107,9.0
2022-11-26,Sydney (ERA5 grid point),-33.848858,151.19551,spring,1,0.1,41.8,Q2,SE,131,17.8,172,18.1,85,0.3000000000000007
2022-11-27,Sydney (ERA5 grid point),-33.848858,151.19551,spring,1,4.1,46.1,Q3,NE,37,6.1,40,19.4,47,13.299999999999999
2022-11-28,Sydney (ERA5 grid point),-33.848858,151.19551,spring,1,0.9,37.8,Q2,SSE,151,12.6,185,16.4,109,3.799999999999999
2022-11-29,Sydney (ERA5 grid point),-33.848858,151.19551,spring,0,0.3,52.9,Q4,SSE,159,14.7,239,26.4,141,11.7
2022-11-30,Sydney (ERA5 grid point),-33.848858,151.19551,spring,0,0.0,40.7,Q2,ENE,63,10.1,63,19.4,72,9.299999999999999
2022-12-1,Sydney (ERA5 grid point),-33.848858,151.19551,summer,1,0.0,36.4,Q2,ESE,110,15.8,111,14.6,106,-1.200000000000001
2022-12-2,Sydney (ERA5 grid point),-33.848858,151.19551,summer,1,0.4,39.6,Q2,SE,139,18.9,132,16.5,136,-2.3999999999999986
2022-12-3,Sydney (ERA5 grid point),-33.848858,151.19551,summer,1,1.2,38.2,Q2,ENE,72,10.2,157,15.5,72,5.300000000000001
2022-12-4,Sydney (ERA5 grid point),-33.848858,151.19551,summer,1,0.1,51.8,Q4,NE,37,10.3,61,24.1,52,13.8
2022-12-5,Sydney (ERA5 grid point),-33.848858,151.19551,summer,1,2.5,40.3,Q2,NNE,32,10.5,31,19.0,33,8.5
2022-12-6,Sydney (ERA5 grid point),-33.848858,151.19551,summer,0,0.5,43.9,Q3,SSE,167,19.2,174,19.3,147,0.10000000000000142
2022-12-7,Sydney (ERA5 grid point),-33.848858,151.19551,summer,1,0.0,42.8,Q3,NW,323,5.8,330,18.8,299,13.0
2022-12-8,Sydney (ERA5 grid point),-33.848858,151.19551,summer,1,1.2,52.6,Q4,SSW,192,20.5,170,22.1,156,1.6000000000000014
2022-12-9,Sydney (ERA5 grid point),-33.848858,151.19551,summer,1,0.1,40.3,Q2,SSE,164,15.5,176,18.5,143,3.0
2022-12-10,Sydney (ERA5 grid point),-33.848858,151.19551,summer,1,0.4,38.9,Q2,ESE,107,12.9,153,14.0,89,1.0999999999999996
2022-12-11,Sydney (ERA5 grid point),-33.848858,151.19551,summer,1,0.1,50.4,Q3,NNE,32,8.7,42,21.8,51,13.100000000000001
2022-12-12,Sydney (ERA5 grid point),-33.848858,151.19551,summer,0,1.5,68.4,Q4,NW,310,28.0,342,30.1,281,2.1000000000000014
2022-12-13,Sydney (ERA5 grid point),-33.848858,151.19551,summer,1,0.0,41.4,Q2,N,351,13.0,264,17.2,61,4.199999999999999
2022-12-14,Sydney (ERA5 grid point),-33.848858,151.19551,summer,1,0.1,54.7,Q4,WSW,245,22.3,249,27.0,243,4.699999999999999
2022-12-15,Sydney (ERA5 grid point),-33.848858,151.19551,summer,1,0.3,58.7,Q4,SSW,200,15.5,224,28.2,174,12.7
2022-12-16,Sydney (ERA5 grid point),-33.848858,151.19551,summer,1,0.6,56.2,Q4,SSW,193,21.4,200,28.5,184,7.100000000000001
2022-12-17,Sydney (ERA5 grid point),-33.848858,151.19551,summer,1,2.2,61.6,Q4,S,190,27.6,187,30.6,183,3.0
2022-12-18,Sydney (ERA5 grid point),-33.848858,151.19551,summer,1,5.1,62.3,Q4,S,188,22.8,186,29.5,178,6.699999999999999
2022-12-19,Sydney (ERA5 grid point),-33.848858,151.19551,summer,1,0.8,61.9,Q4,S,182,26.6,182,29.9,177,3.299999999999997
2022-12-20,Sydney (ERA5 grid point),-33.848858,151.19551,summer,1,0.2,47.9,Q3,S,175,19.8,178,21.3,161,1.5
2022-12-21,Sydney (ERA5 grid point),-33.848858,151.19551,summer,1,0.4,40.3,Q2,SE,129,13.4,172,16.8,99,3.4000000000000004
2022-12-22,Sydney (ERA5 grid point),-33.848858,151.19551,summer,0,0.6,34.9,Q2,NE,34,13.0,39,12.9,63,-0.09999999999999964
2022-12-23,Sydney (ERA5 grid point),-33.848858,151.19551,summer,0,0.0,36.0,Q2,ENE,75,3.6,276,15.4,111,11.8
2022-12-24,Sydney (ERA5 grid point),-33.848858,151.19551,summer,0,0.0,39.2,Q2,NE,52,0.8,153,18.7,52,17.9
2022-12-25,Sydney (ERA5 grid point),-33.848858,151.19551,summer,0,0.0,37.8,Q2,ESE,112,8.8,145,17.3,73,8.5
2022-12-26,Sydney (ERA5 grid point),-33.848858,151.19551,summer,0,0.0,45.0,Q3,NE,41,5.9,76,21.7,48,15.799999999999999
2022-12-27,Sydney (ERA5 grid point),-33.848858,151.19551,summer,0,0.0,40.7,Q2,NE,49,10.1,86,19.0,65,8.9
2022-12-28,Sydney (ERA5 grid point),-33.848858,151.19551,summer,1,0.0,56.5,Q4,NE,34,11.8,31,27.5,47,15.7
2022-12-29,Sydney (ERA5 grid point),-33.848858,151.19551,summer,1,0.3,50.0,Q3,S,170,23.8,176,16.3,166,-7.5
2022-12-30,Sydney (ERA5 grid point),-33.848858,151.19551,summer,1,5.9,38.2,Q2,E,92,8.5,78,18.0,91,9.5
